sa3_code,sa3_name,state,year,total_pop,pop_65_plus
10102,Queanbeyan,NSW,2019,62840.0,7815.0
10102,Queanbeyan,NSW,2020,63957.0,8186.0
10102,Queanbeyan,NSW,2021,64892.0,8500.0
10102,Queanbeyan,NSW,2022,65769.0,8723.0
10102,Queanbeyan,NSW,2023,66882.0,9020.0
10102,Queanbeyan,NSW,2024,68473.0,9399.0
10103,Snowy Mountains,NSW,2019,20273.0,3884.0
10103,Snowy Mountains,NSW,2020,20508.0,3995.0
10103,Snowy Mountains,NSW,2021,20720.0,4043.0
10103,Snowy Mountains,NSW,2022,20867.0,4201.0
10103,Snowy Mountains,NSW,2023,21165.0,4308.0
10103,Snowy Mountains,NSW,2024,21296.0,4432.0
10104,South Coast,NSW,2019,74501.0,21332.0
10104,South Coast,NSW,2020,75539.0,22319.0
10104,South Coast,NSW,2021,76437.0,23165.0
10104,South Coast,NSW,2022,76980.0,23883.0
10104,South Coast,NSW,2023,77442.0,24417.0
10104,South Coast,NSW,2024,78003.0,25219.0
10105,Goulburn - Mulwaree,NSW,2019,37725.0,7700.0
10105,Goulburn - Mulwaree,NSW,2020,38231.0,7992.0
10105,Goulburn - Mulwaree,NSW,2021,38484.0,8207.0
10105,Goulburn - Mulwaree,NSW,2022,38784.0,8378.0
10105,Goulburn - Mulwaree,NSW,2023,39134.0,8526.0
10105,Goulburn - Mulwaree,NSW,2024,39562.0,8766.0
10106,Young - Yass,NSW,2019,37562.0,7437.0
10106,Young - Yass,NSW,2020,37859.0,7694.0
10106,Young - Yass,NSW,2021,38085.0,7880.0
10106,Young - Yass,NSW,2022,38237.0,8038.0
10106,Young - Yass,NSW,2023,38446.0,8171.0
10106,Young - Yass,NSW,2024,38753.0,8351.0
10201,Gosford,NSW,2019,177962.0,38012.0
10201,Gosford,NSW,2020,179107.0,39132.0
10201,Gosford,NSW,2021,179150.0,40188.0
10201,Gosford,NSW,2022,178868.0,40874.0
10201,Gosford,NSW,2023,180280.0,41739.0
10201,Gosford,NSW,2024,181658.0,42508.0
10202,Wyong,NSW,2019,167733.0,33840.0
10202,Wyong,NSW,2020,168627.0,34715.0
10202,Wyong,NSW,2021,169343.0,35586.0
10202,Wyong,NSW,2022,170290.0,36062.0
10202,Wyong,NSW,2023,171620.0,36500.0
10202,Wyong,NSW,2024,173145.0,37172.0
10301,Bathurst,NSW,2019,48695.0,8451.0
10301,Bathurst,NSW,2020,48984.0,8856.0
10301,Bathurst,NSW,2021,49241.0,9195.0
10301,Bathurst,NSW,2022,49698.0,9392.0
10301,Bathurst,NSW,2023,50187.0,9647.0
10301,Bathurst,NSW,2024,50529.0,9921.0
10302,Lachlan Valley,NSW,2019,55717.0,12431.0
10302,Lachlan Valley,NSW,2020,55398.0,12641.0
10302,Lachlan Valley,NSW,2021,54907.0,12691.0
10302,Lachlan Valley,NSW,2022,54650.0,12804.0
10302,Lachlan Valley,NSW,2023,54427.0,12906.0
10302,Lachlan Valley,NSW,2024,54344.0,13079.0
10303,Lithgow - Mudgee,NSW,2019,48013.0,10022.0
10303,Lithgow - Mudgee,NSW,2020,48044.0,10292.0
10303,Lithgow - Mudgee,NSW,2021,47891.0,10505.0
10303,Lithgow - Mudgee,NSW,2022,47912.0,10766.0
10303,Lithgow - Mudgee,NSW,2023,47953.0,10929.0
10303,Lithgow - Mudgee,NSW,2024,48327.0,11224.0
10304,Orange,NSW,2019,60818.0,10422.0
10304,Orange,NSW,2020,61142.0,10720.0
10304,Orange,NSW,2021,61506.0,11061.0
10304,Orange,NSW,2022,61860.0,11374.0
10304,Orange,NSW,2023,62260.0,11582.0
10304,Orange,NSW,2024,62800.0,11827.0
10401,Clarence Valley,NSW,2019,52170.0,13536.0
10401,Clarence Valley,NSW,2020,52448.0,13910.0
10401,Clarence Valley,NSW,2021,53760.0,14394.0
10401,Clarence Valley,NSW,2022,54217.0,14759.0
10401,Clarence Valley,NSW,2023,54879.0,15163.0
10401,Clarence Valley,NSW,2024,55716.0,15712.0
10402,Coffs Harbour,NSW,2019,91290.0,19861.0
10402,Coffs Harbour,NSW,2020,92006.0,20593.0
10402,Coffs Harbour,NSW,2021,92436.0,21343.0
10402,Coffs Harbour,NSW,2022,93428.0,21927.0
10402,Coffs Harbour,NSW,2023,94153.0,22429.0
10402,Coffs Harbour,NSW,2024,94847.0,23082.0
10501,Bourke - Cobar - Coonamble,NSW,2019,23444.0,4163.0
10501,Bourke - Cobar - Coonamble,NSW,2020,22800.0,4180.0
10501,Bourke - Cobar - Coonamble,NSW,2021,22342.0,4197.0
10501,Bourke - Cobar - Coonamble,NSW,2022,22068.0,4266.0
10501,Bourke - Cobar - Coonamble,NSW,2023,22095.0,4357.0
10501,Bourke - Cobar - Coonamble,NSW,2024,22005.0,4452.0
10502,Broken Hill and Far West,NSW,2019,20253.0,4247.0
10502,Broken Hill and Far West,NSW,2020,20106.0,4324.0
10502,Broken Hill and Far West,NSW,2021,19992.0,4427.0
10502,Broken Hill and Far West,NSW,2022,19862.0,4481.0
10502,Broken Hill and Far West,NSW,2023,19935.0,4543.0
10502,Broken Hill and Far West,NSW,2024,19840.0,4641.0
10503,Dubbo,NSW,2019,73919.0,13389.0
10503,Dubbo,NSW,2020,74469.0,13722.0
10503,Dubbo,NSW,2021,74846.0,14017.0
10503,Dubbo,NSW,2022,75185.0,14373.0
10503,Dubbo,NSW,2023,75852.0,14627.0
10503,Dubbo,NSW,2024,76236.0,14933.0
10601,Lower Hunter,NSW,2019,94614.0,14829.0
10601,Lower Hunter,NSW,2020,96552.0,15441.0
10601,Lower Hunter,NSW,2021,98553.0,16093.0
10601,Lower Hunter,NSW,2022,100853.0,16684.0
10601,Lower Hunter,NSW,2023,102821.0,17280.0
10601,Lower Hunter,NSW,2024,105038.0,18048.0
10602,Maitland,NSW,2019,82095.0,11772.0
10602,Maitland,NSW,2020,84698.0,12409.0
10602,Maitland,NSW,2021,87389.0,13104.0
10602,Maitland,NSW,2022,90375.0,13767.0
10602,Maitland,NSW,2023,92716.0,14266.0
10602,Maitland,NSW,2024,94799.0,14808.0
10603,Port Stephens,NSW,2019,74922.0,18398.0
10603,Port Stephens,NSW,2020,75684.0,19338.0
10603,Port Stephens,NSW,2021,76403.0,20316.0
10603,Port Stephens,NSW,2022,77505.0,21123.0
10603,Port Stephens,NSW,2023,78426.0,21720.0
10603,Port Stephens,NSW,2024,79356.0,22569.0
10604,Upper Hunter,NSW,2019,30843.0,4892.0
10604,Upper Hunter,NSW,2020,30833.0,5106.0
10604,Upper Hunter,NSW,2021,30725.0,5292.0
10604,Upper Hunter,NSW,2022,30829.0,5510.0
10604,Upper Hunter,NSW,2023,31109.0,5642.0
10604,Upper Hunter,NSW,2024,31223.0,5830.0
10701,Dapto - Port Kembla,NSW,2019,79102.0,14526.0
10701,Dapto - Port Kembla,NSW,2020,79395.0,14855.0
10701,Dapto - Port Kembla,NSW,2021,79871.0,15095.0
10701,Dapto - Port Kembla,NSW,2022,80670.0,15371.0
10701,Dapto - Port Kembla,NSW,2023,81571.0,15539.0
10701,Dapto - Port Kembla,NSW,2024,82396.0,15798.0
10702,Illawarra Catchment Reserve,NSW,2019,5.0,2.0
10702,Illawarra Catchment Reserve,NSW,2020,5.0,0.0
10702,Illawarra Catchment Reserve,NSW,2021,5.0,0.0
10702,Illawarra Catchment Reserve,NSW,2022,5.0,0.0
10702,Illawarra Catchment Reserve,NSW,2023,5.0,0.0
10702,Illawarra Catchment Reserve,NSW,2024,5.0,0.0
10703,Kiama - Shellharbour,NSW,2019,95995.0,18188.0
10703,Kiama - Shellharbour,NSW,2020,97727.0,19002.0
10703,Kiama - Shellharbour,NSW,2021,99374.0,19790.0
10703,Kiama - Shellharbour,NSW,2022,101193.0,20506.0
10703,Kiama - Shellharbour,NSW,2023,102619.0,21125.0
10703,Kiama - Shellharbour,NSW,2024,104623.0,21893.0
10704,Wollongong,NSW,2019,135463.0,22678.0
10704,Wollongong,NSW,2020,135681.0,23268.0
10704,Wollongong,NSW,2021,134841.0,23828.0
10704,Wollongong,NSW,2022,135802.0,24266.0
10704,Wollongong,NSW,2023,137576.0,24650.0
10704,Wollongong,NSW,2024,139323.0,25158.0
10801,Great Lakes,NSW,2019,32815.0,10954.0
10801,Great Lakes,NSW,2020,32998.0,11306.0
10801,Great Lakes,NSW,2021,33203.0,11645.0
10801,Great Lakes,NSW,2022,33354.0,11891.0
10801,Great Lakes,NSW,2023,33565.0,12072.0
10801,Great Lakes,NSW,2024,33811.0,12395.0
10802,Kempsey - Nambucca,NSW,2019,50557.0,12929.0
10802,Kempsey - Nambucca,NSW,2020,50954.0,13414.0
10802,Kempsey - Nambucca,NSW,2021,51276.0,13863.0
10802,Kempsey - Nambucca,NSW,2022,51846.0,14268.0
10802,Kempsey - Nambucca,NSW,2023,52283.0,14662.0
10802,Kempsey - Nambucca,NSW,2024,52761.0,15069.0
10803,Lord Howe Island,NSW,2019,431.0,75.0
10803,Lord Howe Island,NSW,2020,438.0,86.0
10803,Lord Howe Island,NSW,2021,444.0,88.0
10803,Lord Howe Island,NSW,2022,450.0,90.0
10803,Lord Howe Island,NSW,2023,452.0,97.0
10803,Lord Howe Island,NSW,2024,448.0,97.0
10804,Port Macquarie,NSW,2019,84184.0,23017.0
10804,Port Macquarie,NSW,2020,85516.0,23901.0
10804,Port Macquarie,NSW,2021,86654.0,24774.0
10804,Port Macquarie,NSW,2022,88280.0,25469.0
10804,Port Macquarie,NSW,2023,89567.0,26053.0
10804,Port Macquarie,NSW,2024,90903.0,26813.0
10805,Taree - Gloucester,NSW,2019,56412.0,15460.0
10805,Taree - Gloucester,NSW,2020,57010.0,16079.0
10805,Taree - Gloucester,NSW,2021,57409.0,16681.0
10805,Taree - Gloucester,NSW,2022,57947.0,17176.0
10805,Taree - Gloucester,NSW,2023,58418.0,17733.0
10805,Taree - Gloucester,NSW,2024,58837.0,18169.0
10901,Albury,NSW,2019,65271.0,11989.0
10901,Albury,NSW,2020,66203.0,12475.0
10901,Albury,NSW,2021,66976.0,13013.0
10901,Albury,NSW,2022,67740.0,13393.0
10901,Albury,NSW,2023,68737.0,13782.0
10901,Albury,NSW,2024,69679.0,14292.0
10902,Lower Murray,NSW,2019,13003.0,2593.0
10902,Lower Murray,NSW,2020,13065.0,2664.0
10902,Lower Murray,NSW,2021,13093.0,2704.0
10902,Lower Murray,NSW,2022,13120.0,2850.0
10902,Lower Murray,NSW,2023,13193.0,2897.0
10902,Lower Murray,NSW,2024,13332.0,3013.0
10903,Upper Murray exc. Albury,NSW,2019,43025.0,11568.0
10903,Upper Murray exc. Albury,NSW,2020,43179.0,12008.0
10903,Upper Murray exc. Albury,NSW,2021,43313.0,12407.0
10903,Upper Murray exc. Albury,NSW,2022,43693.0,12850.0
10903,Upper Murray exc. Albury,NSW,2023,44074.0,13128.0
10903,Upper Murray exc. Albury,NSW,2024,44453.0,13489.0
11001,Armidale,NSW,2019,38305.0,7112.0
11001,Armidale,NSW,2020,38122.0,7320.0
11001,Armidale,NSW,2021,37766.0,7479.0
11001,Armidale,NSW,2022,37778.0,7600.0
11001,Armidale,NSW,2023,38018.0,7664.0
11001,Armidale,NSW,2024,38154.0,7798.0
11002,Inverell - Tenterfield,NSW,2019,39069.0,9580.0
11002,Inverell - Tenterfield,NSW,2020,38956.0,9894.0
11002,Inverell - Tenterfield,NSW,2021,38779.0,10087.0
11002,Inverell - Tenterfield,NSW,2022,38957.0,10355.0
11002,Inverell - Tenterfield,NSW,2023,39221.0,10620.0
11002,Inverell - Tenterfield,NSW,2024,39310.0,10886.0
11003,Moree - Narrabri,NSW,2019,25677.0,4165.0
11003,Moree - Narrabri,NSW,2020,25337.0,4218.0
11003,Moree - Narrabri,NSW,2021,25037.0,4258.0
11003,Moree - Narrabri,NSW,2022,24858.0,4425.0
11003,Moree - Narrabri,NSW,2023,24901.0,4509.0
11003,Moree - Narrabri,NSW,2024,24828.0,4615.0
11004,Tamworth - Gunnedah,NSW,2019,84883.0,16002.0
11004,Tamworth - Gunnedah,NSW,2020,85133.0,16383.0
11004,Tamworth - Gunnedah,NSW,2021,85390.0,16722.0
11004,Tamworth - Gunnedah,NSW,2022,86321.0,17157.0
11004,Tamworth - Gunnedah,NSW,2023,87164.0,17461.0
11004,Tamworth - Gunnedah,NSW,2024,87997.0,17858.0
11101,Lake Macquarie - East,NSW,2019,125342.0,25193.0
11101,Lake Macquarie - East,NSW,2020,126112.0,25916.0
11101,Lake Macquarie - East,NSW,2021,126606.0,26577.0
11101,Lake Macquarie - East,NSW,2022,127321.0,26995.0
11101,Lake Macquarie - East,NSW,2023,128399.0,27558.0
11101,Lake Macquarie - East,NSW,2024,129234.0,28081.0
11102,Lake Macquarie - West,NSW,2019,81814.0,17468.0
11102,Lake Macquarie - West,NSW,2020,83530.0,18235.0
11102,Lake Macquarie - West,NSW,2021,85113.0,18934.0
11102,Lake Macquarie - West,NSW,2022,86920.0,19371.0
11102,Lake Macquarie - West,NSW,2023,88416.0,19724.0
11102,Lake Macquarie - West,NSW,2024,90226.0,20111.0
11103,Newcastle,NSW,2019,176021.0,28412.0
11103,Newcastle,NSW,2020,178080.0,29387.0
11103,Newcastle,NSW,2021,179587.0,30407.0
11103,Newcastle,NSW,2022,182078.0,30846.0
11103,Newcastle,NSW,2023,185040.0,31277.0
11103,Newcastle,NSW,2024,187897.0,31958.0
11201,Richmond Valley - Coastal,NSW,2019,85266.0,18764.0
11201,Richmond Valley - Coastal,NSW,2020,86666.0,19533.0
11201,Richmond Valley - Coastal,NSW,2021,87664.0,20161.0
11201,Richmond Valley - Coastal,NSW,2022,88799.0,20724.0
11201,Richmond Valley - Coastal,NSW,2023,89922.0,21272.0
11201,Richmond Valley - Coastal,NSW,2024,91379.0,21921.0
11202,Richmond Valley - Hinterland,NSW,2019,71792.0,14663.0
11202,Richmond Valley - Hinterland,NSW,2020,71925.0,15186.0
11202,Richmond Valley - Hinterland,NSW,2021,71940.0,15701.0
11202,Richmond Valley - Hinterland,NSW,2022,71990.0,15937.0
11202,Richmond Valley - Hinterland,NSW,2023,71549.0,16265.0
11202,Richmond Valley - Hinterland,NSW,2024,71639.0,16704.0
11203,Tweed Valley,NSW,2019,96068.0,23994.0
11203,Tweed Valley,NSW,2020,96857.0,24674.0
11203,Tweed Valley,NSW,2021,97216.0,25364.0
11203,Tweed Valley,NSW,2022,97966.0,25929.0
11203,Tweed Valley,NSW,2023,98963.0,26335.0
11203,Tweed Valley,NSW,2024,99793.0,26951.0
11301,Griffith - Murrumbidgee (West),NSW,2019,49987.0,8322.0
11301,Griffith - Murrumbidgee (West),NSW,2020,50056.0,8455.0
11301,Griffith - Murrumbidgee (West),NSW,2021,49883.0,8565.0
11301,Griffith - Murrumbidgee (West),NSW,2022,49607.0,8733.0
11301,Griffith - Murrumbidgee (West),NSW,2023,49649.0,8835.0
11301,Griffith - Murrumbidgee (West),NSW,2024,49946.0,9103.0
11302,Tumut - Tumbarumba,NSW,2019,14854.0,3253.0
11302,Tumut - Tumbarumba,NSW,2020,14924.0,3347.0
11302,Tumut - Tumbarumba,NSW,2021,14933.0,3399.0
11302,Tumut - Tumbarumba,NSW,2022,14945.0,3489.0
11302,Tumut - Tumbarumba,NSW,2023,14947.0,3596.0
11302,Tumut - Tumbarumba,NSW,2024,14971.0,3676.0
11303,Wagga Wagga,NSW,2019,98012.0,17422.0
11303,Wagga Wagga,NSW,2020,98914.0,18042.0
11303,Wagga Wagga,NSW,2021,99471.0,18621.0
11303,Wagga Wagga,NSW,2022,100028.0,19068.0
11303,Wagga Wagga,NSW,2023,100611.0,19541.0
11303,Wagga Wagga,NSW,2024,100935.0,20093.0
11401,Shoalhaven,NSW,2019,105598.0,27675.0
11401,Shoalhaven,NSW,2020,107054.0,28611.0
11401,Shoalhaven,NSW,2021,108349.0,29620.0
11401,Shoalhaven,NSW,2022,109363.0,30265.0
11401,Shoalhaven,NSW,2023,109639.0,30798.0
11401,Shoalhaven,NSW,2024,110537.0,31663.0
11402,Southern Highlands,NSW,2019,51267.0,13344.0
11402,Southern Highlands,NSW,2020,51986.0,13878.0
11402,Southern Highlands,NSW,2021,52459.0,14324.0
11402,Southern Highlands,NSW,2022,52800.0,14675.0
11402,Southern Highlands,NSW,2023,53123.0,14884.0
11402,Southern Highlands,NSW,2024,53517.0,15109.0
11501,Baulkham Hills,NSW,2019,154880.0,24948.0
11501,Baulkham Hills,NSW,2020,155746.0,26095.0
11501,Baulkham Hills,NSW,2021,155277.0,26984.0
11501,Baulkham Hills,NSW,2022,155374.0,27653.0
11501,Baulkham Hills,NSW,2023,158091.0,28336.0
11501,Baulkham Hills,NSW,2024,159856.0,29062.0
11502,Dural - Wisemans Ferry,NSW,2019,27943.0,5245.0
11502,Dural - Wisemans Ferry,NSW,2020,28043.0,5438.0
11502,Dural - Wisemans Ferry,NSW,2021,28034.0,5672.0
11502,Dural - Wisemans Ferry,NSW,2022,28008.0,5802.0
11502,Dural - Wisemans Ferry,NSW,2023,28226.0,5938.0
11502,Dural - Wisemans Ferry,NSW,2024,28423.0,6028.0
11503,Hawkesbury,NSW,2019,25249.0,3740.0
11503,Hawkesbury,NSW,2020,25227.0,3833.0
11503,Hawkesbury,NSW,2021,25154.0,3951.0
11503,Hawkesbury,NSW,2022,25130.0,4095.0
11503,Hawkesbury,NSW,2023,25175.0,4295.0
11503,Hawkesbury,NSW,2024,25243.0,4445.0
11504,Rouse Hill - McGraths Hill,NSW,2019,45383.0,3935.0
11504,Rouse Hill - McGraths Hill,NSW,2020,50984.0,4427.0
11504,Rouse Hill - McGraths Hill,NSW,2021,56966.0,4985.0
11504,Rouse Hill - McGraths Hill,NSW,2022,62992.0,5480.0
11504,Rouse Hill - McGraths Hill,NSW,2023,68565.0,6162.0
11504,Rouse Hill - McGraths Hill,NSW,2024,74414.0,6775.0
11601,Blacktown,NSW,2019,144781.0,18433.0
11601,Blacktown,NSW,2020,144932.0,19045.0
11601,Blacktown,NSW,2021,143598.0,19429.0
11601,Blacktown,NSW,2022,143628.0,19873.0
11601,Blacktown,NSW,2023,145853.0,20411.0
11601,Blacktown,NSW,2024,147185.0,20969.0
11602,Blacktown - North,NSW,2019,120628.0,8572.0
11602,Blacktown - North,NSW,2020,132894.0,9491.0
11602,Blacktown - North,NSW,2021,143785.0,10380.0
11602,Blacktown - North,NSW,2022,155305.0,11150.0
11602,Blacktown - North,NSW,2023,166901.0,12075.0
11602,Blacktown - North,NSW,2024,176444.0,13047.0
11603,Mount Druitt,NSW,2019,118503.0,12601.0
11603,Mount Druitt,NSW,2020,118049.0,13064.0
11603,Mount Druitt,NSW,2021,116792.0,13420.0
11603,Mount Druitt,NSW,2022,116243.0,13668.0
11603,Mount Druitt,NSW,2023,117656.0,14114.0
11603,Mount Druitt,NSW,2024,118825.0,14627.0
11701,Botany,NSW,2019,55423.0,6596.0
11701,Botany,NSW,2020,57666.0,6822.0
11701,Botany,NSW,2021,59245.0,6988.0
11701,Botany,NSW,2022,60892.0,7132.0
11701,Botany,NSW,2023,61984.0,7353.0
11701,Botany,NSW,2024,62328.0,7479.0
11702,Marrickville - Sydenham - Petersham,NSW,2019,57398.0,6910.0
11702,Marrickville - Sydenham - Petersham,NSW,2020,56787.0,7033.0
11702,Marrickville - Sydenham - Petersham,NSW,2021,55133.0,6922.0
11702,Marrickville - Sydenham - Petersham,NSW,2022,54913.0,6933.0
11702,Marrickville - Sydenham - Petersham,NSW,2023,56327.0,6956.0
11702,Marrickville - Sydenham - Petersham,NSW,2024,57207.0,7042.0
11703,Sydney Inner City,NSW,2019,236516.0,20522.0
11703,Sydney Inner City,NSW,2020,234080.0,20957.0
11703,Sydney Inner City,NSW,2021,220973.0,20501.0
11703,Sydney Inner City,NSW,2022,224514.0,20982.0
11703,Sydney Inner City,NSW,2023,237897.0,21545.0
11703,Sydney Inner City,NSW,2024,243970.0,22052.0
11801,Eastern Suburbs - North,NSW,2019,134820.0,20797.0
11801,Eastern Suburbs - North,NSW,2020,133183.0,20991.0
11801,Eastern Suburbs - North,NSW,2021,128419.0,20487.0
11801,Eastern Suburbs - North,NSW,2022,127943.0,20441.0
11801,Eastern Suburbs - North,NSW,2023,131322.0,20521.0
11801,Eastern Suburbs - North,NSW,2024,133328.0,20799.0
11802,Eastern Suburbs - South,NSW,2019,145279.0,20404.0
11802,Eastern Suburbs - South,NSW,2020,142490.0,20758.0
11802,Eastern Suburbs - South,NSW,2021,135210.0,20619.0
11802,Eastern Suburbs - South,NSW,2022,135741.0,20513.0
11802,Eastern Suburbs - South,NSW,2023,141819.0,20618.0
11802,Eastern Suburbs - South,NSW,2024,144589.0,20797.0
11901,Bankstown,NSW,2019,186353.0,26062.0
11901,Bankstown,NSW,2020,187781.0,26808.0
11901,Bankstown,NSW,2021,186879.0,27336.0
11901,Bankstown,NSW,2022,187191.0,27722.0
11901,Bankstown,NSW,2023,190315.0,28407.0
11901,Bankstown,NSW,2024,193256.0,29160.0
11902,Canterbury,NSW,2019,144897.0,19733.0
11902,Canterbury,NSW,2020,144515.0,20353.0
11902,Canterbury,NSW,2021,141730.0,20536.0
11902,Canterbury,NSW,2022,141126.0,20826.0
11902,Canterbury,NSW,2023,144815.0,21325.0
11902,Canterbury,NSW,2024,146381.0,21800.0
11903,Hurstville,NSW,2019,135513.0,21833.0
11903,Hurstville,NSW,2020,134870.0,22561.0
11903,Hurstville,NSW,2021,132318.0,23050.0
11903,Hurstville,NSW,2022,132345.0,23601.0
11903,Hurstville,NSW,2023,136244.0,24331.0
11903,Hurstville,NSW,2024,138899.0,24832.0
11904,Kogarah - Rockdale,NSW,2019,148950.0,22583.0
11904,Kogarah - Rockdale,NSW,2020,148954.0,23130.0
11904,Kogarah - Rockdale,NSW,2021,146589.0,23310.0
11904,Kogarah - Rockdale,NSW,2022,147048.0,23448.0
11904,Kogarah - Rockdale,NSW,2023,151949.0,23667.0
11904,Kogarah - Rockdale,NSW,2024,155571.0,24180.0
12001,Canada Bay,NSW,2019,89889.0,14093.0
12001,Canada Bay,NSW,2020,89181.0,14511.0
12001,Canada Bay,NSW,2021,87181.0,14729.0
12001,Canada Bay,NSW,2022,86738.0,14930.0
12001,Canada Bay,NSW,2023,88729.0,15313.0
12001,Canada Bay,NSW,2024,89946.0,15746.0
12002,Leichhardt,NSW,2019,59033.0,7750.0
12002,Leichhardt,NSW,2020,58518.0,7992.0
12002,Leichhardt,NSW,2021,56653.0,8047.0
12002,Leichhardt,NSW,2022,56277.0,8113.0
12002,Leichhardt,NSW,2023,57417.0,8261.0
12002,Leichhardt,NSW,2024,58273.0,8597.0
12003,Strathfield - Burwood - Ashfield,NSW,2019,165477.0,21771.0
12003,Strathfield - Burwood - Ashfield,NSW,2020,165638.0,22442.0
12003,Strathfield - Burwood - Ashfield,NSW,2021,162611.0,22792.0
12003,Strathfield - Burwood - Ashfield,NSW,2022,163127.0,23131.0
12003,Strathfield - Burwood - Ashfield,NSW,2023,168612.0,23363.0
12003,Strathfield - Burwood - Ashfield,NSW,2024,172236.0,23868.0
12101,Chatswood - Lane Cove,NSW,2019,120918.0,17062.0
12101,Chatswood - Lane Cove,NSW,2020,121009.0,17621.0
12101,Chatswood - Lane Cove,NSW,2021,118072.0,17624.0
12101,Chatswood - Lane Cove,NSW,2022,118130.0,17789.0
12101,Chatswood - Lane Cove,NSW,2023,121928.0,18201.0
12101,Chatswood - Lane Cove,NSW,2024,124750.0,18720.0
12102,Hornsby,NSW,2019,87762.0,12715.0
12102,Hornsby,NSW,2020,88651.0,13257.0
12102,Hornsby,NSW,2021,87691.0,13546.0
12102,Hornsby,NSW,2022,87903.0,13841.0
12102,Hornsby,NSW,2023,89638.0,14215.0
12102,Hornsby,NSW,2024,90755.0,14592.0
12103,Ku-ring-gai,NSW,2019,126682.0,22797.0
12103,Ku-ring-gai,NSW,2020,126760.0,23371.0
12103,Ku-ring-gai,NSW,2021,124990.0,23752.0
12103,Ku-ring-gai,NSW,2022,124500.0,23899.0
12103,Ku-ring-gai,NSW,2023,127328.0,24435.0
12103,Ku-ring-gai,NSW,2024,128989.0,24800.0
12104,North Sydney - Mosman,NSW,2019,99766.0,16873.0
12104,North Sydney - Mosman,NSW,2020,98479.0,17292.0
12104,North Sydney - Mosman,NSW,2021,95419.0,17366.0
12104,North Sydney - Mosman,NSW,2022,94887.0,17775.0
12104,North Sydney - Mosman,NSW,2023,98494.0,18295.0
12104,North Sydney - Mosman,NSW,2024,99529.0,18670.0
12201,Manly,NSW,2019,44889.0,6863.0
12201,Manly,NSW,2020,44638.0,6998.0
12201,Manly,NSW,2021,43590.0,6698.0
12201,Manly,NSW,2022,43342.0,6758.0
12201,Manly,NSW,2023,44483.0,6943.0
12201,Manly,NSW,2024,45173.0,7087.0
12202,Pittwater,NSW,2019,64066.0,13256.0
12202,Pittwater,NSW,2020,64024.0,13708.0
12202,Pittwater,NSW,2021,63581.0,14002.0
12202,Pittwater,NSW,2022,63221.0,14193.0
12202,Pittwater,NSW,2023,64000.0,14490.0
12202,Pittwater,NSW,2024,64366.0,14895.0
12203,Warringah,NSW,2019,159980.0,25969.0
12203,Warringah,NSW,2020,159502.0,26339.0
12203,Warringah,NSW,2021,157396.0,26416.0
12203,Warringah,NSW,2022,156777.0,26467.0
12203,Warringah,NSW,2023,159416.0,26912.0
12203,Warringah,NSW,2024,161233.0,27236.0
12301,Camden,NSW,2019,71013.0,7686.0
12301,Camden,NSW,2020,72657.0,8036.0
12301,Camden,NSW,2021,73973.0,8458.0
12301,Camden,NSW,2022,74972.0,8738.0
12301,Camden,NSW,2023,76325.0,9058.0
12301,Camden,NSW,2024,77749.0,9414.0
12302,Campbelltown (NSW),NSW,2019,173644.0,21307.0
12302,Campbelltown (NSW),NSW,2020,177092.0,22424.0
12302,Campbelltown (NSW),NSW,2021,179152.0,23255.0
12302,Campbelltown (NSW),NSW,2022,181889.0,23924.0
12302,Campbelltown (NSW),NSW,2023,186339.0,24909.0
12302,Campbelltown (NSW),NSW,2024,189943.0,25790.0
12303,Wollondilly,NSW,2019,44913.0,6560.0
12303,Wollondilly,NSW,2020,45563.0,6866.0
12303,Wollondilly,NSW,2021,46026.0,7176.0
12303,Wollondilly,NSW,2022,47307.0,7407.0
12303,Wollondilly,NSW,2023,48613.0,7670.0
12303,Wollondilly,NSW,2024,50473.0,8079.0
12401,Blue Mountains,NSW,2019,78894.0,16320.0
12401,Blue Mountains,NSW,2020,78855.0,16866.0
12401,Blue Mountains,NSW,2021,78199.0,17190.0
12401,Blue Mountains,NSW,2022,77768.0,17473.0
12401,Blue Mountains,NSW,2023,78297.0,17932.0
12401,Blue Mountains,NSW,2024,78604.0,18347.0
12402,Blue Mountains - South,NSW,2019,6.0,3.0
12402,Blue Mountains - South,NSW,2020,6.0,3.0
12402,Blue Mountains - South,NSW,2021,7.0,4.0
12402,Blue Mountains - South,NSW,2022,7.0,4.0
12402,Blue Mountains - South,NSW,2023,7.0,4.0
12402,Blue Mountains - South,NSW,2024,7.0,4.0
12403,Penrith,NSW,2019,154621.0,18555.0
12403,Penrith,NSW,2020,157885.0,19385.0
12403,Penrith,NSW,2021,160496.0,20197.0
12403,Penrith,NSW,2022,162639.0,20886.0
12403,Penrith,NSW,2023,165892.0,21636.0
12403,Penrith,NSW,2024,169142.0,22519.0
12404,Richmond - Windsor,NSW,2019,37985.0,5718.0
12404,Richmond - Windsor,NSW,2020,38208.0,6001.0
12404,Richmond - Windsor,NSW,2021,38270.0,6244.0
12404,Richmond - Windsor,NSW,2022,38351.0,6330.0
12404,Richmond - Windsor,NSW,2023,38881.0,6460.0
12404,Richmond - Windsor,NSW,2024,39434.0,6596.0
12405,St Marys,NSW,2019,56895.0,6530.0
12405,St Marys,NSW,2020,57169.0,6834.0
12405,St Marys,NSW,2021,57150.0,7065.0
12405,St Marys,NSW,2022,57366.0,7315.0
12405,St Marys,NSW,2023,58029.0,7669.0
12405,St Marys,NSW,2024,59138.0,8003.0
12501,Auburn,NSW,2019,104051.0,9169.0
12501,Auburn,NSW,2020,105284.0,9630.0
12501,Auburn,NSW,2021,104476.0,10011.0
12501,Auburn,NSW,2022,105477.0,10358.0
12501,Auburn,NSW,2023,109672.0,11033.0
12501,Auburn,NSW,2024,113554.0,11715.0
12502,Carlingford,NSW,2019,74111.0,10639.0
12502,Carlingford,NSW,2020,74749.0,10907.0
12502,Carlingford,NSW,2021,74358.0,11125.0
12502,Carlingford,NSW,2022,74980.0,11473.0
12502,Carlingford,NSW,2023,76868.0,11969.0
12502,Carlingford,NSW,2024,78354.0,12266.0
12503,Merrylands - Guildford,NSW,2019,165573.0,20413.0
12503,Merrylands - Guildford,NSW,2020,166282.0,20977.0
12503,Merrylands - Guildford,NSW,2021,164798.0,21305.0
12503,Merrylands - Guildford,NSW,2022,165216.0,21682.0
12503,Merrylands - Guildford,NSW,2023,169045.0,22144.0
12503,Merrylands - Guildford,NSW,2024,172650.0,22930.0
12504,Parramatta,NSW,2019,156666.0,18074.0
12504,Parramatta,NSW,2020,156903.0,18251.0
12504,Parramatta,NSW,2021,153321.0,17866.0
12504,Parramatta,NSW,2022,153118.0,18130.0
12504,Parramatta,NSW,2023,159191.0,18643.0
12504,Parramatta,NSW,2024,162662.0,19086.0
12601,Pennant Hills - Epping,NSW,2019,54395.0,8182.0
12601,Pennant Hills - Epping,NSW,2020,55185.0,8523.0
12601,Pennant Hills - Epping,NSW,2021,55057.0,8778.0
12601,Pennant Hills - Epping,NSW,2022,55373.0,8968.0
12601,Pennant Hills - Epping,NSW,2023,56627.0,9227.0
12601,Pennant Hills - Epping,NSW,2024,57379.0,9464.0
12602,Ryde - Hunters Hill,NSW,2019,148841.0,22166.0
12602,Ryde - Hunters Hill,NSW,2020,149951.0,22741.0
12602,Ryde - Hunters Hill,NSW,2021,147944.0,23026.0
12602,Ryde - Hunters Hill,NSW,2022,149636.0,23403.0
12602,Ryde - Hunters Hill,NSW,2023,154428.0,23988.0
12602,Ryde - Hunters Hill,NSW,2024,158204.0,24519.0
12701,Bringelly - Green Valley,NSW,2019,128426.0,11633.0
12701,Bringelly - Green Valley,NSW,2020,135845.0,12575.0
12701,Bringelly - Green Valley,NSW,2021,143807.0,13633.0
12701,Bringelly - Green Valley,NSW,2022,152878.0,14443.0
12701,Bringelly - Green Valley,NSW,2023,161912.0,15403.0
12701,Bringelly - Green Valley,NSW,2024,170887.0,16461.0
12702,Fairfield,NSW,2019,198933.0,29457.0
12702,Fairfield,NSW,2020,198451.0,30935.0
12702,Fairfield,NSW,2021,195725.0,32187.0
12702,Fairfield,NSW,2022,193442.0,33042.0
12702,Fairfield,NSW,2023,196113.0,34207.0
12702,Fairfield,NSW,2024,198113.0,35541.0
12703,Liverpool,NSW,2019,132602.0,14573.0
12703,Liverpool,NSW,2020,135354.0,15264.0
12703,Liverpool,NSW,2021,136871.0,15827.0
12703,Liverpool,NSW,2022,139624.0,16424.0
12703,Liverpool,NSW,2023,143950.0,17122.0
12703,Liverpool,NSW,2024,147623.0,17922.0
12801,Cronulla - Miranda - Caringbah,NSW,2019,116654.0,21602.0
12801,Cronulla - Miranda - Caringbah,NSW,2020,117585.0,22290.0
12801,Cronulla - Miranda - Caringbah,NSW,2021,118252.0,23101.0
12801,Cronulla - Miranda - Caringbah,NSW,2022,119113.0,23542.0
12801,Cronulla - Miranda - Caringbah,NSW,2023,121280.0,24234.0
12801,Cronulla - Miranda - Caringbah,NSW,2024,123132.0,24905.0
12802,Sutherland - Menai - Heathcote,NSW,2019,111940.0,18030.0
12802,Sutherland - Menai - Heathcote,NSW,2020,112170.0,18707.0
12802,Sutherland - Menai - Heathcote,NSW,2021,112140.0,19372.0
12802,Sutherland - Menai - Heathcote,NSW,2022,112185.0,19684.0
12802,Sutherland - Menai - Heathcote,NSW,2023,113142.0,20052.0
12802,Sutherland - Menai - Heathcote,NSW,2024,114213.0,20535.0
20101,Ballarat,VIC,2019,112082.0,19252.0
20101,Ballarat,VIC,2020,114014.0,20146.0
20101,Ballarat,VIC,2021,115935.0,21156.0
20101,Ballarat,VIC,2022,118484.0,21857.0
20101,Ballarat,VIC,2023,120649.0,22441.0
20101,Ballarat,VIC,2024,123562.0,23245.0
20102,Creswick - Daylesford - Ballan,VIC,2019,30012.0,6551.0
20102,Creswick - Daylesford - Ballan,VIC,2020,30473.0,6881.0
20102,Creswick - Daylesford - Ballan,VIC,2021,30788.0,7123.0
20102,Creswick - Daylesford - Ballan,VIC,2022,30892.0,7356.0
20102,Creswick - Daylesford - Ballan,VIC,2023,31115.0,7642.0
20102,Creswick - Daylesford - Ballan,VIC,2024,31498.0,7975.0
20103,Maryborough - Pyrenees,VIC,2019,26305.0,6743.0
20103,Maryborough - Pyrenees,VIC,2020,26396.0,6975.0
20103,Maryborough - Pyrenees,VIC,2021,26588.0,7229.0
20103,Maryborough - Pyrenees,VIC,2022,26785.0,7451.0
20103,Maryborough - Pyrenees,VIC,2023,27038.0,7618.0
20103,Maryborough - Pyrenees,VIC,2024,27400.0,7886.0
20201,Bendigo,VIC,2019,100711.0,18130.0
20201,Bendigo,VIC,2020,102023.0,18893.0
20201,Bendigo,VIC,2021,102940.0,19735.0
20201,Bendigo,VIC,2022,103871.0,20217.0
20201,Bendigo,VIC,2023,104871.0,20676.0
20201,Bendigo,VIC,2024,106022.0,21268.0
20202,Heathcote - Castlemaine - Kyneton,VIC,2019,50533.0,11283.0
20202,Heathcote - Castlemaine - Kyneton,VIC,2020,51394.0,11936.0
20202,Heathcote - Castlemaine - Kyneton,VIC,2021,52185.0,12518.0
20202,Heathcote - Castlemaine - Kyneton,VIC,2022,52930.0,13214.0
20202,Heathcote - Castlemaine - Kyneton,VIC,2023,53575.0,13643.0
20202,Heathcote - Castlemaine - Kyneton,VIC,2024,54077.0,14107.0
20203,Loddon - Elmore,VIC,2019,11876.0,2829.0
20203,Loddon - Elmore,VIC,2020,11989.0,2948.0
20203,Loddon - Elmore,VIC,2021,12141.0,3062.0
20203,Loddon - Elmore,VIC,2022,12296.0,3172.0
20203,Loddon - Elmore,VIC,2023,12409.0,3278.0
20203,Loddon - Elmore,VIC,2024,12655.0,3440.0
20301,Barwon - West,VIC,2019,21066.0,3012.0
20301,Barwon - West,VIC,2020,21740.0,3213.0
20301,Barwon - West,VIC,2021,22397.0,3418.0
20301,Barwon - West,VIC,2022,22879.0,3544.0
20301,Barwon - West,VIC,2023,23386.0,3679.0
20301,Barwon - West,VIC,2024,24016.0,3895.0
20302,Geelong,VIC,2019,206410.0,35013.0
20302,Geelong,VIC,2020,209724.0,36073.0
20302,Geelong,VIC,2021,212023.0,37356.0
20302,Geelong,VIC,2022,215372.0,38269.0
20302,Geelong,VIC,2023,219243.0,39097.0
20302,Geelong,VIC,2024,223939.0,39996.0
20303,Surf Coast - Bellarine Peninsula,VIC,2019,84745.0,18499.0
20303,Surf Coast - Bellarine Peninsula,VIC,2020,88864.0,20069.0
20303,Surf Coast - Bellarine Peninsula,VIC,2021,93195.0,21965.0
20303,Surf Coast - Bellarine Peninsula,VIC,2022,96432.0,23369.0
20303,Surf Coast - Bellarine Peninsula,VIC,2023,99279.0,24542.0
20303,Surf Coast - Bellarine Peninsula,VIC,2024,101887.0,25728.0
20401,Upper Goulburn Valley,VIC,2019,57672.0,13235.0
20401,Upper Goulburn Valley,VIC,2020,58690.0,13903.0
20401,Upper Goulburn Valley,VIC,2021,59693.0,14547.0
20401,Upper Goulburn Valley,VIC,2022,60437.0,15159.0
20401,Upper Goulburn Valley,VIC,2023,61224.0,15643.0
20401,Upper Goulburn Valley,VIC,2024,62249.0,16102.0
20402,Wangaratta - Benalla,VIC,2019,47759.0,11401.0
20402,Wangaratta - Benalla,VIC,2020,47998.0,11793.0
20402,Wangaratta - Benalla,VIC,2021,48279.0,12247.0
20402,Wangaratta - Benalla,VIC,2022,48512.0,12544.0
20402,Wangaratta - Benalla,VIC,2023,48723.0,12790.0
20402,Wangaratta - Benalla,VIC,2024,49047.0,13118.0
20403,Wodonga - Alpine,VIC,2019,74460.0,14055.0
20403,Wodonga - Alpine,VIC,2020,75434.0,14801.0
20403,Wodonga - Alpine,VIC,2021,76236.0,15523.0
20403,Wodonga - Alpine,VIC,2022,76926.0,16049.0
20403,Wodonga - Alpine,VIC,2023,77679.0,16512.0
20403,Wodonga - Alpine,VIC,2024,78341.0,17101.0
20501,Baw Baw,VIC,2019,54198.0,10864.0
20501,Baw Baw,VIC,2020,55902.0,11410.0
20501,Baw Baw,VIC,2021,57761.0,12090.0
20501,Baw Baw,VIC,2022,59414.0,12639.0
20501,Baw Baw,VIC,2023,60766.0,13100.0
20501,Baw Baw,VIC,2024,62040.0,13587.0
20502,Gippsland - East,VIC,2019,47567.0,13647.0
20502,Gippsland - East,VIC,2020,47982.0,14118.0
20502,Gippsland - East,VIC,2021,48588.0,14712.0
20502,Gippsland - East,VIC,2022,49060.0,15115.0
20502,Gippsland - East,VIC,2023,49303.0,15531.0
20502,Gippsland - East,VIC,2024,49539.0,15960.0
20503,Gippsland - South West,VIC,2019,67524.0,17549.0
20503,Gippsland - South West,VIC,2020,69392.0,18558.0
20503,Gippsland - South West,VIC,2021,71238.0,19703.0
20503,Gippsland - South West,VIC,2022,72693.0,20673.0
20503,Gippsland - South West,VIC,2023,73723.0,21377.0
20503,Gippsland - South West,VIC,2024,74753.0,22227.0
20504,Latrobe Valley,VIC,2019,75968.0,14535.0
20504,Latrobe Valley,VIC,2020,76558.0,15121.0
20504,Latrobe Valley,VIC,2021,76967.0,15840.0
20504,Latrobe Valley,VIC,2022,77560.0,16280.0
20504,Latrobe Valley,VIC,2023,77996.0,16649.0
20504,Latrobe Valley,VIC,2024,78686.0,17063.0
20505,Wellington,VIC,2019,44573.0,9291.0
20505,Wellington,VIC,2020,44997.0,9738.0
20505,Wellington,VIC,2021,45358.0,10240.0
20505,Wellington,VIC,2022,45697.0,10584.0
20505,Wellington,VIC,2023,45993.0,10926.0
20505,Wellington,VIC,2024,46416.0,11390.0
20601,Brunswick - Coburg,VIC,2019,94712.0,10585.0
20601,Brunswick - Coburg,VIC,2020,95057.0,10769.0
20601,Brunswick - Coburg,VIC,2021,91068.0,10849.0
20601,Brunswick - Coburg,VIC,2022,92141.0,10874.0
20601,Brunswick - Coburg,VIC,2023,96029.0,11133.0
20601,Brunswick - Coburg,VIC,2024,99537.0,11370.0
20602,Darebin - South,VIC,2019,56231.0,6874.0
20602,Darebin - South,VIC,2020,56399.0,7034.0
20602,Darebin - South,VIC,2021,53875.0,7024.0
20602,Darebin - South,VIC,2022,53981.0,7161.0
20602,Darebin - South,VIC,2023,55408.0,7264.0
20602,Darebin - South,VIC,2024,56543.0,7439.0
20603,Essendon,VIC,2019,71999.0,9307.0
20603,Essendon,VIC,2020,72376.0,9650.0
20603,Essendon,VIC,2021,69421.0,9748.0
20603,Essendon,VIC,2022,69463.0,10037.0
20603,Essendon,VIC,2023,72019.0,10462.0
20603,Essendon,VIC,2024,74369.0,10944.0
20604,Melbourne City,VIC,2019,168936.0,10893.0
20604,Melbourne City,VIC,2020,170568.0,11321.0
20604,Melbourne City,VIC,2021,153091.0,10915.0
20604,Melbourne City,VIC,2022,160314.0,11064.0
20604,Melbourne City,VIC,2023,177770.0,11368.0
20604,Melbourne City,VIC,2024,189379.0,11878.0
20605,Port Phillip,VIC,2019,111798.0,13612.0
20605,Port Phillip,VIC,2020,110595.0,13962.0
20605,Port Phillip,VIC,2021,103458.0,13631.0
20605,Port Phillip,VIC,2022,104111.0,13922.0
20605,Port Phillip,VIC,2023,109601.0,14562.0
20605,Port Phillip,VIC,2024,112672.0,15177.0
20606,Stonnington - West,VIC,2019,69109.0,10275.0
20606,Stonnington - West,VIC,2020,68074.0,10323.0
20606,Stonnington - West,VIC,2021,63519.0,10014.0
20606,Stonnington - West,VIC,2022,63550.0,10030.0
20606,Stonnington - West,VIC,2023,66877.0,10250.0
20606,Stonnington - West,VIC,2024,68620.0,10459.0
20607,Yarra,VIC,2019,97471.0,10444.0
20607,Yarra,VIC,2020,97615.0,10843.0
20607,Yarra,VIC,2021,92481.0,10674.0
20607,Yarra,VIC,2022,93345.0,10782.0
20607,Yarra,VIC,2023,98489.0,11152.0
20607,Yarra,VIC,2024,101733.0,11521.0
20701,Boroondara,VIC,2019,179663.0,29997.0
20701,Boroondara,VIC,2020,177875.0,30683.0
20701,Boroondara,VIC,2021,169789.0,30335.0
20701,Boroondara,VIC,2022,169632.0,30708.0
20701,Boroondara,VIC,2023,174633.0,31410.0
20701,Boroondara,VIC,2024,178008.0,32084.0
20702,Manningham - West,VIC,2019,99631.0,21359.0
20702,Manningham - West,VIC,2020,100990.0,21919.0
20702,Manningham - West,VIC,2021,99303.0,22151.0
20702,Manningham - West,VIC,2022,100139.0,22355.0
20702,Manningham - West,VIC,2023,102959.0,22682.0
20702,Manningham - West,VIC,2024,104807.0,22934.0
20703,Whitehorse - West,VIC,2019,111676.0,18299.0
20703,Whitehorse - West,VIC,2020,112582.0,18822.0
20703,Whitehorse - West,VIC,2021,108426.0,18703.0
20703,Whitehorse - West,VIC,2022,109860.0,18897.0
20703,Whitehorse - West,VIC,2023,114874.0,19363.0
20703,Whitehorse - West,VIC,2024,118702.0,19845.0
20801,Bayside,VIC,2019,105128.0,21065.0
20801,Bayside,VIC,2020,105018.0,21583.0
20801,Bayside,VIC,2021,102328.0,21252.0
20801,Bayside,VIC,2022,102241.0,21696.0
20801,Bayside,VIC,2023,104307.0,22170.0
20801,Bayside,VIC,2024,106118.0,22811.0
20802,Glen Eira,VIC,2019,161863.0,24040.0
20802,Glen Eira,VIC,2020,162613.0,24744.0
20802,Glen Eira,VIC,2021,158280.0,25032.0
20802,Glen Eira,VIC,2022,159488.0,25385.0
20802,Glen Eira,VIC,2023,164832.0,25961.0
20802,Glen Eira,VIC,2024,169145.0,26617.0
20803,Kingston,VIC,2019,126094.0,20980.0
20803,Kingston,VIC,2020,126174.0,21520.0
20803,Kingston,VIC,2021,123786.0,21834.0
20803,Kingston,VIC,2022,124101.0,22266.0
20803,Kingston,VIC,2023,126641.0,22777.0
20803,Kingston,VIC,2024,128877.0,23419.0
20804,Stonnington - East,VIC,2019,44691.0,7438.0
20804,Stonnington - East,VIC,2020,44536.0,7694.0
20804,Stonnington - East,VIC,2021,42671.0,7661.0
20804,Stonnington - East,VIC,2022,42974.0,7708.0
20804,Stonnington - East,VIC,2023,44539.0,7885.0
20804,Stonnington - East,VIC,2024,45418.0,8002.0
20901,Banyule,VIC,2019,130607.0,22840.0
20901,Banyule,VIC,2020,130294.0,23305.0
20901,Banyule,VIC,2021,127370.0,23419.0
20901,Banyule,VIC,2022,127427.0,23779.0
20901,Banyule,VIC,2023,129607.0,24124.0
20901,Banyule,VIC,2024,131931.0,24705.0
20902,Darebin - North,VIC,2019,101067.0,14745.0
20902,Darebin - North,VIC,2020,100657.0,14978.0
20902,Darebin - North,VIC,2021,96421.0,14617.0
20902,Darebin - North,VIC,2022,96624.0,14585.0
20902,Darebin - North,VIC,2023,100305.0,14761.0
20902,Darebin - North,VIC,2024,103420.0,14902.0
20903,Nillumbik - Kinglake,VIC,2019,68617.0,9923.0
20903,Nillumbik - Kinglake,VIC,2020,68494.0,10477.0
20903,Nillumbik - Kinglake,VIC,2021,67687.0,10821.0
20903,Nillumbik - Kinglake,VIC,2022,67375.0,11341.0
20903,Nillumbik - Kinglake,VIC,2023,67611.0,11828.0
20903,Nillumbik - Kinglake,VIC,2024,68092.0,12277.0
20904,Whittlesea - Wallan,VIC,2019,246162.0,28277.0
20904,Whittlesea - Wallan,VIC,2020,252583.0,29817.0
20904,Whittlesea - Wallan,VIC,2021,254784.0,31080.0
20904,Whittlesea - Wallan,VIC,2022,261823.0,32268.0
20904,Whittlesea - Wallan,VIC,2023,271309.0,33539.0
20904,Whittlesea - Wallan,VIC,2024,281619.0,35118.0
21001,Keilor,VIC,2019,63359.0,12924.0
21001,Keilor,VIC,2020,63187.0,13055.0
21001,Keilor,VIC,2021,62124.0,13134.0
21001,Keilor,VIC,2022,62196.0,13143.0
21001,Keilor,VIC,2023,63041.0,13274.0
21001,Keilor,VIC,2024,64063.0,13444.0
21002,Macedon Ranges,VIC,2019,32374.0,5059.0
21002,Macedon Ranges,VIC,2020,32835.0,5270.0
21002,Macedon Ranges,VIC,2021,33213.0,5489.0
21002,Macedon Ranges,VIC,2022,33666.0,5684.0
21002,Macedon Ranges,VIC,2023,34317.0,5957.0
21002,Macedon Ranges,VIC,2024,35115.0,6261.0
21003,Moreland - North,VIC,2019,83689.0,11976.0
21003,Moreland - North,VIC,2020,84021.0,11924.0
21003,Moreland - North,VIC,2021,81472.0,11614.0
21003,Moreland - North,VIC,2022,81792.0,11443.0
21003,Moreland - North,VIC,2023,84252.0,11334.0
21003,Moreland - North,VIC,2024,85970.0,11395.0
21004,Sunbury,VIC,2019,43905.0,5814.0
21004,Sunbury,VIC,2020,45102.0,6079.0
21004,Sunbury,VIC,2021,45464.0,6363.0
21004,Sunbury,VIC,2022,46317.0,6658.0
21004,Sunbury,VIC,2023,48087.0,6958.0
21004,Sunbury,VIC,2024,50000.0,7266.0
21005,Tullamarine - Broadmeadows,VIC,2019,195222.0,18154.0
21005,Tullamarine - Broadmeadows,VIC,2020,203189.0,19311.0
21005,Tullamarine - Broadmeadows,VIC,2021,206755.0,20187.0
21005,Tullamarine - Broadmeadows,VIC,2022,212702.0,21035.0
21005,Tullamarine - Broadmeadows,VIC,2023,221090.0,21943.0
21005,Tullamarine - Broadmeadows,VIC,2024,228673.0,23007.0
21101,Knox,VIC,2019,163349.0,26329.0
21101,Knox,VIC,2020,163282.0,27333.0
21101,Knox,VIC,2021,160520.0,28013.0
21101,Knox,VIC,2022,159590.0,28681.0
21101,Knox,VIC,2023,161808.0,29387.0
21101,Knox,VIC,2024,163339.0,30065.0
21102,Manningham - East,VIC,2019,27328.0,5107.0
21102,Manningham - East,VIC,2020,27072.0,5224.0
21102,Manningham - East,VIC,2021,26591.0,5293.0
21102,Manningham - East,VIC,2022,26495.0,5367.0
21102,Manningham - East,VIC,2023,26655.0,5510.0
21102,Manningham - East,VIC,2024,27016.0,5661.0
21103,Maroondah,VIC,2019,117503.0,18997.0
21103,Maroondah,VIC,2020,117825.0,19559.0
21103,Maroondah,VIC,2021,115610.0,19821.0
21103,Maroondah,VIC,2022,115294.0,20087.0
21103,Maroondah,VIC,2023,116967.0,20528.0
21103,Maroondah,VIC,2024,118885.0,21060.0
21104,Whitehorse - East,VIC,2019,64972.0,12057.0
21104,Whitehorse - East,VIC,2020,65005.0,12357.0
21104,Whitehorse - East,VIC,2021,63435.0,12400.0
21104,Whitehorse - East,VIC,2022,63525.0,12463.0
21104,Whitehorse - East,VIC,2023,64612.0,12619.0
21104,Whitehorse - East,VIC,2024,65543.0,12798.0
21105,Yarra Ranges,VIC,2019,157926.0,25364.0
21105,Yarra Ranges,VIC,2020,158057.0,26236.0
21105,Yarra Ranges,VIC,2021,156602.0,26981.0
21105,Yarra Ranges,VIC,2022,156643.0,27746.0
21105,Yarra Ranges,VIC,2023,157846.0,28549.0
21105,Yarra Ranges,VIC,2024,159320.0,29387.0
21201,Cardinia,VIC,2019,112155.0,13040.0
21201,Cardinia,VIC,2020,116662.0,13858.0
21201,Cardinia,VIC,2021,119721.0,14639.0
21201,Cardinia,VIC,2022,123343.0,15297.0
21201,Cardinia,VIC,2023,127090.0,16034.0
21201,Cardinia,VIC,2024,130536.0,16656.0
21202,Casey - North,VIC,2019,140938.0,18391.0
21202,Casey - North,VIC,2020,141036.0,19041.0
21202,Casey - North,VIC,2021,138661.0,19453.0
21202,Casey - North,VIC,2022,138933.0,19870.0
21202,Casey - North,VIC,2023,141806.0,20583.0
21202,Casey - North,VIC,2024,144349.0,21370.0
21203,Casey - South,VIC,2019,211068.0,16977.0
21203,Casey - South,VIC,2020,222934.0,18137.0
21203,Casey - South,VIC,2021,230897.0,19353.0
21203,Casey - South,VIC,2022,240171.0,20486.0
21203,Casey - South,VIC,2023,250254.0,21918.0
21203,Casey - South,VIC,2024,261066.0,23456.0
21204,Dandenong,VIC,2019,203380.0,31275.0
21204,Dandenong,VIC,2020,202670.0,32047.0
21204,Dandenong,VIC,2021,195868.0,31715.0
21204,Dandenong,VIC,2022,195300.0,32184.0
21204,Dandenong,VIC,2023,200919.0,32885.0
21204,Dandenong,VIC,2024,204942.0,33736.0
21205,Monash,VIC,2019,191835.0,32828.0
21205,Monash,VIC,2020,192834.0,33603.0
21205,Monash,VIC,2021,185251.0,33382.0
21205,Monash,VIC,2022,187417.0,33238.0
21205,Monash,VIC,2023,195752.0,33410.0
21205,Monash,VIC,2024,201180.0,33569.0
21301,Brimbank,VIC,2019,197821.0,27915.0
21301,Brimbank,VIC,2020,195438.0,28948.0
21301,Brimbank,VIC,2021,188038.0,29108.0
21301,Brimbank,VIC,2022,184854.0,29836.0
21301,Brimbank,VIC,2023,187500.0,30686.0
21301,Brimbank,VIC,2024,189454.0,31568.0
21302,Hobsons Bay,VIC,2019,90716.0,13716.0
21302,Hobsons Bay,VIC,2020,90097.0,14021.0
21302,Hobsons Bay,VIC,2021,87456.0,14076.0
21302,Hobsons Bay,VIC,2022,87166.0,14351.0
21302,Hobsons Bay,VIC,2023,88934.0,14704.0
21302,Hobsons Bay,VIC,2024,90765.0,15125.0
21303,Maribyrnong,VIC,2019,89460.0,8671.0
21303,Maribyrnong,VIC,2020,89418.0,8972.0
21303,Maribyrnong,VIC,2021,86385.0,9143.0
21303,Maribyrnong,VIC,2022,87605.0,9298.0
21303,Maribyrnong,VIC,2023,91776.0,9627.0
21303,Maribyrnong,VIC,2024,94251.0,10003.0
21304,Melton - Bacchus Marsh,VIC,2019,185135.0,17228.0
21304,Melton - Bacchus Marsh,VIC,2020,193178.0,18358.0
21304,Melton - Bacchus Marsh,VIC,2021,201101.0,19510.0
21304,Melton - Bacchus Marsh,VIC,2022,213073.0,20478.0
21304,Melton - Bacchus Marsh,VIC,2023,225632.0,21678.0
21304,Melton - Bacchus Marsh,VIC,2024,239306.0,22960.0
21305,Wyndham,VIC,2019,278303.0,20201.0
21305,Wyndham,VIC,2020,292388.0,21494.0
21305,Wyndham,VIC,2021,301133.0,22398.0
21305,Wyndham,VIC,2022,314096.0,23512.0
21305,Wyndham,VIC,2023,328867.0,24918.0
21305,Wyndham,VIC,2024,341877.0,26311.0
21401,Frankston,VIC,2019,141970.0,21809.0
21401,Frankston,VIC,2020,142191.0,22377.0
21401,Frankston,VIC,2021,140824.0,22854.0
21401,Frankston,VIC,2022,141161.0,23222.0
21401,Frankston,VIC,2023,142808.0,23754.0
21401,Frankston,VIC,2024,144615.0,24235.0
21402,Mornington Peninsula,VIC,2019,168594.0,42271.0
21402,Mornington Peninsula,VIC,2020,170186.0,43911.0
21402,Mornington Peninsula,VIC,2021,170440.0,45527.0
21402,Mornington Peninsula,VIC,2022,169733.0,46434.0
21402,Mornington Peninsula,VIC,2023,170245.0,47347.0
21402,Mornington Peninsula,VIC,2024,171450.0,48518.0
21501,Grampians,VIC,2019,59880.0,13940.0
21501,Grampians,VIC,2020,60232.0,14297.0
21501,Grampians,VIC,2021,60060.0,14614.0
21501,Grampians,VIC,2022,59794.0,14802.0
21501,Grampians,VIC,2023,59569.0,15025.0
21501,Grampians,VIC,2024,59413.0,15308.0
21502,Mildura,VIC,2019,56764.0,10453.0
21502,Mildura,VIC,2020,57335.0,10776.0
21502,Mildura,VIC,2021,56966.0,10875.0
21502,Mildura,VIC,2022,57250.0,11071.0
21502,Mildura,VIC,2023,57553.0,11377.0
21502,Mildura,VIC,2024,57626.0,11666.0
21503,Murray River - Swan Hill,VIC,2019,38135.0,8558.0
21503,Murray River - Swan Hill,VIC,2020,38230.0,8779.0
21503,Murray River - Swan Hill,VIC,2021,38128.0,8922.0
21503,Murray River - Swan Hill,VIC,2022,37893.0,9068.0
21503,Murray River - Swan Hill,VIC,2023,37668.0,9202.0
21503,Murray River - Swan Hill,VIC,2024,37454.0,9315.0
21601,Campaspe,VIC,2019,38282.0,8780.0
21601,Campaspe,VIC,2020,38536.0,9056.0
21601,Campaspe,VIC,2021,38714.0,9380.0
21601,Campaspe,VIC,2022,38718.0,9607.0
21601,Campaspe,VIC,2023,38457.0,9705.0
21601,Campaspe,VIC,2024,38317.0,9931.0
21602,Moira,VIC,2019,30099.0,7696.0
21602,Moira,VIC,2020,30298.0,7949.0
21602,Moira,VIC,2021,30367.0,8197.0
21602,Moira,VIC,2022,30584.0,8372.0
21602,Moira,VIC,2023,30771.0,8608.0
21602,Moira,VIC,2024,30836.0,8818.0
21603,Shepparton,VIC,2019,67535.0,11864.0
21603,Shepparton,VIC,2020,68274.0,12278.0
21603,Shepparton,VIC,2021,68325.0,12721.0
21603,Shepparton,VIC,2022,68775.0,13092.0
21603,Shepparton,VIC,2023,68948.0,13388.0
21603,Shepparton,VIC,2024,69684.0,13820.0
21701,Glenelg - Southern Grampians,VIC,2019,36430.0,8519.0
21701,Glenelg - Southern Grampians,VIC,2020,36618.0,8891.0
21701,Glenelg - Southern Grampians,VIC,2021,36607.0,9267.0
21701,Glenelg - Southern Grampians,VIC,2022,36504.0,9493.0
21701,Glenelg - Southern Grampians,VIC,2023,36539.0,9695.0
21701,Glenelg - Southern Grampians,VIC,2024,36591.0,9986.0
21703,Colac - Corangamite,VIC,2019,38171.0,8525.0
21703,Colac - Corangamite,VIC,2020,38342.0,8856.0
21703,Colac - Corangamite,VIC,2021,38299.0,9122.0
21703,Colac - Corangamite,VIC,2022,38159.0,9296.0
21703,Colac - Corangamite,VIC,2023,38180.0,9522.0
21703,Colac - Corangamite,VIC,2024,38110.0,9786.0
21704,Warrnambool,VIC,2019,52091.0,10073.0
21704,Warrnambool,VIC,2020,52504.0,10539.0
21704,Warrnambool,VIC,2021,52725.0,11039.0
21704,Warrnambool,VIC,2022,53053.0,11349.0
21704,Warrnambool,VIC,2023,53516.0,11594.0
21704,Warrnambool,VIC,2024,53856.0,11967.0
30101,Capalaba,QLD,2019,75325.0,12235.0
30101,Capalaba,QLD,2020,75037.0,12802.0
30101,Capalaba,QLD,2021,74516.0,13211.0
30101,Capalaba,QLD,2022,74712.0,13596.0
30101,Capalaba,QLD,2023,75708.0,13891.0
30101,Capalaba,QLD,2024,76556.0,14360.0
30102,Cleveland - Stradbroke,QLD,2019,91347.0,19209.0
30102,Cleveland - Stradbroke,QLD,2020,93047.0,20151.0
30102,Cleveland - Stradbroke,QLD,2021,94836.0,21216.0
30102,Cleveland - Stradbroke,QLD,2022,96702.0,22057.0
30102,Cleveland - Stradbroke,QLD,2023,98920.0,22983.0
30102,Cleveland - Stradbroke,QLD,2024,101572.0,24030.0
30103,Wynnum - Manly,QLD,2019,73264.0,10539.0
30103,Wynnum - Manly,QLD,2020,74031.0,10841.0
30103,Wynnum - Manly,QLD,2021,74093.0,11141.0
30103,Wynnum - Manly,QLD,2022,74593.0,11456.0
30103,Wynnum - Manly,QLD,2023,75567.0,11663.0
30103,Wynnum - Manly,QLD,2024,76920.0,12001.0
30201,Bald Hills - Everton Park,QLD,2019,45149.0,7191.0
30201,Bald Hills - Everton Park,QLD,2020,46057.0,7322.0
30201,Bald Hills - Everton Park,QLD,2021,46713.0,7478.0
30201,Bald Hills - Everton Park,QLD,2022,47712.0,7597.0
30201,Bald Hills - Everton Park,QLD,2023,48849.0,7725.0
30201,Bald Hills - Everton Park,QLD,2024,49958.0,7834.0
30202,Chermside,QLD,2019,74587.0,11460.0
30202,Chermside,QLD,2020,75318.0,11691.0
30202,Chermside,QLD,2021,75363.0,11850.0
30202,Chermside,QLD,2022,76171.0,12021.0
30202,Chermside,QLD,2023,77531.0,12050.0
30202,Chermside,QLD,2024,79106.0,12215.0
30203,Nundah,QLD,2019,42732.0,5378.0
30203,Nundah,QLD,2020,43261.0,5492.0
30203,Nundah,QLD,2021,43628.0,5624.0
30203,Nundah,QLD,2022,44468.0,5781.0
30203,Nundah,QLD,2023,45561.0,5962.0
30203,Nundah,QLD,2024,46663.0,6094.0
30204,Sandgate,QLD,2019,62094.0,9900.0
30204,Sandgate,QLD,2020,62264.0,10179.0
30204,Sandgate,QLD,2021,62078.0,10401.0
30204,Sandgate,QLD,2022,62468.0,10521.0
30204,Sandgate,QLD,2023,63679.0,10724.0
30204,Sandgate,QLD,2024,64927.0,11020.0
30301,Carindale,QLD,2019,54419.0,7549.0
30301,Carindale,QLD,2020,54944.0,7762.0
30301,Carindale,QLD,2021,55098.0,7888.0
30301,Carindale,QLD,2022,55656.0,8094.0
30301,Carindale,QLD,2023,57005.0,8239.0
30301,Carindale,QLD,2024,58034.0,8633.0
30302,Holland Park - Yeronga,QLD,2019,79675.0,8732.0
30302,Holland Park - Yeronga,QLD,2020,80852.0,9060.0
30302,Holland Park - Yeronga,QLD,2021,80735.0,9247.0
30302,Holland Park - Yeronga,QLD,2022,81962.0,9416.0
30302,Holland Park - Yeronga,QLD,2023,84058.0,9617.0
30302,Holland Park - Yeronga,QLD,2024,85824.0,9679.0
30303,Mt Gravatt,QLD,2019,78934.0,10644.0
30303,Mt Gravatt,QLD,2020,80396.0,10940.0
30303,Mt Gravatt,QLD,2021,80648.0,10990.0
30303,Mt Gravatt,QLD,2022,82028.0,11198.0
30303,Mt Gravatt,QLD,2023,84411.0,11422.0
30303,Mt Gravatt,QLD,2024,86540.0,11624.0
30304,Nathan,QLD,2019,40945.0,5117.0
30304,Nathan,QLD,2020,40894.0,5152.0
30304,Nathan,QLD,2021,40480.0,5136.0
30304,Nathan,QLD,2022,40852.0,5222.0
30304,Nathan,QLD,2023,42109.0,5330.0
30304,Nathan,QLD,2024,43252.0,5429.0
30305,Rocklea - Acacia Ridge,QLD,2019,65934.0,7009.0
30305,Rocklea - Acacia Ridge,QLD,2020,67616.0,7421.0
30305,Rocklea - Acacia Ridge,QLD,2021,69112.0,7762.0
30305,Rocklea - Acacia Ridge,QLD,2022,71667.0,7991.0
30305,Rocklea - Acacia Ridge,QLD,2023,74958.0,8293.0
30305,Rocklea - Acacia Ridge,QLD,2024,77485.0,8570.0
30306,Sunnybank,QLD,2019,52467.0,7125.0
30306,Sunnybank,QLD,2020,52177.0,7312.0
30306,Sunnybank,QLD,2021,51086.0,7371.0
30306,Sunnybank,QLD,2022,51414.0,7532.0
30306,Sunnybank,QLD,2023,53213.0,7659.0
30306,Sunnybank,QLD,2024,54686.0,7830.0
30401,Centenary,QLD,2019,33769.0,5519.0
30401,Centenary,QLD,2020,33732.0,5728.0
30401,Centenary,QLD,2021,33397.0,5951.0
30401,Centenary,QLD,2022,33284.0,6123.0
30401,Centenary,QLD,2023,33615.0,6243.0
30401,Centenary,QLD,2024,33928.0,6416.0
30402,Kenmore - Brookfield - Moggill,QLD,2019,48416.0,8019.0
30402,Kenmore - Brookfield - Moggill,QLD,2020,48624.0,8209.0
30402,Kenmore - Brookfield - Moggill,QLD,2021,48311.0,8422.0
30402,Kenmore - Brookfield - Moggill,QLD,2022,48587.0,8487.0
30402,Kenmore - Brookfield - Moggill,QLD,2023,49354.0,8515.0
30402,Kenmore - Brookfield - Moggill,QLD,2024,50031.0,8555.0
30403,Sherwood - Indooroopilly,QLD,2019,56176.0,6807.0
30403,Sherwood - Indooroopilly,QLD,2020,56589.0,7130.0
30403,Sherwood - Indooroopilly,QLD,2021,55195.0,7249.0
30403,Sherwood - Indooroopilly,QLD,2022,56088.0,7525.0
30403,Sherwood - Indooroopilly,QLD,2023,58899.0,7771.0
30403,Sherwood - Indooroopilly,QLD,2024,60753.0,8037.0
30404,The Gap - Enoggera,QLD,2019,54267.0,7700.0
30404,The Gap - Enoggera,QLD,2020,54771.0,7858.0
30404,The Gap - Enoggera,QLD,2021,55021.0,8032.0
30404,The Gap - Enoggera,QLD,2022,55435.0,8078.0
30404,The Gap - Enoggera,QLD,2023,56777.0,8155.0
30404,The Gap - Enoggera,QLD,2024,57852.0,8284.0
30501,Brisbane Inner,QLD,2019,84652.0,8069.0
30501,Brisbane Inner,QLD,2020,88864.0,8571.0
30501,Brisbane Inner,QLD,2021,89393.0,8745.0
30501,Brisbane Inner,QLD,2022,93740.0,9154.0
30501,Brisbane Inner,QLD,2023,99944.0,9504.0
30501,Brisbane Inner,QLD,2024,104824.0,9915.0
30502,Brisbane Inner - East,QLD,2019,44822.0,4069.0
30502,Brisbane Inner - East,QLD,2020,45336.0,4247.0
30502,Brisbane Inner - East,QLD,2021,45079.0,4326.0
30502,Brisbane Inner - East,QLD,2022,45757.0,4513.0
30502,Brisbane Inner - East,QLD,2023,47193.0,4703.0
30502,Brisbane Inner - East,QLD,2024,48286.0,4883.0
30503,Brisbane Inner - North,QLD,2019,99726.0,10250.0
30503,Brisbane Inner - North,QLD,2020,101835.0,10652.0
30503,Brisbane Inner - North,QLD,2021,101823.0,10891.0
30503,Brisbane Inner - North,QLD,2022,104120.0,11352.0
30503,Brisbane Inner - North,QLD,2023,108240.0,11799.0
30503,Brisbane Inner - North,QLD,2024,111024.0,12223.0
30504,Brisbane Inner - West,QLD,2019,61895.0,6141.0
30504,Brisbane Inner - West,QLD,2020,62215.0,6393.0
30504,Brisbane Inner - West,QLD,2021,61361.0,6439.0
30504,Brisbane Inner - West,QLD,2022,62102.0,6620.0
30504,Brisbane Inner - West,QLD,2023,64473.0,6837.0
30504,Brisbane Inner - West,QLD,2024,65676.0,7012.0
30601,Cairns - North,QLD,2019,57291.0,7564.0
30601,Cairns - North,QLD,2020,58114.0,8144.0
30601,Cairns - North,QLD,2021,58571.0,8688.0
30601,Cairns - North,QLD,2022,59912.0,9294.0
30601,Cairns - North,QLD,2023,61525.0,9887.0
30601,Cairns - North,QLD,2024,62644.0,10408.0
30602,Cairns - South,QLD,2019,106253.0,14634.0
30602,Cairns - South,QLD,2020,106932.0,15308.0
30602,Cairns - South,QLD,2021,106973.0,15839.0
30602,Cairns - South,QLD,2022,108335.0,16481.0
30602,Cairns - South,QLD,2023,110135.0,17093.0
30602,Cairns - South,QLD,2024,111695.0,17632.0
30603,Innisfail - Cassowary Coast,QLD,2019,35790.0,7067.0
30603,Innisfail - Cassowary Coast,QLD,2020,35878.0,7345.0
30603,Innisfail - Cassowary Coast,QLD,2021,35814.0,7608.0
30603,Innisfail - Cassowary Coast,QLD,2022,35962.0,7947.0
30603,Innisfail - Cassowary Coast,QLD,2023,36348.0,8257.0
30603,Innisfail - Cassowary Coast,QLD,2024,36814.0,8561.0
30604,Port Douglas - Daintree,QLD,2019,12229.0,2237.0
30604,Port Douglas - Daintree,QLD,2020,12287.0,2367.0
30604,Port Douglas - Daintree,QLD,2021,12356.0,2510.0
30604,Port Douglas - Daintree,QLD,2022,12571.0,2623.0
30604,Port Douglas - Daintree,QLD,2023,12736.0,2704.0
30604,Port Douglas - Daintree,QLD,2024,12974.0,2826.0
30605,Tablelands (East) - Kuranda,QLD,2019,42576.0,9661.0
30605,Tablelands (East) - Kuranda,QLD,2020,43051.0,9995.0
30605,Tablelands (East) - Kuranda,QLD,2021,43351.0,10405.0
30605,Tablelands (East) - Kuranda,QLD,2022,43884.0,10806.0
30605,Tablelands (East) - Kuranda,QLD,2023,44620.0,11090.0
30605,Tablelands (East) - Kuranda,QLD,2024,45272.0,11509.0
30701,Darling Downs (West) - Maranoa,QLD,2019,44757.0,7296.0
30701,Darling Downs (West) - Maranoa,QLD,2020,44780.0,7433.0
30701,Darling Downs (West) - Maranoa,QLD,2021,44716.0,7577.0
30701,Darling Downs (West) - Maranoa,QLD,2022,44956.0,7790.0
30701,Darling Downs (West) - Maranoa,QLD,2023,45329.0,8010.0
30701,Darling Downs (West) - Maranoa,QLD,2024,45687.0,8357.0
30702,Darling Downs - East,QLD,2019,43375.0,8219.0
30702,Darling Downs - East,QLD,2020,43377.0,8482.0
30702,Darling Downs - East,QLD,2021,43418.0,8744.0
30702,Darling Downs - East,QLD,2022,43694.0,9032.0
30702,Darling Downs - East,QLD,2023,44291.0,9265.0
30702,Darling Downs - East,QLD,2024,44607.0,9524.0
30703,Granite Belt,QLD,2019,41455.0,9920.0
30703,Granite Belt,QLD,2020,41626.0,10271.0
30703,Granite Belt,QLD,2021,41902.0,10691.0
30703,Granite Belt,QLD,2022,42342.0,11026.0
30703,Granite Belt,QLD,2023,42854.0,11390.0
30703,Granite Belt,QLD,2024,43323.0,11731.0
30801,Central Highlands (Qld),QLD,2019,29579.0,2479.0
30801,Central Highlands (Qld),QLD,2020,29544.0,2581.0
30801,Central Highlands (Qld),QLD,2021,29338.0,2689.0
30801,Central Highlands (Qld),QLD,2022,29589.0,2881.0
30801,Central Highlands (Qld),QLD,2023,30050.0,3049.0
30801,Central Highlands (Qld),QLD,2024,30434.0,3224.0
30803,Rockhampton,QLD,2019,120390.0,19681.0
30803,Rockhampton,QLD,2020,121558.0,20411.0
30803,Rockhampton,QLD,2021,122759.0,21231.0
30803,Rockhampton,QLD,2022,124497.0,22157.0
30803,Rockhampton,QLD,2023,126409.0,22961.0
30803,Rockhampton,QLD,2024,128183.0,23759.0
30804,Biloela,QLD,2019,14581.0,2157.0
30804,Biloela,QLD,2020,14587.0,2225.0
30804,Biloela,QLD,2021,14657.0,2297.0
30804,Biloela,QLD,2022,14778.0,2346.0
30804,Biloela,QLD,2023,14917.0,2425.0
30804,Biloela,QLD,2024,15053.0,2510.0
30805,Gladstone,QLD,2019,63495.0,7489.0
30805,Gladstone,QLD,2020,63890.0,8019.0
30805,Gladstone,QLD,2021,64275.0,8614.0
30805,Gladstone,QLD,2022,65302.0,9192.0
30805,Gladstone,QLD,2023,66829.0,9774.0
30805,Gladstone,QLD,2024,68065.0,10359.0
30901,Broadbeach - Burleigh,QLD,2019,66176.0,12423.0
30901,Broadbeach - Burleigh,QLD,2020,67085.0,12763.0
30901,Broadbeach - Burleigh,QLD,2021,67242.0,12954.0
30901,Broadbeach - Burleigh,QLD,2022,68468.0,13234.0
30901,Broadbeach - Burleigh,QLD,2023,70531.0,13469.0
30901,Broadbeach - Burleigh,QLD,2024,72394.0,13926.0
30902,Coolangatta,QLD,2019,57167.0,11117.0
30902,Coolangatta,QLD,2020,57987.0,11359.0
30902,Coolangatta,QLD,2021,58186.0,11554.0
30902,Coolangatta,QLD,2022,58828.0,11736.0
30902,Coolangatta,QLD,2023,60296.0,11893.0
30902,Coolangatta,QLD,2024,61846.0,12049.0
30903,Gold Coast - North,QLD,2019,69739.0,17100.0
30903,Gold Coast - North,QLD,2020,70100.0,17633.0
30903,Gold Coast - North,QLD,2021,70091.0,18218.0
30903,Gold Coast - North,QLD,2022,70883.0,18662.0
30903,Gold Coast - North,QLD,2023,72324.0,18954.0
30903,Gold Coast - North,QLD,2024,73375.0,19211.0
30904,Gold Coast Hinterland,QLD,2019,19912.0,3764.0
30904,Gold Coast Hinterland,QLD,2020,20156.0,3914.0
30904,Gold Coast Hinterland,QLD,2021,20347.0,4106.0
30904,Gold Coast Hinterland,QLD,2022,20644.0,4270.0
30904,Gold Coast Hinterland,QLD,2023,20965.0,4429.0
30904,Gold Coast Hinterland,QLD,2024,21266.0,4591.0
30905,Mudgeeraba - Tallebudgera,QLD,2019,35796.0,4863.0
30905,Mudgeeraba - Tallebudgera,QLD,2020,36168.0,5012.0
30905,Mudgeeraba - Tallebudgera,QLD,2021,36504.0,5141.0
30905,Mudgeeraba - Tallebudgera,QLD,2022,36927.0,5259.0
30905,Mudgeeraba - Tallebudgera,QLD,2023,37480.0,5429.0
30905,Mudgeeraba - Tallebudgera,QLD,2024,38104.0,5593.0
30906,Nerang,QLD,2019,70681.0,10705.0
30906,Nerang,QLD,2020,70786.0,11007.0
30906,Nerang,QLD,2021,70687.0,11310.0
30906,Nerang,QLD,2022,71173.0,11766.0
30906,Nerang,QLD,2023,72372.0,12095.0
30906,Nerang,QLD,2024,73356.0,12507.0
30907,Ormeau - Oxenford,QLD,2019,147617.0,15981.0
30907,Ormeau - Oxenford,QLD,2020,154661.0,17193.0
30907,Ormeau - Oxenford,QLD,2021,160692.0,18426.0
30907,Ormeau - Oxenford,QLD,2022,167763.0,19710.0
30907,Ormeau - Oxenford,QLD,2023,174695.0,21004.0
30907,Ormeau - Oxenford,QLD,2024,180138.0,22174.0
30908,Robina,QLD,2019,53943.0,9231.0
30908,Robina,QLD,2020,54506.0,9542.0
30908,Robina,QLD,2021,54628.0,9814.0
30908,Robina,QLD,2022,55265.0,9952.0
30908,Robina,QLD,2023,56589.0,10091.0
30908,Robina,QLD,2024,57708.0,10276.0
30909,Southport,QLD,2019,64232.0,11104.0
30909,Southport,QLD,2020,65194.0,11490.0
30909,Southport,QLD,2021,65391.0,11848.0
30909,Southport,QLD,2022,66171.0,12143.0
30909,Southport,QLD,2023,67763.0,12170.0
30909,Southport,QLD,2024,68651.0,12303.0
30910,Surfers Paradise,QLD,2019,44692.0,8817.0
30910,Surfers Paradise,QLD,2020,45403.0,9323.0
30910,Surfers Paradise,QLD,2021,45723.0,9852.0
30910,Surfers Paradise,QLD,2022,47195.0,10417.0
30910,Surfers Paradise,QLD,2023,49494.0,10901.0
30910,Surfers Paradise,QLD,2024,51179.0,11509.0
31001,Forest Lake - Oxley,QLD,2019,78832.0,8807.0
31001,Forest Lake - Oxley,QLD,2020,79505.0,9079.0
31001,Forest Lake - Oxley,QLD,2021,80183.0,9395.0
31001,Forest Lake - Oxley,QLD,2022,81016.0,9784.0
31001,Forest Lake - Oxley,QLD,2023,83552.0,10201.0
31001,Forest Lake - Oxley,QLD,2024,85221.0,10609.0
31002,Ipswich Hinterland,QLD,2019,66801.0,12381.0
31002,Ipswich Hinterland,QLD,2020,67495.0,12780.0
31002,Ipswich Hinterland,QLD,2021,68411.0,13278.0
31002,Ipswich Hinterland,QLD,2022,70037.0,13869.0
31002,Ipswich Hinterland,QLD,2023,71745.0,14401.0
31002,Ipswich Hinterland,QLD,2024,73245.0,14874.0
31003,Ipswich Inner,QLD,2019,113351.0,15477.0
31003,Ipswich Inner,QLD,2020,115533.0,16055.0
31003,Ipswich Inner,QLD,2021,117812.0,16606.0
31003,Ipswich Inner,QLD,2022,121480.0,17149.0
31003,Ipswich Inner,QLD,2023,125146.0,17799.0
31003,Ipswich Inner,QLD,2024,129524.0,18511.0
31004,Springfield - Redbank,QLD,2019,99456.0,6868.0
31004,Springfield - Redbank,QLD,2020,103574.0,7382.0
31004,Springfield - Redbank,QLD,2021,107223.0,7927.0
31004,Springfield - Redbank,QLD,2022,112400.0,8548.0
31004,Springfield - Redbank,QLD,2023,116830.0,9205.0
31004,Springfield - Redbank,QLD,2024,120789.0,9843.0
31101,Beaudesert,QLD,2019,14691.0,3036.0
31101,Beaudesert,QLD,2020,14857.0,3176.0
31101,Beaudesert,QLD,2021,14913.0,3337.0
31101,Beaudesert,QLD,2022,15235.0,3456.0
31101,Beaudesert,QLD,2023,15670.0,3590.0
31101,Beaudesert,QLD,2024,16114.0,3766.0
31102,Beenleigh,QLD,2019,44828.0,6857.0
31102,Beenleigh,QLD,2020,46105.0,7114.0
31102,Beenleigh,QLD,2021,46995.0,7324.0
31102,Beenleigh,QLD,2022,48645.0,7520.0
31102,Beenleigh,QLD,2023,50615.0,7739.0
31102,Beenleigh,QLD,2024,52458.0,8014.0
31103,Browns Plains,QLD,2019,89392.0,9191.0
31103,Browns Plains,QLD,2020,92273.0,9685.0
31103,Browns Plains,QLD,2021,95375.0,10239.0
31103,Browns Plains,QLD,2022,100194.0,10975.0
31103,Browns Plains,QLD,2023,105829.0,11624.0
31103,Browns Plains,QLD,2024,111625.0,12298.0
31104,Jimboomba,QLD,2019,56323.0,5340.0
31104,Jimboomba,QLD,2020,59561.0,5814.0
31104,Jimboomba,QLD,2021,62626.0,6277.0
31104,Jimboomba,QLD,2022,67109.0,6815.0
31104,Jimboomba,QLD,2023,70923.0,7494.0
31104,Jimboomba,QLD,2024,75673.0,8121.0
31105,Loganlea - Carbrook,QLD,2019,64433.0,9361.0
31105,Loganlea - Carbrook,QLD,2020,64952.0,9648.0
31105,Loganlea - Carbrook,QLD,2021,65408.0,10013.0
31105,Loganlea - Carbrook,QLD,2022,66565.0,10301.0
31105,Loganlea - Carbrook,QLD,2023,68219.0,10500.0
31105,Loganlea - Carbrook,QLD,2024,69034.0,10748.0
31106,Springwood - Kingston,QLD,2019,80979.0,10890.0
31106,Springwood - Kingston,QLD,2020,80930.0,11259.0
31106,Springwood - Kingston,QLD,2021,80269.0,11514.0
31106,Springwood - Kingston,QLD,2022,80546.0,11593.0
31106,Springwood - Kingston,QLD,2023,82138.0,11771.0
31106,Springwood - Kingston,QLD,2024,83549.0,11959.0
31201,Bowen Basin - North,QLD,2019,35054.0,3738.0
31201,Bowen Basin - North,QLD,2020,35799.0,3969.0
31201,Bowen Basin - North,QLD,2021,36363.0,4137.0
31201,Bowen Basin - North,QLD,2022,37015.0,4311.0
31201,Bowen Basin - North,QLD,2023,37719.0,4509.0
31201,Bowen Basin - North,QLD,2024,38247.0,4779.0
31202,Mackay,QLD,2019,119529.0,16623.0
31202,Mackay,QLD,2020,121395.0,17504.0
31202,Mackay,QLD,2021,123148.0,18328.0
31202,Mackay,QLD,2022,124950.0,19218.0
31202,Mackay,QLD,2023,126887.0,19974.0
31202,Mackay,QLD,2024,128361.0,20772.0
31203,Whitsunday,QLD,2019,22985.0,3077.0
31203,Whitsunday,QLD,2020,23447.0,3288.0
31203,Whitsunday,QLD,2021,23698.0,3482.0
31203,Whitsunday,QLD,2022,24238.0,3651.0
31203,Whitsunday,QLD,2023,25015.0,3814.0
31203,Whitsunday,QLD,2024,25694.0,3995.0
31301,Bribie - Beachmere,QLD,2019,36003.0,13335.0
31301,Bribie - Beachmere,QLD,2020,36774.0,14082.0
31301,Bribie - Beachmere,QLD,2021,37510.0,14919.0
31301,Bribie - Beachmere,QLD,2022,38482.0,15534.0
31301,Bribie - Beachmere,QLD,2023,39191.0,16096.0
31301,Bribie - Beachmere,QLD,2024,39789.0,16643.0
31302,Caboolture,QLD,2019,76433.0,11329.0
31302,Caboolture,QLD,2020,78885.0,12050.0
31302,Caboolture,QLD,2021,81214.0,12748.0
31302,Caboolture,QLD,2022,84585.0,13213.0
31302,Caboolture,QLD,2023,88318.0,13682.0
31302,Caboolture,QLD,2024,91946.0,14147.0
31303,Caboolture Hinterland,QLD,2019,14409.0,2569.0
31303,Caboolture Hinterland,QLD,2020,14724.0,2668.0
31303,Caboolture Hinterland,QLD,2021,15108.0,2793.0
31303,Caboolture Hinterland,QLD,2022,15535.0,2906.0
31303,Caboolture Hinterland,QLD,2023,16026.0,3036.0
31303,Caboolture Hinterland,QLD,2024,16536.0,3183.0
31304,Narangba - Burpengary,QLD,2019,68281.0,9725.0
31304,Narangba - Burpengary,QLD,2020,69487.0,10220.0
31304,Narangba - Burpengary,QLD,2021,70466.0,10679.0
31304,Narangba - Burpengary,QLD,2022,72327.0,11275.0
31304,Narangba - Burpengary,QLD,2023,74106.0,11682.0
31304,Narangba - Burpengary,QLD,2024,76186.0,12139.0
31305,Redcliffe,QLD,2019,62895.0,14957.0
31305,Redcliffe,QLD,2020,63843.0,15580.0
31305,Redcliffe,QLD,2021,64679.0,16294.0
31305,Redcliffe,QLD,2022,65625.0,16846.0
31305,Redcliffe,QLD,2023,66731.0,17346.0
31305,Redcliffe,QLD,2024,68075.0,17901.0
31401,The Hills District,QLD,2019,90710.0,11568.0
31401,The Hills District,QLD,2020,91201.0,12121.0
31401,The Hills District,QLD,2021,91313.0,12565.0
31401,The Hills District,QLD,2022,92325.0,13108.0
31401,The Hills District,QLD,2023,93912.0,13809.0
31401,The Hills District,QLD,2024,95502.0,14423.0
31402,North Lakes,QLD,2019,84925.0,8455.0
31402,North Lakes,QLD,2020,87680.0,8908.0
31402,North Lakes,QLD,2021,89816.0,9287.0
31402,North Lakes,QLD,2022,93054.0,9667.0
31402,North Lakes,QLD,2023,96009.0,10091.0
31402,North Lakes,QLD,2024,97949.0,10531.0
31403,Strathpine,QLD,2019,39741.0,5502.0
31403,Strathpine,QLD,2020,40140.0,5709.0
31403,Strathpine,QLD,2021,40427.0,5881.0
31403,Strathpine,QLD,2022,41068.0,6025.0
31403,Strathpine,QLD,2023,42109.0,6115.0
31403,Strathpine,QLD,2024,42951.0,6298.0
31501,Far North,QLD,2019,33284.0,2995.0
31501,Far North,QLD,2020,33161.0,3090.0
31501,Far North,QLD,2021,33057.0,3164.0
31501,Far North,QLD,2022,33149.0,3385.0
31501,Far North,QLD,2023,33456.0,3623.0
31501,Far North,QLD,2024,33703.0,3905.0
31502,Outback - North,QLD,2019,30800.0,2669.0
31502,Outback - North,QLD,2020,31034.0,2732.0
31502,Outback - North,QLD,2021,31131.0,2796.0
31502,Outback - North,QLD,2022,31100.0,2875.0
31502,Outback - North,QLD,2023,31154.0,2982.0
31502,Outback - North,QLD,2024,31095.0,3111.0
31503,Outback - South,QLD,2019,17593.0,3115.0
31503,Outback - South,QLD,2020,17445.0,3185.0
31503,Outback - South,QLD,2021,17417.0,3297.0
31503,Outback - South,QLD,2022,17430.0,3364.0
31503,Outback - South,QLD,2023,17532.0,3475.0
31503,Outback - South,QLD,2024,17629.0,3582.0
31601,Buderim,QLD,2019,58870.0,11074.0
31601,Buderim,QLD,2020,59260.0,11436.0
31601,Buderim,QLD,2021,59782.0,11845.0
31601,Buderim,QLD,2022,60685.0,12317.0
31601,Buderim,QLD,2023,62119.0,12696.0
31601,Buderim,QLD,2024,62952.0,13064.0
31602,Caloundra,QLD,2019,91346.0,20472.0
31602,Caloundra,QLD,2020,94569.0,21324.0
31602,Caloundra,QLD,2021,97297.0,22266.0
31602,Caloundra,QLD,2022,100148.0,22986.0
31602,Caloundra,QLD,2023,103068.0,23710.0
31602,Caloundra,QLD,2024,106532.0,24535.0
31603,Maroochy,QLD,2019,62537.0,13340.0
31603,Maroochy,QLD,2020,63590.0,14098.0
31603,Maroochy,QLD,2021,64537.0,14921.0
31603,Maroochy,QLD,2022,65418.0,15496.0
31603,Maroochy,QLD,2023,66777.0,16108.0
31603,Maroochy,QLD,2024,67971.0,16682.0
31605,Noosa,QLD,2019,46157.0,11500.0
31605,Noosa,QLD,2020,46884.0,11911.0
31605,Noosa,QLD,2021,47074.0,12312.0
31605,Noosa,QLD,2022,47614.0,12518.0
31605,Noosa,QLD,2023,48460.0,12720.0
31605,Noosa,QLD,2024,49262.0,13118.0
31606,Sunshine Coast Hinterland,QLD,2019,55480.0,11333.0
31606,Sunshine Coast Hinterland,QLD,2020,57396.0,11804.0
31606,Sunshine Coast Hinterland,QLD,2021,59676.0,12427.0
31606,Sunshine Coast Hinterland,QLD,2022,62337.0,12994.0
31606,Sunshine Coast Hinterland,QLD,2023,65136.0,13640.0
31606,Sunshine Coast Hinterland,QLD,2024,67521.0,14275.0
31607,Nambour,QLD,2019,47866.0,8848.0
31607,Nambour,QLD,2020,49216.0,9233.0
31607,Nambour,QLD,2021,50618.0,9652.0
31607,Nambour,QLD,2022,52015.0,9961.0
31607,Nambour,QLD,2023,53169.0,10208.0
31607,Nambour,QLD,2024,54392.0,10401.0
31608,Noosa Hinterland,QLD,2019,23735.0,5075.0
31608,Noosa Hinterland,QLD,2020,24136.0,5339.0
31608,Noosa Hinterland,QLD,2021,24524.0,5642.0
31608,Noosa Hinterland,QLD,2022,25023.0,5929.0
31608,Noosa Hinterland,QLD,2023,25578.0,6246.0
31608,Noosa Hinterland,QLD,2024,25972.0,6505.0
31701,Toowoomba,QLD,2019,160330.0,27548.0
31701,Toowoomba,QLD,2020,162360.0,28577.0
31701,Toowoomba,QLD,2021,164082.0,29581.0
31701,Toowoomba,QLD,2022,167199.0,30862.0
31701,Toowoomba,QLD,2023,170781.0,31947.0
31701,Toowoomba,QLD,2024,173649.0,32904.0
31801,Charters Towers - Ayr - Ingham,QLD,2019,42011.0,9136.0
31801,Charters Towers - Ayr - Ingham,QLD,2020,41926.0,9359.0
31801,Charters Towers - Ayr - Ingham,QLD,2021,41877.0,9636.0
31801,Charters Towers - Ayr - Ingham,QLD,2022,42082.0,9890.0
31801,Charters Towers - Ayr - Ingham,QLD,2023,42314.0,10138.0
31801,Charters Towers - Ayr - Ingham,QLD,2024,42642.0,10374.0
31802,Townsville,QLD,2019,193734.0,24816.0
31802,Townsville,QLD,2020,194726.0,25927.0
31802,Townsville,QLD,2021,195506.0,27108.0
31802,Townsville,QLD,2022,198179.0,28232.0
31802,Townsville,QLD,2023,201458.0,29479.0
31802,Townsville,QLD,2024,204592.0,30551.0
31901,Bundaberg,QLD,2019,92464.0,22192.0
31901,Bundaberg,QLD,2020,93508.0,23012.0
31901,Bundaberg,QLD,2021,94646.0,24071.0
31901,Bundaberg,QLD,2022,96522.0,25015.0
31901,Bundaberg,QLD,2023,98525.0,25843.0
31901,Bundaberg,QLD,2024,100388.0,26703.0
31902,Burnett,QLD,2019,49642.0,11831.0
31902,Burnett,QLD,2020,49762.0,12283.0
31902,Burnett,QLD,2021,50134.0,12819.0
31902,Burnett,QLD,2022,50784.0,13205.0
31902,Burnett,QLD,2023,51556.0,13655.0
31902,Burnett,QLD,2024,52275.0,14144.0
31903,Gympie - Cooloola,QLD,2019,52402.0,12223.0
31903,Gympie - Cooloola,QLD,2020,52927.0,12715.0
31903,Gympie - Cooloola,QLD,2021,53749.0,13331.0
31903,Gympie - Cooloola,QLD,2022,55008.0,13873.0
31903,Gympie - Cooloola,QLD,2023,56060.0,14374.0
31903,Gympie - Cooloola,QLD,2024,57340.0,14930.0
31904,Hervey Bay,QLD,2019,61498.0,17704.0
31904,Hervey Bay,QLD,2020,62715.0,18538.0
31904,Hervey Bay,QLD,2021,64045.0,19556.0
31904,Hervey Bay,QLD,2022,66028.0,20377.0
31904,Hervey Bay,QLD,2023,67798.0,21042.0
31904,Hervey Bay,QLD,2024,69662.0,21907.0
31905,Maryborough,QLD,2019,46726.0,12274.0
31905,Maryborough,QLD,2020,47308.0,12859.0
31905,Maryborough,QLD,2021,48118.0,13583.0
31905,Maryborough,QLD,2022,49132.0,14221.0
31905,Maryborough,QLD,2023,50230.0,14836.0
31905,Maryborough,QLD,2024,51123.0,15430.0
40101,Adelaide City,SA,2019,25376.0,3495.0
40101,Adelaide City,SA,2020,25964.0,3682.0
40101,Adelaide City,SA,2021,25522.0,3780.0
40101,Adelaide City,SA,2022,26183.0,3958.0
40101,Adelaide City,SA,2023,27984.0,4151.0
40101,Adelaide City,SA,2024,29118.0,4358.0
40102,Adelaide Hills,SA,2019,77004.0,13457.0
40102,Adelaide Hills,SA,2020,78778.0,14147.0
40102,Adelaide Hills,SA,2021,80493.0,14847.0
40102,Adelaide Hills,SA,2022,82125.0,15480.0
40102,Adelaide Hills,SA,2023,83754.0,16024.0
40102,Adelaide Hills,SA,2024,85575.0,16654.0
40103,Burnside,SA,2019,46118.0,10212.0
40103,Burnside,SA,2020,46415.0,10469.0
40103,Burnside,SA,2021,46425.0,10694.0
40103,Burnside,SA,2022,46710.0,10895.0
40103,Burnside,SA,2023,47489.0,11041.0
40103,Burnside,SA,2024,47810.0,11172.0
40104,Campbelltown (SA),SA,2019,54024.0,10799.0
40104,Campbelltown (SA),SA,2020,55281.0,11003.0
40104,Campbelltown (SA),SA,2021,55832.0,11160.0
40104,Campbelltown (SA),SA,2022,56394.0,11218.0
40104,Campbelltown (SA),SA,2023,57583.0,11350.0
40104,Campbelltown (SA),SA,2024,58400.0,11539.0
40105,Norwood - Payneham - St Peters,SA,2019,37477.0,7411.0
40105,Norwood - Payneham - St Peters,SA,2020,37958.0,7647.0
40105,Norwood - Payneham - St Peters,SA,2021,37823.0,7784.0
40105,Norwood - Payneham - St Peters,SA,2022,38019.0,7939.0
40105,Norwood - Payneham - St Peters,SA,2023,39352.0,8078.0
40105,Norwood - Payneham - St Peters,SA,2024,40062.0,8215.0
40106,Prospect - Walkerville,SA,2019,29895.0,4877.0
40106,Prospect - Walkerville,SA,2020,30390.0,5054.0
40106,Prospect - Walkerville,SA,2021,30573.0,5196.0
40106,Prospect - Walkerville,SA,2022,30935.0,5270.0
40106,Prospect - Walkerville,SA,2023,31583.0,5479.0
40106,Prospect - Walkerville,SA,2024,31871.0,5706.0
40107,Unley,SA,2019,39322.0,8074.0
40107,Unley,SA,2020,39465.0,8389.0
40107,Unley,SA,2021,39061.0,8541.0
40107,Unley,SA,2022,39092.0,8624.0
40107,Unley,SA,2023,39969.0,8787.0
40107,Unley,SA,2024,40327.0,8917.0
40201,Gawler - Two Wells,SA,2019,36656.0,6278.0
40201,Gawler - Two Wells,SA,2020,37307.0,6531.0
40201,Gawler - Two Wells,SA,2021,38132.0,6834.0
40201,Gawler - Two Wells,SA,2022,39488.0,7167.0
40201,Gawler - Two Wells,SA,2023,40754.0,7494.0
40201,Gawler - Two Wells,SA,2024,41741.0,7738.0
40202,Playford,SA,2019,97005.0,11878.0
40202,Playford,SA,2020,99242.0,12262.0
40202,Playford,SA,2021,101299.0,12783.0
40202,Playford,SA,2022,104147.0,13231.0
40202,Playford,SA,2023,107772.0,13665.0
40202,Playford,SA,2024,111850.0,14231.0
40203,Port Adelaide - East,SA,2019,75077.0,10456.0
40203,Port Adelaide - East,SA,2020,77028.0,10674.0
40203,Port Adelaide - East,SA,2021,77963.0,10712.0
40203,Port Adelaide - East,SA,2022,79047.0,10942.0
40203,Port Adelaide - East,SA,2023,80635.0,11067.0
40203,Port Adelaide - East,SA,2024,81940.0,11308.0
40204,Salisbury,SA,2019,144080.0,20469.0
40204,Salisbury,SA,2020,146005.0,21229.0
40204,Salisbury,SA,2021,146249.0,21782.0
40204,Salisbury,SA,2022,146644.0,22378.0
40204,Salisbury,SA,2023,148009.0,22871.0
40204,Salisbury,SA,2024,149090.0,23395.0
40205,Tea Tree Gully,SA,2019,96451.0,18560.0
40205,Tea Tree Gully,SA,2020,97185.0,19199.0
40205,Tea Tree Gully,SA,2021,97491.0,19711.0
40205,Tea Tree Gully,SA,2022,98029.0,20051.0
40205,Tea Tree Gully,SA,2023,99087.0,20421.0
40205,Tea Tree Gully,SA,2024,99613.0,20826.0
40301,Holdfast Bay,SA,2019,35631.0,8909.0
40301,Holdfast Bay,SA,2020,35906.0,9286.0
40301,Holdfast Bay,SA,2021,36011.0,9623.0
40301,Holdfast Bay,SA,2022,36202.0,9849.0
40301,Holdfast Bay,SA,2023,36867.0,10089.0
40301,Holdfast Bay,SA,2024,37301.0,10410.0
40302,Marion,SA,2019,95384.0,16989.0
40302,Marion,SA,2020,96853.0,17573.0
40302,Marion,SA,2021,97231.0,18081.0
40302,Marion,SA,2022,98256.0,18394.0
40302,Marion,SA,2023,100192.0,18773.0
40302,Marion,SA,2024,101525.0,19166.0
40303,Mitcham,SA,2019,66359.0,13164.0
40303,Mitcham,SA,2020,66844.0,13480.0
40303,Mitcham,SA,2021,66822.0,13766.0
40303,Mitcham,SA,2022,67039.0,13983.0
40303,Mitcham,SA,2023,68213.0,14173.0
40303,Mitcham,SA,2024,69086.0,14334.0
40304,Onkaparinga,SA,2019,174472.0,31962.0
40304,Onkaparinga,SA,2020,176279.0,33377.0
40304,Onkaparinga,SA,2021,177935.0,34615.0
40304,Onkaparinga,SA,2022,179857.0,35704.0
40304,Onkaparinga,SA,2023,182249.0,36647.0
40304,Onkaparinga,SA,2024,184219.0,37608.0
40401,Charles Sturt,SA,2019,116758.0,21981.0
40401,Charles Sturt,SA,2020,118720.0,22567.0
40401,Charles Sturt,SA,2021,119680.0,23100.0
40401,Charles Sturt,SA,2022,121440.0,23621.0
40401,Charles Sturt,SA,2023,123964.0,24128.0
40401,Charles Sturt,SA,2024,125592.0,24761.0
40402,Port Adelaide - West,SA,2019,60434.0,10257.0
40402,Port Adelaide - West,SA,2020,61190.0,10550.0
40402,Port Adelaide - West,SA,2021,61528.0,10794.0
40402,Port Adelaide - West,SA,2022,62208.0,11114.0
40402,Port Adelaide - West,SA,2023,63498.0,11567.0
40402,Port Adelaide - West,SA,2024,64699.0,12024.0
40403,West Torrens,SA,2019,64891.0,11406.0
40403,West Torrens,SA,2020,65945.0,11613.0
40403,West Torrens,SA,2021,65802.0,11688.0
40403,West Torrens,SA,2022,66508.0,11746.0
40403,West Torrens,SA,2023,68084.0,11857.0
40403,West Torrens,SA,2024,69344.0,12071.0
40501,Barossa,SA,2019,37805.0,7288.0
40501,Barossa,SA,2020,38308.0,7599.0
40501,Barossa,SA,2021,38791.0,7936.0
40501,Barossa,SA,2022,39265.0,8247.0
40501,Barossa,SA,2023,39852.0,8562.0
40501,Barossa,SA,2024,40361.0,8916.0
40502,Lower North,SA,2019,23086.0,5521.0
40502,Lower North,SA,2020,23061.0,5708.0
40502,Lower North,SA,2021,23149.0,5896.0
40502,Lower North,SA,2022,23199.0,5988.0
40502,Lower North,SA,2023,23209.0,6153.0
40502,Lower North,SA,2024,23244.0,6302.0
40503,Mid North,SA,2019,27784.0,6478.0
40503,Mid North,SA,2020,27794.0,6613.0
40503,Mid North,SA,2021,27831.0,6770.0
40503,Mid North,SA,2022,27706.0,6930.0
40503,Mid North,SA,2023,27694.0,7065.0
40503,Mid North,SA,2024,27705.0,7271.0
40504,Yorke Peninsula,SA,2019,26550.0,8332.0
40504,Yorke Peninsula,SA,2020,26797.0,8637.0
40504,Yorke Peninsula,SA,2021,27176.0,9019.0
40504,Yorke Peninsula,SA,2022,27572.0,9391.0
40504,Yorke Peninsula,SA,2023,28001.0,9698.0
40504,Yorke Peninsula,SA,2024,28460.0,10029.0
40601,Eyre Peninsula and South West,SA,2019,58462.0,11021.0
40601,Eyre Peninsula and South West,SA,2020,58618.0,11385.0
40601,Eyre Peninsula and South West,SA,2021,58861.0,11758.0
40601,Eyre Peninsula and South West,SA,2022,58953.0,12112.0
40601,Eyre Peninsula and South West,SA,2023,59206.0,12464.0
40601,Eyre Peninsula and South West,SA,2024,59406.0,12856.0
40602,Outback - North and East,SA,2019,26973.0,3764.0
40602,Outback - North and East,SA,2020,26831.0,3813.0
40602,Outback - North and East,SA,2021,26699.0,3872.0
40602,Outback - North and East,SA,2022,26587.0,4023.0
40602,Outback - North and East,SA,2023,26556.0,4098.0
40602,Outback - North and East,SA,2024,26540.0,4201.0
40701,Fleurieu - Kangaroo Island,SA,2019,54054.0,17422.0
40701,Fleurieu - Kangaroo Island,SA,2020,55129.0,18304.0
40701,Fleurieu - Kangaroo Island,SA,2021,56616.0,19465.0
40701,Fleurieu - Kangaroo Island,SA,2022,57546.0,20221.0
40701,Fleurieu - Kangaroo Island,SA,2023,58424.0,20791.0
40701,Fleurieu - Kangaroo Island,SA,2024,59364.0,21464.0
40702,Limestone Coast,SA,2019,67683.0,13548.0
40702,Limestone Coast,SA,2020,68154.0,14093.0
40702,Limestone Coast,SA,2021,68531.0,14602.0
40702,Limestone Coast,SA,2022,68767.0,14949.0
40702,Limestone Coast,SA,2023,69141.0,15343.0
40702,Limestone Coast,SA,2024,69336.0,15805.0
40703,Murray and Mallee,SA,2019,72584.0,16466.0
40703,Murray and Mallee,SA,2020,72908.0,17045.0
40703,Murray and Mallee,SA,2021,73075.0,17629.0
40703,Murray and Mallee,SA,2022,73297.0,18086.0
40703,Murray and Mallee,SA,2023,73851.0,18533.0
40703,Murray and Mallee,SA,2024,74432.0,19118.0
50101,Augusta - Margaret River - Busselton,WA,2019,56323.0,11015.0
50101,Augusta - Margaret River - Busselton,WA,2020,57750.0,11783.0
50101,Augusta - Margaret River - Busselton,WA,2021,59209.0,12539.0
50101,Augusta - Margaret River - Busselton,WA,2022,60727.0,13183.0
50101,Augusta - Margaret River - Busselton,WA,2023,62498.0,13841.0
50101,Augusta - Margaret River - Busselton,WA,2024,64288.0,14577.0
50102,Bunbury,WA,2019,108007.0,18081.0
50102,Bunbury,WA,2020,109636.0,19110.0
50102,Bunbury,WA,2021,111276.0,20247.0
50102,Bunbury,WA,2022,112642.0,21083.0
50102,Bunbury,WA,2023,114492.0,22058.0
50102,Bunbury,WA,2024,116367.0,23037.0
50103,Manjimup,WA,2019,23750.0,5401.0
50103,Manjimup,WA,2020,24093.0,5721.0
50103,Manjimup,WA,2021,24491.0,6010.0
50103,Manjimup,WA,2022,24874.0,6206.0
50103,Manjimup,WA,2023,25136.0,6415.0
50103,Manjimup,WA,2024,25541.0,6641.0
50201,Mandurah,WA,2019,105875.0,24738.0
50201,Mandurah,WA,2020,108625.0,26167.0
50201,Mandurah,WA,2021,111295.0,27660.0
50201,Mandurah,WA,2022,113980.0,28847.0
50201,Mandurah,WA,2023,118394.0,30160.0
50201,Mandurah,WA,2024,122716.0,31253.0
50301,Cottesloe - Claremont,WA,2019,72973.0,13748.0
50301,Cottesloe - Claremont,WA,2020,74181.0,14429.0
50301,Cottesloe - Claremont,WA,2021,74147.0,14927.0
50301,Cottesloe - Claremont,WA,2022,74815.0,15351.0
50301,Cottesloe - Claremont,WA,2023,77871.0,15684.0
50301,Cottesloe - Claremont,WA,2024,80258.0,16064.0
50302,Perth City,WA,2019,111443.0,14652.0
50302,Perth City,WA,2020,114409.0,15320.0
50302,Perth City,WA,2021,114608.0,15769.0
50302,Perth City,WA,2022,116373.0,16380.0
50302,Perth City,WA,2023,122576.0,16838.0
50302,Perth City,WA,2024,126934.0,17257.0
50401,Bayswater - Bassendean,WA,2019,85383.0,13980.0
50401,Bayswater - Bassendean,WA,2020,86829.0,14570.0
50401,Bayswater - Bassendean,WA,2021,87492.0,14922.0
50401,Bayswater - Bassendean,WA,2022,88078.0,15192.0
50401,Bayswater - Bassendean,WA,2023,90520.0,15395.0
50401,Bayswater - Bassendean,WA,2024,92363.0,15684.0
50402,Mundaring,WA,2019,44071.0,7834.0
50402,Mundaring,WA,2020,44648.0,8236.0
50402,Mundaring,WA,2021,45323.0,8606.0
50402,Mundaring,WA,2022,45624.0,8922.0
50402,Mundaring,WA,2023,46824.0,9226.0
50402,Mundaring,WA,2024,47861.0,9643.0
50403,Swan,WA,2019,144449.0,15000.0
50403,Swan,WA,2020,149527.0,16044.0
50403,Swan,WA,2021,153876.0,17045.0
50403,Swan,WA,2022,158765.0,17902.0
50403,Swan,WA,2023,166232.0,18939.0
50403,Swan,WA,2024,173599.0,20121.0
50501,Joondalup,WA,2019,162809.0,26102.0
50501,Joondalup,WA,2020,164627.0,27650.0
50501,Joondalup,WA,2021,165701.0,29076.0
50501,Joondalup,WA,2022,166454.0,30209.0
50501,Joondalup,WA,2023,170653.0,31343.0
50501,Joondalup,WA,2024,174383.0,32519.0
50502,Stirling,WA,2019,208774.0,34182.0
50502,Stirling,WA,2020,213553.0,35617.0
50502,Stirling,WA,2021,215487.0,36685.0
50502,Stirling,WA,2022,217436.0,37440.0
50502,Stirling,WA,2023,224648.0,38282.0
50502,Stirling,WA,2024,229809.0,39088.0
50503,Wanneroo,WA,2019,207791.0,22465.0
50503,Wanneroo,WA,2020,212269.0,24024.0
50503,Wanneroo,WA,2021,215800.0,25249.0
50503,Wanneroo,WA,2022,220528.0,26555.0
50503,Wanneroo,WA,2023,228814.0,27825.0
50503,Wanneroo,WA,2024,236788.0,29280.0
50601,Armadale,WA,2019,91543.0,10377.0
50601,Armadale,WA,2020,94970.0,10903.0
50601,Armadale,WA,2021,97644.0,11340.0
50601,Armadale,WA,2022,100849.0,11832.0
50601,Armadale,WA,2023,105158.0,12489.0
50601,Armadale,WA,2024,109218.0,12982.0
50602,Belmont - Victoria Park,WA,2019,76066.0,9514.0
50602,Belmont - Victoria Park,WA,2020,77801.0,9919.0
50602,Belmont - Victoria Park,WA,2021,78173.0,10118.0
50602,Belmont - Victoria Park,WA,2022,79189.0,10416.0
50602,Belmont - Victoria Park,WA,2023,82657.0,10785.0
50602,Belmont - Victoria Park,WA,2024,85217.0,11087.0
50603,Canning,WA,2019,99907.0,14562.0
50603,Canning,WA,2020,102163.0,15301.0
50603,Canning,WA,2021,102728.0,15644.0
50603,Canning,WA,2022,103172.0,15792.0
50603,Canning,WA,2023,107566.0,16058.0
50603,Canning,WA,2024,110842.0,16274.0
50604,Gosnells,WA,2019,127017.0,15921.0
50604,Gosnells,WA,2020,129685.0,16841.0
50604,Gosnells,WA,2021,131366.0,17481.0
50604,Gosnells,WA,2022,133064.0,18025.0
50604,Gosnells,WA,2023,137493.0,18636.0
50604,Gosnells,WA,2024,141279.0,19206.0
50605,Kalamunda,WA,2019,59750.0,10470.0
50605,Kalamunda,WA,2020,60337.0,10876.0
50605,Kalamunda,WA,2021,60804.0,11241.0
50605,Kalamunda,WA,2022,61294.0,11502.0
50605,Kalamunda,WA,2023,62705.0,11846.0
50605,Kalamunda,WA,2024,63827.0,12192.0
50606,Serpentine - Jarrahdale,WA,2019,31482.0,2959.0
50606,Serpentine - Jarrahdale,WA,2020,32508.0,3176.0
50606,Serpentine - Jarrahdale,WA,2021,33418.0,3334.0
50606,Serpentine - Jarrahdale,WA,2022,34855.0,3506.0
50606,Serpentine - Jarrahdale,WA,2023,36810.0,3761.0
50606,Serpentine - Jarrahdale,WA,2024,38687.0,3994.0
50607,South Perth,WA,2019,44586.0,7826.0
50607,South Perth,WA,2020,45123.0,8309.0
50607,South Perth,WA,2021,45002.0,8646.0
50607,South Perth,WA,2022,45245.0,8810.0
50607,South Perth,WA,2023,46822.0,8929.0
50607,South Perth,WA,2024,47958.0,9033.0
50701,Cockburn,WA,2019,113165.0,13898.0
50701,Cockburn,WA,2020,116658.0,14807.0
50701,Cockburn,WA,2021,119882.0,15632.0
50701,Cockburn,WA,2022,122960.0,16395.0
50701,Cockburn,WA,2023,128044.0,17134.0
50701,Cockburn,WA,2024,132734.0,17992.0
50702,Fremantle,WA,2019,39961.0,7415.0
50702,Fremantle,WA,2020,40686.0,7754.0
50702,Fremantle,WA,2021,41348.0,8073.0
50702,Fremantle,WA,2022,42009.0,8233.0
50702,Fremantle,WA,2023,43578.0,8443.0
50702,Fremantle,WA,2024,44872.0,8655.0
50703,Kwinana,WA,2019,44700.0,4074.0
50703,Kwinana,WA,2020,46243.0,4286.0
50703,Kwinana,WA,2021,47660.0,4476.0
50703,Kwinana,WA,2022,49542.0,4694.0
50703,Kwinana,WA,2023,52139.0,4878.0
50703,Kwinana,WA,2024,54672.0,5185.0
50704,Melville,WA,2019,106999.0,20868.0
50704,Melville,WA,2020,108788.0,21769.0
50704,Melville,WA,2021,109500.0,22512.0
50704,Melville,WA,2022,110034.0,23041.0
50704,Melville,WA,2023,113214.0,23697.0
50704,Melville,WA,2024,116222.0,24258.0
50705,Rockingham,WA,2019,135440.0,17546.0
50705,Rockingham,WA,2020,137931.0,18407.0
50705,Rockingham,WA,2021,140584.0,19408.0
50705,Rockingham,WA,2022,143754.0,20315.0
50705,Rockingham,WA,2023,148911.0,21066.0
50705,Rockingham,WA,2024,154132.0,21983.0
50901,Albany,WA,2019,62375.0,13107.0
50901,Albany,WA,2020,63207.0,13698.0
50901,Albany,WA,2021,63947.0,14254.0
50901,Albany,WA,2022,64437.0,14698.0
50901,Albany,WA,2023,65239.0,15140.0
50901,Albany,WA,2024,65998.0,15746.0
50902,Wheat Belt - North,WA,2019,56806.0,12028.0
50902,Wheat Belt - North,WA,2020,57176.0,12581.0
50902,Wheat Belt - North,WA,2021,57730.0,13240.0
50902,Wheat Belt - North,WA,2022,58428.0,13643.0
50902,Wheat Belt - North,WA,2023,59524.0,14032.0
50902,Wheat Belt - North,WA,2024,60818.0,14662.0
50903,Wheat Belt - South,WA,2019,19958.0,4077.0
50903,Wheat Belt - South,WA,2020,19947.0,4235.0
50903,Wheat Belt - South,WA,2021,19940.0,4383.0
50903,Wheat Belt - South,WA,2022,19934.0,4453.0
50903,Wheat Belt - South,WA,2023,20056.0,4593.0
50903,Wheat Belt - South,WA,2024,20220.0,4787.0
51001,Kimberley,WA,2019,37497.0,2487.0
51001,Kimberley,WA,2020,38174.0,2642.0
51001,Kimberley,WA,2021,38706.0,2780.0
51001,Kimberley,WA,2022,38955.0,2999.0
51001,Kimberley,WA,2023,39410.0,3117.0
51001,Kimberley,WA,2024,39934.0,3248.0
51002,East Pilbara,WA,2019,26222.0,844.0
51002,East Pilbara,WA,2020,26648.0,885.0
51002,East Pilbara,WA,2021,27044.0,906.0
51002,East Pilbara,WA,2022,27342.0,988.0
51002,East Pilbara,WA,2023,27663.0,1080.0
51002,East Pilbara,WA,2024,27851.0,1176.0
51003,West Pilbara,WA,2019,32862.0,978.0
51003,West Pilbara,WA,2020,32172.0,980.0
51003,West Pilbara,WA,2021,31193.0,957.0
51003,West Pilbara,WA,2022,31652.0,1034.0
51003,West Pilbara,WA,2023,32334.0,1118.0
51003,West Pilbara,WA,2024,32895.0,1206.0
51101,Esperance,WA,2019,16245.0,2886.0
51101,Esperance,WA,2020,16351.0,2989.0
51101,Esperance,WA,2021,16557.0,3097.0
51101,Esperance,WA,2022,16707.0,3196.0
51101,Esperance,WA,2023,16833.0,3315.0
51101,Esperance,WA,2024,16842.0,3418.0
51102,Gascoyne,WA,2019,9752.0,1330.0
51102,Gascoyne,WA,2020,9884.0,1383.0
51102,Gascoyne,WA,2021,9971.0,1451.0
51102,Gascoyne,WA,2022,10107.0,1533.0
51102,Gascoyne,WA,2023,10330.0,1597.0
51102,Gascoyne,WA,2024,10530.0,1657.0
51103,Goldfields,WA,2019,39904.0,3178.0
51103,Goldfields,WA,2020,39927.0,3306.0
51103,Goldfields,WA,2021,40200.0,3513.0
51103,Goldfields,WA,2022,40295.0,3741.0
51103,Goldfields,WA,2023,40411.0,3922.0
51103,Goldfields,WA,2024,40733.0,4120.0
51104,Mid West,WA,2019,55740.0,9535.0
51104,Mid West,WA,2020,56386.0,10098.0
51104,Mid West,WA,2021,57263.0,10699.0
51104,Mid West,WA,2022,57674.0,11070.0
51104,Mid West,WA,2023,58207.0,11517.0
51104,Mid West,WA,2024,58690.0,11940.0
60101,Brighton,TAS,2019,18599.0,2455.0
60101,Brighton,TAS,2020,19107.0,2623.0
60101,Brighton,TAS,2021,19862.0,2783.0
60101,Brighton,TAS,2022,20300.0,2891.0
60101,Brighton,TAS,2023,20581.0,3029.0
60101,Brighton,TAS,2024,20864.0,3157.0
60102,Hobart - North East,TAS,2019,57105.0,11444.0
60102,Hobart - North East,TAS,2020,58376.0,11765.0
60102,Hobart - North East,TAS,2021,59934.0,12197.0
60102,Hobart - North East,TAS,2022,60650.0,12494.0
60102,Hobart - North East,TAS,2023,61310.0,12773.0
60102,Hobart - North East,TAS,2024,61547.0,13082.0
60103,Hobart - North West,TAS,2019,57445.0,10033.0
60103,Hobart - North West,TAS,2020,58154.0,10154.0
60103,Hobart - North West,TAS,2021,58845.0,10228.0
60103,Hobart - North West,TAS,2022,58776.0,10376.0
60103,Hobart - North West,TAS,2023,58744.0,10515.0
60103,Hobart - North West,TAS,2024,58678.0,10661.0
60104,Hobart - South and West,TAS,2019,36073.0,6597.0
60104,Hobart - South and West,TAS,2020,36652.0,6855.0
60104,Hobart - South and West,TAS,2021,37262.0,7078.0
60104,Hobart - South and West,TAS,2022,37392.0,7303.0
60104,Hobart - South and West,TAS,2023,37648.0,7516.0
60104,Hobart - South and West,TAS,2024,37982.0,7779.0
60105,Hobart Inner,TAS,2019,55577.0,9644.0
60105,Hobart Inner,TAS,2020,56301.0,9911.0
60105,Hobart Inner,TAS,2021,56041.0,9958.0
60105,Hobart Inner,TAS,2022,56111.0,10121.0
60105,Hobart Inner,TAS,2023,56202.0,10204.0
60105,Hobart Inner,TAS,2024,56085.0,10407.0
60106,Sorell - Dodges Ferry,TAS,2019,17699.0,3374.0
60106,Sorell - Dodges Ferry,TAS,2020,18269.0,3556.0
60106,Sorell - Dodges Ferry,TAS,2021,18773.0,3746.0
60106,Sorell - Dodges Ferry,TAS,2022,19260.0,3958.0
60106,Sorell - Dodges Ferry,TAS,2023,19499.0,4096.0
60106,Sorell - Dodges Ferry,TAS,2024,19774.0,4290.0
60201,Launceston,TAS,2019,86952.0,16091.0
60201,Launceston,TAS,2020,88411.0,16599.0
60201,Launceston,TAS,2021,89511.0,17089.0
60201,Launceston,TAS,2022,89715.0,17286.0
60201,Launceston,TAS,2023,89713.0,17493.0
60201,Launceston,TAS,2024,89399.0,17756.0
60202,Meander Valley - West Tamar,TAS,2019,23662.0,5463.0
60202,Meander Valley - West Tamar,TAS,2020,24068.0,5690.0
60202,Meander Valley - West Tamar,TAS,2021,24745.0,5986.0
60202,Meander Valley - West Tamar,TAS,2022,25011.0,6297.0
60202,Meander Valley - West Tamar,TAS,2023,25202.0,6550.0
60202,Meander Valley - West Tamar,TAS,2024,25440.0,6879.0
60203,North East,TAS,2019,38920.0,9179.0
60203,North East,TAS,2020,39572.0,9601.0
60203,North East,TAS,2021,40470.0,10099.0
60203,North East,TAS,2022,40815.0,10500.0
60203,North East,TAS,2023,41126.0,10838.0
60203,North East,TAS,2024,41410.0,11195.0
60301,Central Highlands (Tas.),TAS,2019,12111.0,2260.0
60301,Central Highlands (Tas.),TAS,2020,12452.0,2367.0
60301,Central Highlands (Tas.),TAS,2021,12747.0,2433.0
60301,Central Highlands (Tas.),TAS,2022,12837.0,2539.0
60301,Central Highlands (Tas.),TAS,2023,12883.0,2694.0
60301,Central Highlands (Tas.),TAS,2024,12953.0,2829.0
60302,Huon - Bruny Island,TAS,2019,21126.0,4642.0
60302,Huon - Bruny Island,TAS,2020,21695.0,4853.0
60302,Huon - Bruny Island,TAS,2021,22312.0,5081.0
60302,Huon - Bruny Island,TAS,2022,22780.0,5362.0
60302,Huon - Bruny Island,TAS,2023,23055.0,5598.0
60302,Huon - Bruny Island,TAS,2024,23346.0,5814.0
60303,South East Coast,TAS,2019,7253.0,2321.0
60303,South East Coast,TAS,2020,7508.0,2456.0
60303,South East Coast,TAS,2021,7731.0,2574.0
60303,South East Coast,TAS,2022,7849.0,2685.0
60303,South East Coast,TAS,2023,7908.0,2793.0
60303,South East Coast,TAS,2024,7985.0,2897.0
60401,Burnie - Ulverstone,TAS,2019,49856.0,10811.0
60401,Burnie - Ulverstone,TAS,2020,50478.0,11191.0
60401,Burnie - Ulverstone,TAS,2021,51189.0,11545.0
60401,Burnie - Ulverstone,TAS,2022,51362.0,11828.0
60401,Burnie - Ulverstone,TAS,2023,51399.0,12112.0
60401,Burnie - Ulverstone,TAS,2024,51412.0,12356.0
60402,Devonport,TAS,2019,47629.0,10670.0
60402,Devonport,TAS,2020,48541.0,11165.0
60402,Devonport,TAS,2021,49544.0,11554.0
60402,Devonport,TAS,2022,49866.0,11907.0
60402,Devonport,TAS,2023,50147.0,12236.0
60402,Devonport,TAS,2024,50338.0,12512.0
60403,West Coast,TAS,2019,17834.0,3328.0
60403,West Coast,TAS,2020,17994.0,3485.0
60403,West Coast,TAS,2021,18273.0,3632.0
60403,West Coast,TAS,2022,18327.0,3748.0
60403,West Coast,TAS,2023,18321.0,3886.0
60403,West Coast,TAS,2024,18283.0,4061.0
70101,Darwin City,NT,2019,28519.0,2593.0
70101,Darwin City,NT,2020,28560.0,2724.0
70101,Darwin City,NT,2021,28507.0,2793.0
70101,Darwin City,NT,2022,28423.0,2890.0
70101,Darwin City,NT,2023,28894.0,2958.0
70101,Darwin City,NT,2024,29076.0,3122.0
70102,Darwin Suburbs,NT,2019,57774.0,6039.0
70102,Darwin Suburbs,NT,2020,57677.0,6303.0
70102,Darwin Suburbs,NT,2021,57630.0,6607.0
70102,Darwin Suburbs,NT,2022,57776.0,6691.0
70102,Darwin Suburbs,NT,2023,58278.0,6865.0
70102,Darwin Suburbs,NT,2024,58532.0,7102.0
70103,Litchfield,NT,2019,22878.0,2230.0
70103,Litchfield,NT,2020,22654.0,2430.0
70103,Litchfield,NT,2021,22429.0,2641.0
70103,Litchfield,NT,2022,22638.0,2768.0
70103,Litchfield,NT,2023,22942.0,2949.0
70103,Litchfield,NT,2024,23449.0,3125.0
70104,Palmerston,NT,2019,38080.0,2074.0
70104,Palmerston,NT,2020,38782.0,2276.0
70104,Palmerston,NT,2021,39405.0,2447.0
70104,Palmerston,NT,2022,40317.0,2650.0
70104,Palmerston,NT,2023,41008.0,2757.0
70104,Palmerston,NT,2024,41432.0,2863.0
70201,Alice Springs,NT,2019,39978.0,2994.0
70201,Alice Springs,NT,2020,40230.0,3160.0
70201,Alice Springs,NT,2021,40558.0,3235.0
70201,Alice Springs,NT,2022,40979.0,3375.0
70201,Alice Springs,NT,2023,41526.0,3519.0
70201,Alice Springs,NT,2024,41962.0,3701.0
70202,Barkly,NT,2019,6010.0,378.0
70202,Barkly,NT,2020,6029.0,401.0
70202,Barkly,NT,2021,6006.0,423.0
70202,Barkly,NT,2022,6024.0,430.0
70202,Barkly,NT,2023,6045.0,459.0
70202,Barkly,NT,2024,6067.0,491.0
70203,Daly - Tiwi - West Arnhem,NT,2019,17874.0,1161.0
70203,Daly - Tiwi - West Arnhem,NT,2020,17963.0,1244.0
70203,Daly - Tiwi - West Arnhem,NT,2021,18000.0,1350.0
70203,Daly - Tiwi - West Arnhem,NT,2022,18121.0,1472.0
70203,Daly - Tiwi - West Arnhem,NT,2023,18277.0,1580.0
70203,Daly - Tiwi - West Arnhem,NT,2024,18374.0,1695.0
70204,East Arnhem,NT,2019,14470.0,468.0
70204,East Arnhem,NT,2020,14484.0,505.0
70204,East Arnhem,NT,2021,14507.0,527.0
70204,East Arnhem,NT,2022,14597.0,567.0
70204,East Arnhem,NT,2023,14687.0,629.0
70204,East Arnhem,NT,2024,14724.0,682.0
70205,Katherine,NT,2019,20976.0,1445.0
70205,Katherine,NT,2020,21049.0,1479.0
70205,Katherine,NT,2021,21109.0,1537.0
70205,Katherine,NT,2022,21353.0,1588.0
70205,Katherine,NT,2023,21405.0,1654.0
70205,Katherine,NT,2024,21453.0,1732.0
80101,Belconnen,ACT,2019,103501.0,14607.0
80101,Belconnen,ACT,2020,104475.0,15158.0
80101,Belconnen,ACT,2021,105623.0,15521.0
80101,Belconnen,ACT,2022,106002.0,15799.0
80101,Belconnen,ACT,2023,107782.0,16092.0
80101,Belconnen,ACT,2024,108483.0,16398.0
80103,Canberra East,ACT,2019,1739.0,219.0
80103,Canberra East,ACT,2020,1841.0,245.0
80103,Canberra East,ACT,2021,1928.0,254.0
80103,Canberra East,ACT,2022,1969.0,274.0
80103,Canberra East,ACT,2023,2003.0,300.0
80103,Canberra East,ACT,2024,2009.0,303.0
80104,Gungahlin,ACT,2019,83005.0,5213.0
80104,Gungahlin,ACT,2020,85664.0,5646.0
80104,Gungahlin,ACT,2021,87653.0,6068.0
80104,Gungahlin,ACT,2022,88420.0,6512.0
80104,Gungahlin,ACT,2023,90579.0,6821.0
80104,Gungahlin,ACT,2024,92178.0,7286.0
80105,North Canberra,ACT,2019,59229.0,6428.0
80105,North Canberra,ACT,2020,60574.0,6581.0
80105,North Canberra,ACT,2021,61160.0,6711.0
80105,North Canberra,ACT,2022,62578.0,6856.0
80105,North Canberra,ACT,2023,64788.0,7066.0
80105,North Canberra,ACT,2024,66338.0,7336.0
80106,South Canberra,ACT,2019,30576.0,5324.0
80106,South Canberra,ACT,2020,31091.0,5539.0
80106,South Canberra,ACT,2021,31498.0,5762.0
80106,South Canberra,ACT,2022,32184.0,5893.0
80106,South Canberra,ACT,2023,33022.0,6175.0
80106,South Canberra,ACT,2024,33697.0,6330.0
80107,Tuggeranong,ACT,2019,87495.0,12109.0
80107,Tuggeranong,ACT,2020,88321.0,12856.0
80107,Tuggeranong,ACT,2021,89054.0,13561.0
80107,Tuggeranong,ACT,2022,88858.0,14190.0
80107,Tuggeranong,ACT,2023,89199.0,14787.0
80107,Tuggeranong,ACT,2024,89340.0,15380.0
80108,Weston Creek,ACT,2019,23876.0,4840.0
80108,Weston Creek,ACT,2020,24190.0,4953.0
80108,Weston Creek,ACT,2021,24487.0,5026.0
80108,Weston Creek,ACT,2022,24444.0,4990.0
80108,Weston Creek,ACT,2023,24637.0,4987.0
80108,Weston Creek,ACT,2024,24724.0,5049.0
80109,Woden Valley,ACT,2019,37711.0,6859.0
80109,Woden Valley,ACT,2020,38688.0,7035.0
80109,Woden Valley,ACT,2021,39079.0,7100.0
80109,Woden Valley,ACT,2022,39201.0,7093.0
80109,Woden Valley,ACT,2023,39481.0,7091.0
80109,Woden Valley,ACT,2024,40436.0,7123.0
80110,Molonglo,ACT,2019,7994.0,247.0
80110,Molonglo,ACT,2020,9453.0,290.0
80110,Molonglo,ACT,2021,11404.0,357.0
80110,Molonglo,ACT,2022,12635.0,434.0
80110,Molonglo,ACT,2023,14246.0,536.0
80110,Molonglo,ACT,2024,16026.0,628.0
80111,Uriarra - Namadgi,ACT,2019,604.0,27.0
80111,Uriarra - Namadgi,ACT,2020,606.0,33.0
80111,Uriarra - Namadgi,ACT,2021,622.0,36.0
80111,Uriarra - Namadgi,ACT,2022,624.0,43.0
80111,Uriarra - Namadgi,ACT,2023,622.0,52.0
80111,Uriarra - Namadgi,ACT,2024,624.0,63.0
