YEAR,ACPR_CODE_2018,ACPR_NAME_2018,STATE,CARE_TYPE,total_admissions,pct_indigenous,pct_female,pct_cald
2024,101,Central Coast,NSW,Home care,1636,0.0,0.6301955990220048,0.039119804400977995
2024,101,Central Coast,NSW,Permanent residential care,1525,0.0,0.599344262295082,0.0419672131147541
2024,101,Central Coast,NSW,Respite residential care,2027,0.0,0.5594474592994573,0.04193389245189936
2024,101,Central Coast,NSW,Short-term restorative care,398,0.0,0.635678391959799,0.15577889447236182
2024,101,Central Coast,NSW,Transition care,398,0.0,0.5954773869346733,0.02512562814070352
2024,102,Central West,NSW,Home care,2344,0.0,0.6360921501706485,0.08617747440273038
2024,102,Central West,NSW,Permanent residential care,634,0.0,0.5678233438485805,0.0914826498422713
2024,102,Central West,NSW,Respite residential care,816,0.0,0.5674019607843137,0.07230392156862746
2024,102,Central West,NSW,Short-term restorative care,90,0.0,0.5777777777777777,0.07777777777777778
2024,102,Central West,NSW,Transition care,250,0.0,0.576,0.096
2024,103,Far North Coast,NSW,Home care,1218,0.0,0.6133004926108374,0.03366174055829228
2024,103,Far North Coast,NSW,Permanent residential care,1315,0.0,0.5885931558935361,0.0349809885931559
2024,103,Far North Coast,NSW,Respite residential care,1384,0.0,0.5708092485549133,0.03468208092485549
2024,103,Far North Coast,NSW,Short-term restorative care,11,0.0,0.6363636363636364,0.0
2024,103,Far North Coast,NSW,Transition care,263,0.0,0.5931558935361216,0.026615969581749048
2024,104,Hunter,NSW,Home care,1868,0.0,0.6247323340471093,0.05246252676659529
2024,104,Hunter,NSW,Permanent residential care,2564,0.0,0.5920436817472698,0.056162246489859596
2024,104,Hunter,NSW,Respite residential care,2305,0.0,0.5843817787418655,0.06073752711496746
2024,104,Hunter,NSW,Short-term restorative care,271,0.0,0.5977859778597786,0.07380073800738007
2024,104,Hunter,NSW,Transition care,356,0.0,0.6404494382022472,0.06179775280898876
2024,105,Illawarra,NSW,Home care,1089,0.0,0.6051423324150597,0.16345270890725436
2024,105,Illawarra,NSW,Permanent residential care,1510,0.0,0.5960264900662252,0.12119205298013246
2024,105,Illawarra,NSW,Respite residential care,1294,0.0,0.5935085007727975,0.10819165378670788
2024,105,Illawarra,NSW,Short-term restorative care,64,0.0,0.6875,0.1875
2024,105,Illawarra,NSW,Transition care,328,0.0,0.5365853658536586,0.125
2024,106,Inner West,NSW,Home care,1970,0.0,0.6375634517766497,0.6426395939086295
2024,106,Inner West,NSW,Permanent residential care,1052,0.0,0.5684410646387833,0.4458174904942966
2024,106,Inner West,NSW,Respite residential care,1642,0.0,0.5694275274056029,0.43788063337393424
2024,106,Inner West,NSW,Short-term restorative care,401,0.0,0.6259351620947631,0.6309226932668329
2024,106,Inner West,NSW,Transition care,253,0.0,0.6600790513833992,0.40711462450592883
2024,107,Mid North Coast,NSW,Home care,2146,0.0,0.5852749301025163,0.06430568499534017
2024,107,Mid North Coast,NSW,Permanent residential care,1559,0.0,0.5766516998075689,0.05131494547787043
2024,107,Mid North Coast,NSW,Respite residential care,2682,0.0,0.5637583892617449,0.047725577926920205
2024,107,Mid North Coast,NSW,Short-term restorative care,262,0.0,0.5801526717557252,0.2366412213740458
2024,107,Mid North Coast,NSW,Transition care,391,0.0,0.5728900255754475,0.0792838874680307
2024,108,Nepean,NSW,Home care,738,0.0,0.6436314363143631,0.2181571815718157
2024,108,Nepean,NSW,Permanent residential care,866,0.0,0.5958429561200924,0.08775981524249422
2024,108,Nepean,NSW,Respite residential care,1026,0.0,0.5779727095516569,0.0769980506822612
2024,108,Nepean,NSW,Transition care,189,0.0,0.6137566137566137,0.08465608465608465
2024,109,New England,NSW,Home care,463,0.0,0.6479481641468683,0.02159827213822894
2024,109,New England,NSW,Permanent residential care,675,0.0,0.5822222222222222,0.045925925925925926
2024,109,New England,NSW,Respite residential care,796,0.0,0.5741206030150754,0.06658291457286432
2024,109,New England,NSW,Short-term restorative care,107,0.0,0.5420560747663551,0.018691588785046728
2024,109,New England,NSW,Transition care,348,0.0,0.5948275862068966,0.09195402298850575
2024,110,Northern Sydney,NSW,Home care,3289,0.0,0.6114320462146549,0.20948616600790515
2024,110,Northern Sydney,NSW,Permanent residential care,2710,0.0,0.5837638376383764,0.12656826568265683
2024,110,Northern Sydney,NSW,Respite residential care,4443,0.0,0.5728111636281792,0.11681296421336934
2024,110,Northern Sydney,NSW,Short-term restorative care,171,0.0,0.5672514619883041,0.07602339181286549
2024,110,Northern Sydney,NSW,Transition care,320,0.0,0.6,0.053125
2024,111,Orana Far West,NSW,Home care,399,0.0,0.606516290726817,0.07769423558897243
2024,111,Orana Far West,NSW,Permanent residential care,471,0.0,0.6220806794055201,0.025477707006369428
2024,111,Orana Far West,NSW,Respite residential care,735,0.0,0.5836734693877551,0.036734693877551024
2024,111,Orana Far West,NSW,Short-term restorative care,37,0.0,0.6486486486486487,0.05405405405405406
2024,111,Orana Far West,NSW,Transition care,8,0.0,0.75,0.0
2024,112,Riverina/Murray,NSW,Home care,2351,0.0,0.6312207571246278,0.07443641003828158
2024,112,Riverina/Murray,NSW,Permanent residential care,1016,0.0,0.5895669291338582,0.05708661417322835
2024,112,Riverina/Murray,NSW,Respite residential care,1490,0.0,0.5892617449664429,0.056375838926174496
2024,112,Riverina/Murray,NSW,Short-term restorative care,25,0.0,0.72,0.0
2024,112,Riverina/Murray,NSW,Transition care,444,0.0,0.5900900900900901,0.038288288288288286
2024,113,South East Sydney,NSW,Home care,4988,0.0,0.6251002405773858,0.21150761828388132
2024,113,South East Sydney,NSW,Permanent residential care,2690,0.0,0.5817843866171004,0.23531598513011154
2024,113,South East Sydney,NSW,Respite residential care,4653,0.0,0.5716741886954653,0.24822695035460993
2024,113,South East Sydney,NSW,Short-term restorative care,145,0.0,0.5724137931034483,0.2
2024,113,South East Sydney,NSW,Transition care,603,0.0,0.5091210613598673,0.23217247097844113
2024,114,South West Sydney,NSW,Home care,2463,0.0,0.606171335769387,0.42752740560292324
2024,114,South West Sydney,NSW,Permanent residential care,2489,0.0,0.5717155484130173,0.3222177581357975
2024,114,South West Sydney,NSW,Respite residential care,3842,0.0,0.5856324830817282,0.3472149921915669
2024,114,South West Sydney,NSW,Short-term restorative care,136,0.0,0.6176470588235294,0.4485294117647059
2024,114,South West Sydney,NSW,Transition care,356,0.0,0.5337078651685393,0.3061797752808989
2024,115,Southern Highlands,NSW,Home care,540,0.0,0.6277777777777778,0.04259259259259259
2024,115,Southern Highlands,NSW,Permanent residential care,816,0.0,0.5759803921568627,0.07598039215686274
2024,115,Southern Highlands,NSW,Respite residential care,1200,0.0,0.6,0.07916666666666666
2024,115,Southern Highlands,NSW,Short-term restorative care,2,0.0,1.0,0.0
2024,115,Southern Highlands,NSW,Transition care,211,0.0,0.5213270142180095,0.17535545023696683
2024,116,Western Sydney,NSW,Home care,4505,0.0,0.6213096559378468,0.41220865704772475
2024,116,Western Sydney,NSW,Permanent residential care,2049,0.0,0.5861395802830649,0.2449975597852611
2024,116,Western Sydney,NSW,Respite residential care,3346,0.0,0.5857740585774058,0.2522414823670054
2024,116,Western Sydney,NSW,Short-term restorative care,303,0.0,0.6534653465346535,0.25412541254125415
2024,116,Western Sydney,NSW,Transition care,328,0.0,0.5914634146341463,0.24085365853658536
2024,201,Barwon-South Western,VIC,Home care,1453,0.0,0.6276668960770819,0.06262904335856848
2024,201,Barwon-South Western,VIC,Permanent residential care,1846,0.0,0.5812567713976164,0.05417118093174431
2024,201,Barwon-South Western,VIC,Respite residential care,2955,0.0,0.5925549915397631,0.048730964467005075
2024,201,Barwon-South Western,VIC,Short-term restorative care,166,0.0,0.7108433734939759,0.10240963855421686
2024,201,Barwon-South Western,VIC,Transition care,317,0.0,0.5899053627760252,0.03785488958990536
2024,202,Eastern Metro,VIC,Home care,6954,0.0,0.6278400920333621,0.3189531205061835
2024,202,Eastern Metro,VIC,Permanent residential care,3954,0.0,0.5988872028325746,0.16970156803237227
2024,202,Eastern Metro,VIC,Respite residential care,6563,0.0,0.6105439585555387,0.1727868352887399
2024,202,Eastern Metro,VIC,Short-term restorative care,777,0.0,0.6036036036036037,0.32175032175032175
2024,202,Eastern Metro,VIC,Transition care,538,0.0,0.5910780669144982,0.18773234200743494
2024,203,Gippsland,VIC,Home care,1280,0.0,0.590625,0.025
2024,203,Gippsland,VIC,Permanent residential care,1210,0.0,0.6024793388429752,0.03305785123966942
2024,203,Gippsland,VIC,Respite residential care,1935,0.0,0.5731266149870801,0.03927648578811369
2024,203,Gippsland,VIC,Short-term restorative care,43,0.0,0.4186046511627907,0.046511627906976744
2024,203,Gippsland,VIC,Transition care,139,0.0,0.6115107913669064,0.02877697841726619
2024,204,Grampians,VIC,Home care,611,0.0,0.6153846153846154,0.03273322422258593
2024,204,Grampians,VIC,Permanent residential care,1051,0.0,0.5984776403425309,0.019029495718363463
2024,204,Grampians,VIC,Respite residential care,1110,0.0,0.5918918918918918,0.014414414414414415
2024,204,Grampians,VIC,Short-term restorative care,184,0.0,0.5815217391304348,0.021739130434782608
2024,204,Grampians,VIC,Transition care,181,0.0,0.6685082872928176,0.011049723756906077
2024,205,Hume,VIC,Home care,1070,0.0,0.6,0.09719626168224299
2024,205,Hume,VIC,Permanent residential care,1137,0.0,0.5839929639401935,0.05804749340369393
2024,205,Hume,VIC,Respite residential care,1626,0.0,0.5879458794587946,0.06273062730627306
2024,205,Hume,VIC,Short-term restorative care,211,0.0,0.6398104265402843,0.07109004739336493
2024,205,Hume,VIC,Transition care,263,0.0,0.6083650190114068,0.07604562737642585
2024,206,Loddon-Mallee,VIC,Home care,767,0.0,0.5932203389830508,0.04302477183833116
2024,206,Loddon-Mallee,VIC,Permanent residential care,1426,0.0,0.5995792426367461,0.028050490883590462
2024,206,Loddon-Mallee,VIC,Respite residential care,1701,0.0,0.6090534979423868,0.03292181069958848
2024,206,Loddon-Mallee,VIC,Short-term restorative care,35,0.0,0.7142857142857143,0.05714285714285714
2024,206,Loddon-Mallee,VIC,Transition care,314,0.0,0.6114649681528662,0.012738853503184714
2024,207,Northern Metro,VIC,Home care,2968,0.0,0.6270215633423181,0.4221698113207547
2024,207,Northern Metro,VIC,Permanent residential care,2449,0.0,0.5794201714985708,0.32380563495304204
2024,207,Northern Metro,VIC,Respite residential care,4050,0.0,0.5958024691358025,0.34617283950617284
2024,207,Northern Metro,VIC,Short-term restorative care,294,0.0,0.6530612244897959,0.5
2024,207,Northern Metro,VIC,Transition care,423,0.0,0.5721040189125296,0.32387706855791965
2024,208,Southern Metro,VIC,Home care,4973,0.0,0.6163281721294993,0.19585763120852603
2024,208,Southern Metro,VIC,Permanent residential care,4671,0.0,0.5919503318347249,0.15071719117961893
2024,208,Southern Metro,VIC,Respite residential care,6830,0.0,0.605710102489019,0.13748169838945828
2024,208,Southern Metro,VIC,Short-term restorative care,54,0.0,0.6296296296296297,0.3333333333333333
2024,208,Southern Metro,VIC,Transition care,746,0.0,0.6112600536193029,0.1769436997319035
2024,209,Western Metro,VIC,Home care,2428,0.0,0.6206754530477759,0.38344316309719934
2024,209,Western Metro,VIC,Permanent residential care,2024,0.0,0.5953557312252964,0.3221343873517787
2024,209,Western Metro,VIC,Respite residential care,3477,0.0,0.5918895599654875,0.3293068737417314
2024,209,Western Metro,VIC,Short-term restorative care,387,0.0,0.6459948320413437,0.3049095607235142
2024,209,Western Metro,VIC,Transition care,500,0.0,0.556,0.368
2024,301,Brisbane North,QLD,Home care,7260,0.0,0.6110192837465565,0.17892561983471075
2024,301,Brisbane North,QLD,Permanent residential care,1644,0.0,0.601581508515815,0.06690997566909976
2024,301,Brisbane North,QLD,Respite residential care,1578,0.0,0.5925221799746515,0.06717363751584284
2024,301,Brisbane North,QLD,Short-term restorative care,108,0.0,0.6574074074074074,0.07407407407407407
2024,301,Brisbane North,QLD,Transition care,447,0.0,0.5928411633109619,0.09172259507829977
2024,302,Brisbane South,QLD,Home care,4837,0.0,0.61794500723589,0.14306388257184205
2024,302,Brisbane South,QLD,Permanent residential care,2444,0.0,0.5846972176759411,0.1104746317512275
2024,302,Brisbane South,QLD,Respite residential care,2851,0.0,0.5903191862504384,0.13118204138898631
2024,302,Brisbane South,QLD,Transition care,401,0.0,0.6034912718204489,0.08229426433915212
2024,303,Cabool,QLD,Home care,2000,0.0,0.6125,0.1545
2024,303,Cabool,QLD,Permanent residential care,1576,0.0,0.5824873096446701,0.05266497461928934
2024,303,Cabool,QLD,Respite residential care,1356,0.0,0.6010324483775811,0.046460176991150445
2024,303,Cabool,QLD,Short-term restorative care,289,0.0,0.6089965397923875,0.05190311418685121
2024,304,Central West,QLD,Home care,16,0.0,0.5,0.0
2024,304,Central West,QLD,Permanent residential care,34,0.0,0.5294117647058824,0.058823529411764705
2024,304,Central West,QLD,Respite residential care,45,0.0,0.5777777777777777,0.022222222222222223
2024,304,Central West,QLD,Short-term restorative care,26,0.0,0.6923076923076923,0.07692307692307693
2024,305,Darling Downs,QLD,Home care,1234,0.0,0.5996758508914101,0.046191247974068074
2024,305,Darling Downs,QLD,Permanent residential care,1012,0.0,0.5869565217391305,0.040513833992094864
2024,305,Darling Downs,QLD,Respite residential care,1027,0.0,0.5569620253164557,0.0379746835443038
2024,305,Darling Downs,QLD,Short-term restorative care,87,0.0,0.6091954022988506,0.022988505747126436
2024,305,Darling Downs,QLD,Transition care,199,0.0,0.6381909547738693,0.05527638190954774
2024,306,Far North,QLD,Home care,1218,0.0,0.5935960591133005,0.15270935960591134
2024,306,Far North,QLD,Permanent residential care,768,0.0,0.52734375,0.10026041666666667
2024,306,Far North,QLD,Respite residential care,1129,0.0,0.5491585473870682,0.0983170947741364
2024,306,Far North,QLD,Short-term restorative care,297,0.0,0.5723905723905723,0.08417508417508418
2024,306,Far North,QLD,Transition care,155,0.0,0.535483870967742,0.05161290322580645
2024,307,Fitzroy,QLD,Home care,584,0.0,0.5821917808219178,0.04280821917808219
2024,307,Fitzroy,QLD,Permanent residential care,560,0.0,0.5571428571428572,0.039285714285714285
2024,307,Fitzroy,QLD,Respite residential care,269,0.0,0.5687732342007435,0.0037174721189591076
2024,307,Fitzroy,QLD,Short-term restorative care,102,0.0,0.6470588235294118,0.00980392156862745
2024,307,Fitzroy,QLD,Transition care,104,0.0,0.5576923076923077,0.057692307692307696
2024,308,Logan River Valley,QLD,Home care,487,0.0,0.6509240246406571,0.10472279260780287
2024,308,Logan River Valley,QLD,Permanent residential care,863,0.0,0.5990730011587485,0.0660486674391657
2024,308,Logan River Valley,QLD,Respite residential care,896,0.0,0.578125,0.06696428571428571
2024,309,Mackay,QLD,Home care,91,0.0,0.5824175824175825,0.04395604395604396
2024,309,Mackay,QLD,Permanent residential care,357,0.0,0.6302521008403361,0.05322128851540616
2024,309,Mackay,QLD,Respite residential care,237,0.0,0.5611814345991561,0.04219409282700422
2024,309,Mackay,QLD,Short-term restorative care,25,0.0,0.68,0.0
2024,309,Mackay,QLD,Transition care,97,0.0,0.6804123711340206,0.041237113402061855
2024,310,North West,QLD,Home care,12,0.0,0.5,0.0
2024,310,North West,QLD,Permanent residential care,4,0.0,0.5,0.0
2024,310,North West,QLD,Respite residential care,8,0.0,0.25,0.25
2024,311,Northern,QLD,Home care,3972,0.0,0.5901309164149043,0.05085599194360524
2024,311,Northern,QLD,Permanent residential care,759,0.0,0.5876152832674572,0.04743083003952569
2024,311,Northern,QLD,Respite residential care,429,0.0,0.5897435897435898,0.06993006993006994
2024,311,Northern,QLD,Short-term restorative care,13,0.0,0.5384615384615384,0.0
2024,311,Northern,QLD,Transition care,122,0.0,0.5983606557377049,0.03278688524590164
2024,312,South Coast,QLD,Home care,1059,0.0,0.5996222851746931,0.06421152030217187
2024,312,South Coast,QLD,Permanent residential care,1771,0.0,0.5866741953698476,0.059853190287972896
2024,312,South Coast,QLD,Respite residential care,1747,0.0,0.5861476817401259,0.044647967945048654
2024,312,South Coast,QLD,Short-term restorative care,805,0.0,0.5875776397515527,0.09813664596273292
2024,312,South Coast,QLD,Transition care,354,0.0,0.5282485875706214,0.03389830508474576
2024,313,South West,QLD,Home care,160,0.0,0.58125,0.05
2024,313,South West,QLD,Permanent residential care,57,0.0,0.6666666666666666,0.08771929824561403
2024,313,South West,QLD,Respite residential care,59,0.0,0.6271186440677966,0.1016949152542373
2024,314,Sunshine Coast,QLD,Home care,2574,0.0,0.5932400932400932,0.04195804195804196
2024,314,Sunshine Coast,QLD,Permanent residential care,1931,0.0,0.5779388917659244,0.03935784567581564
2024,314,Sunshine Coast,QLD,Respite residential care,2983,0.0,0.5611800201139792,0.03586992960107275
2024,314,Sunshine Coast,QLD,Short-term restorative care,666,0.0,0.6006006006006006,0.07357357357357357
2024,314,Sunshine Coast,QLD,Transition care,211,0.0,0.5592417061611374,0.018957345971563982
2024,315,West Moreton,QLD,Home care,331,0.0,0.6042296072507553,0.03625377643504532
2024,315,West Moreton,QLD,Permanent residential care,534,0.0,0.5898876404494382,0.06554307116104868
2024,315,West Moreton,QLD,Respite residential care,335,0.0,0.5701492537313433,0.0626865671641791
2024,315,West Moreton,QLD,Transition care,183,0.0,0.6174863387978142,0.04371584699453552
2024,316,Wide Bay,QLD,Home care,859,0.0,0.5774155995343423,0.05587892898719441
2024,316,Wide Bay,QLD,Permanent residential care,1045,0.0,0.5674641148325359,0.03732057416267943
2024,316,Wide Bay,QLD,Respite residential care,821,0.0,0.5809987819732034,0.0438489646772229
2024,316,Wide Bay,QLD,Transition care,213,0.0,0.5492957746478874,0.051643192488262914
2024,401,Eyre Peninsula,SA,Home care,816,0.0,0.6139705882352942,0.2107843137254902
2024,401,Eyre Peninsula,SA,Permanent residential care,84,0.0,0.5952380952380952,0.047619047619047616
2024,401,Eyre Peninsula,SA,Respite residential care,128,0.0,0.4296875,0.09375
2024,402,"Hills, Mallee & Southern",SA,Home care,455,0.0,0.5582417582417583,0.0967032967032967
2024,402,"Hills, Mallee & Southern",SA,Permanent residential care,588,0.0,0.6037414965986394,0.04931972789115646
2024,402,"Hills, Mallee & Southern",SA,Respite residential care,1007,0.0,0.5531281032770605,0.05660377358490566
2024,402,"Hills, Mallee & Southern",SA,Short-term restorative care,63,0.0,0.5079365079365079,0.031746031746031744
2024,402,"Hills, Mallee & Southern",SA,Transition care,267,0.0,0.6067415730337079,0.10861423220973783
2024,403,Metropolitan East,SA,Home care,2794,0.0,0.6195418754473873,0.15748031496062992
2024,403,Metropolitan East,SA,Permanent residential care,941,0.0,0.6153028692879915,0.1275239107332625
2024,403,Metropolitan East,SA,Respite residential care,1541,0.0,0.6385463984425698,0.14471122647631407
2024,403,Metropolitan East,SA,Short-term restorative care,197,0.0,0.6446700507614214,0.15228426395939088
2024,404,Metropolitan North,SA,Home care,850,0.0,0.6270588235294118,0.0976470588235294
2024,404,Metropolitan North,SA,Permanent residential care,1245,0.0,0.58714859437751,0.10120481927710843
2024,404,Metropolitan North,SA,Respite residential care,2047,0.0,0.5725451880801172,0.1172447484123107
2024,404,Metropolitan North,SA,Short-term restorative care,53,0.0,0.49056603773584906,0.07547169811320754
2024,404,Metropolitan North,SA,Transition care,242,0.0,0.6735537190082644,0.14049586776859505
2024,405,Metropolitan South,SA,Home care,1371,0.0,0.6272793581327498,0.0736688548504741
2024,405,Metropolitan South,SA,Permanent residential care,1501,0.0,0.6209193870752832,0.05729513657561625
2024,405,Metropolitan South,SA,Respite residential care,2375,0.0,0.6054736842105263,0.06315789473684211
2024,405,Metropolitan South,SA,Short-term restorative care,105,0.0,0.638095238095238,0.0761904761904762
2024,405,Metropolitan South,SA,Transition care,223,0.0,0.5739910313901345,0.11659192825112108
2024,406,Metropolitan West,SA,Home care,1098,0.0,0.6293260473588342,0.35792349726775957
2024,406,Metropolitan West,SA,Permanent residential care,901,0.0,0.5871254162042175,0.2286348501664817
2024,406,Metropolitan West,SA,Respite residential care,1575,0.0,0.5980952380952381,0.25333333333333335
2024,406,Metropolitan West,SA,Short-term restorative care,70,0.0,0.6714285714285714,0.18571428571428572
2024,406,Metropolitan West,SA,Transition care,389,0.0,0.6323907455012854,0.2236503856041131
2024,407,Mid North,SA,Home care,132,0.0,0.6287878787878788,0.09090909090909091
2024,407,Mid North,SA,Permanent residential care,143,0.0,0.6573426573426573,0.04895104895104895
2024,407,Mid North,SA,Respite residential care,159,0.0,0.710691823899371,0.0440251572327044
2024,408,Riverland,SA,Home care,246,0.0,0.6260162601626016,0.15040650406504066
2024,408,Riverland,SA,Permanent residential care,134,0.0,0.6492537313432836,0.08955223880597014
2024,408,Riverland,SA,Respite residential care,238,0.0,0.6050420168067226,0.1134453781512605
2024,409,South East,SA,Home care,200,0.0,0.63,0.06
2024,409,South East,SA,Permanent residential care,216,0.0,0.6018518518518519,0.041666666666666664
2024,409,South East,SA,Respite residential care,412,0.0,0.5752427184466019,0.055825242718446605
2024,410,Flinders & Far North,SA,Home care,77,0.0,0.6493506493506493,0.06493506493506493
2024,410,Flinders & Far North,SA,Permanent residential care,65,0.0,0.6461538461538462,0.13846153846153847
2024,410,Flinders & Far North,SA,Respite residential care,98,0.0,0.6632653061224489,0.11224489795918367
2024,411,"Yorke, Lower North & Barossa",SA,Home care,316,0.0,0.6265822784810127,0.0379746835443038
2024,411,"Yorke, Lower North & Barossa",SA,Permanent residential care,432,0.0,0.6018518518518519,0.04861111111111111
2024,411,"Yorke, Lower North & Barossa",SA,Respite residential care,708,0.0,0.5805084745762712,0.0480225988700565
2024,501,Goldfields,WA,Home care,58,0.0,0.5689655172413793,0.06896551724137931
2024,501,Goldfields,WA,Permanent residential care,118,0.0,0.5423728813559322,0.09322033898305085
2024,501,Goldfields,WA,Respite residential care,79,0.0,0.569620253164557,0.1518987341772152
2024,502,Great Southern,WA,Home care,157,0.0,0.5414012738853503,0.012738853503184714
2024,502,Great Southern,WA,Permanent residential care,186,0.0,0.532258064516129,0.021505376344086023
2024,502,Great Southern,WA,Respite residential care,86,0.0,0.5348837209302325,0.0
2024,502,Great Southern,WA,Short-term restorative care,9,0.0,0.7777777777777778,0.0
2024,502,Great Southern,WA,Transition care,43,0.0,0.5813953488372093,0.0
2024,503,Kimberley,WA,Home care,18,0.0,0.5555555555555556,0.2777777777777778
2024,503,Kimberley,WA,Permanent residential care,46,0.0,0.45652173913043476,0.3695652173913043
2024,503,Kimberley,WA,Respite residential care,39,0.0,0.7692307692307693,0.3333333333333333
2024,503,Kimberley,WA,Transition care,22,0.0,0.9090909090909091,0.45454545454545453
2024,504,Metropolitan East,WA,Home care,1838,0.0,0.6213275299238302,0.14091403699673558
2024,504,Metropolitan East,WA,Permanent residential care,1214,0.0,0.5593080724876441,0.08896210873146623
2024,504,Metropolitan East,WA,Respite residential care,739,0.0,0.5588633288227334,0.11096075778078485
2024,504,Metropolitan East,WA,Short-term restorative care,472,0.0,0.614406779661017,0.13983050847457626
2024,504,Metropolitan East,WA,Transition care,351,0.0,0.5925925925925926,0.09686609686609686
2024,505,Metropolitan North,WA,Home care,2519,0.0,0.6077808654227869,0.13656212782850338
2024,505,Metropolitan North,WA,Permanent residential care,1895,0.0,0.612664907651715,0.09551451187335093
2024,505,Metropolitan North,WA,Respite residential care,1203,0.0,0.5627597672485453,0.12136325852036575
2024,505,Metropolitan North,WA,Transition care,691,0.0,0.573082489146165,0.1085383502170767
2024,506,Metropolitan South East,WA,Home care,1751,0.0,0.6099371787549971,0.10908052541404911
2024,506,Metropolitan South East,WA,Permanent residential care,1335,0.0,0.6037453183520599,0.07865168539325842
2024,506,Metropolitan South East,WA,Respite residential care,885,0.0,0.5830508474576271,0.11299435028248588
2024,506,Metropolitan South East,WA,Short-term restorative care,552,0.0,0.6195652173913043,0.09057971014492754
2024,506,Metropolitan South East,WA,Transition care,205,0.0,0.526829268292683,0.08780487804878048
2024,507,Metropolitan South West,WA,Home care,1392,0.0,0.584051724137931,0.09267241379310345
2024,507,Metropolitan South West,WA,Permanent residential care,1701,0.0,0.6025867136978248,0.07818930041152264
2024,507,Metropolitan South West,WA,Respite residential care,1210,0.0,0.5669421487603306,0.10661157024793388
2024,507,Metropolitan South West,WA,Transition care,150,0.0,0.56,0.09333333333333334
2024,508,Mid West,WA,Home care,76,0.0,0.5131578947368421,0.05263157894736842
2024,508,Mid West,WA,Permanent residential care,117,0.0,0.6324786324786325,0.05982905982905983
2024,508,Mid West,WA,Respite residential care,8,0.0,0.75,0.0
2024,508,Mid West,WA,Short-term restorative care,45,0.0,0.6444444444444445,0.06666666666666667
2024,508,Mid West,WA,Transition care,73,0.0,0.5753424657534246,0.0821917808219178
2024,509,Pilbara,WA,Home care,19,0.0,0.631578947368421,0.2631578947368421
2024,509,Pilbara,WA,Permanent residential care,26,0.0,0.5769230769230769,0.4230769230769231
2024,509,Pilbara,WA,Respite residential care,28,0.0,0.5357142857142857,0.35714285714285715
2024,510,South West,WA,Home care,603,0.0,0.5737976782752903,0.1310116086235489
2024,510,South West,WA,Permanent residential care,531,0.0,0.6045197740112994,0.062146892655367235
2024,510,South West,WA,Respite residential care,220,0.0,0.5863636363636363,0.03636363636363636
2024,510,South West,WA,Short-term restorative care,21,0.0,0.6190476190476191,0.047619047619047616
2024,510,South West,WA,Transition care,20,0.0,0.7,0.0
2024,511,Wheatbelt,WA,Home care,245,0.0,0.5836734693877551,0.04897959183673469
2024,511,Wheatbelt,WA,Permanent residential care,123,0.0,0.5609756097560976,0.06504065040650407
2024,511,Wheatbelt,WA,Respite residential care,113,0.0,0.49557522123893805,0.05309734513274336
2024,601,North Western,TAS,Home care,525,0.0,0.6038095238095238,0.030476190476190476
2024,601,North Western,TAS,Permanent residential care,461,0.0,0.544468546637744,0.028199566160520606
2024,601,North Western,TAS,Respite residential care,577,0.0,0.608318890814558,0.01559792027729636
2024,601,North Western,TAS,Short-term restorative care,81,0.0,0.5802469135802469,0.0
2024,601,North Western,TAS,Transition care,35,0.0,0.45714285714285713,0.14285714285714285
2024,602,Northern,TAS,Home care,727,0.0,0.6396148555708391,0.06327372764786796
2024,602,Northern,TAS,Permanent residential care,569,0.0,0.5852372583479789,0.0210896309314587
2024,602,Northern,TAS,Respite residential care,735,0.0,0.6027210884353742,0.024489795918367346
2024,602,Northern,TAS,Short-term restorative care,65,0.0,0.6,0.015384615384615385
2024,602,Northern,TAS,Transition care,111,0.0,0.6486486486486487,0.04504504504504504
2024,603,Southern,TAS,Home care,1131,0.0,0.6507515473032714,0.036251105216622455
2024,603,Southern,TAS,Permanent residential care,847,0.0,0.5926800472255017,0.04132231404958678
2024,603,Southern,TAS,Respite residential care,980,0.0,0.5581632653061225,0.04183673469387755
2024,603,Southern,TAS,Short-term restorative care,132,0.0,0.5681818181818182,0.030303030303030304
2024,603,Southern,TAS,Transition care,249,0.0,0.5622489959839357,0.028112449799196786
2024,701,Alice Springs,NT,Home care,58,0.0,0.6206896551724138,0.20689655172413793
2024,701,Alice Springs,NT,Permanent residential care,82,0.0,0.6829268292682927,0.6219512195121951
2024,701,Alice Springs,NT,Respite residential care,68,0.0,0.6764705882352942,0.47058823529411764
2024,701,Alice Springs,NT,Short-term restorative care,2,0.0,0.0,1.0
2024,703,Darwin,NT,Home care,193,0.0,0.5906735751295337,0.18652849740932642
2024,703,Darwin,NT,Permanent residential care,118,0.0,0.5338983050847458,0.19491525423728814
2024,703,Darwin,NT,Respite residential care,84,0.0,0.5119047619047619,0.17857142857142858
2024,703,Darwin,NT,Short-term restorative care,85,0.0,0.5529411764705883,0.08235294117647059
2024,703,Darwin,NT,Transition care,139,0.0,0.460431654676259,0.17985611510791366
2024,704,East Arnhem,NT,Home care,42,0.0,0.5714285714285714,0.8095238095238095
2024,705,Katherine,NT,Home care,33,0.0,0.3939393939393939,0.42424242424242425
2024,705,Katherine,NT,Permanent residential care,18,0.0,0.2222222222222222,0.5555555555555556
2024,705,Katherine,NT,Respite residential care,39,0.0,0.38461538461538464,0.3076923076923077
2024,801,ACT,ACT,Home care,889,0.0,0.6276715410573678,0.10798650168728909
2024,801,ACT,ACT,Permanent residential care,928,0.0,0.5775862068965517,0.10883620689655173
2024,801,ACT,ACT,Respite residential care,876,0.0,0.5616438356164384,0.11529680365296803
2024,801,ACT,ACT,Short-term restorative care,199,0.0,0.6080402010050251,0.07537688442211055
2024,801,ACT,ACT,Transition care,225,0.0,0.6666666666666666,0.18666666666666668
