acpr_code,acpr_name,state,year,total_users,n_male,n_female,n_indigenous,n_nesb,n_english_speaking,hcp_l1,hcp_l2,hcp_l3,hcp_l4,n_age_0_49,n_age_50_54,n_age_55_59,n_age_60_64,n_age_65_69,n_age_70_74,n_age_75_79,n_age_80_84,n_age_85_89,n_age_90_94,n_age_95_99,n_age_100_plus
101,Central Coast,NSW,2024,5142,1695,3446,221,527,558,373,2332,1668,769,5,11,22,56,196,538,919,1195,1208,762,209,21
102,Central West,NSW,2024,5572,1810,3762,841,633,294,569,2825,1664,514,0,38,74,130,301,645,1047,1191,1261,704,166,15
103,Far North Coast,NSW,2024,3578,1225,2353,129,211,377,293,1735,1054,496,0,4,9,24,133,360,620,832,928,524,126,18
104,Hunter,NSW,2024,6360,2058,4302,316,537,475,651,2751,1749,1209,3,9,39,56,237,621,1157,1505,1512,935,257,29
105,Illawarra,NSW,2024,4080,1315,2764,194,943,426,269,1708,1412,691,2,2,15,28,150,396,706,888,1062,607,201,23
106,Inner West,NSW,2024,6155,2011,4142,24,5010,136,367,2791,2078,919,0,0,4,8,194,564,1078,1467,1633,952,217,38
107,Mid North Coast,NSW,2024,5948,2175,3771,389,334,499,465,2414,2025,1044,0,11,42,89,260,648,1081,1362,1408,807,215,25
108,Nepean,NSW,2024,1960,629,1331,41,574,216,112,899,667,282,0,2,10,10,65,258,384,498,422,241,62,8
109,New England,NSW,2024,1266,428,838,149,42,60,101,624,385,156,0,3,13,23,78,156,228,285,294,136,46,4
110,Northern Sydney,NSW,2024,8560,2939,5620,82,3292,838,593,3669,2737,1561,1,4,9,19,288,860,1465,1978,2144,1335,404,53
111,Orana Far West,NSW,2024,4249,1310,2939,233,597,260,410,2132,1254,453,0,4,19,35,144,442,756,971,1041,644,170,23
112,Riverina/Murray,NSW,2024,4767,1625,3141,153,466,283,478,2386,1344,559,1,5,16,41,211,531,923,1140,1130,598,157,14
113,South East Sydney,NSW,2024,11978,4188,7789,307,4741,1158,653,4929,3979,2417,1,11,39,57,497,1399,2136,2691,2899,1690,486,72
114,South West Sydney,NSW,2024,6404,2219,4185,133,3908,343,507,2785,2189,923,1,6,11,29,360,852,1244,1474,1331,841,224,31
115,Southern Highlands,NSW,2024,1875,626,1247,140,170,176,101,941,586,247,1,6,19,34,76,186,341,456,428,228,90,10
116,Western Sydney,NSW,2024,13380,4549,8830,229,7903,745,1063,5882,4334,2101,2,9,36,38,596,1894,2776,3089,2834,1584,458,64
201,Barwon-South Western,VIC,2024,4738,1590,3148,77,703,417,95,1948,1496,1199,0,2,6,20,179,503,841,1220,1145,655,159,8
202,Eastern Metro,VIC,2024,21774,7449,14321,200,11590,1488,1446,9467,6290,4571,2,14,26,34,701,2481,4140,5245,5505,2834,699,93
203,Gippsland,VIC,2024,4750,1662,3087,123,540,548,345,2015,1456,934,0,9,20,43,206,639,994,1158,1077,475,122,7
204,Grampians,VIC,2024,1619,597,1022,37,170,119,50,810,463,296,0,1,2,8,70,195,302,392,351,234,54,10
205,Hume,VIC,2024,3776,1316,2460,324,761,256,305,1955,954,562,0,8,48,58,177,463,765,872,820,437,119,9
206,Loddon-Mallee,VIC,2024,2633,936,1697,54,303,161,144,1235,749,505,1,1,7,15,104,288,543,639,626,317,85,7
207,Northern Metro,VIC,2024,8533,2763,5770,71,5757,309,316,3428,2768,2021,3,5,11,14,332,1045,1633,2135,2003,1093,229,30
208,Southern Metro,VIC,2024,15393,5176,10215,99,6478,1568,569,6335,4805,3684,0,2,13,31,446,1532,2807,3612,3909,2324,635,82
209,Western Metro,VIC,2024,7592,2574,5017,111,5089,318,172,3069,2593,1758,4,5,20,41,300,1060,1480,1840,1635,904,273,30
301,Brisbane North,QLD,2024,13674,4878,8795,298,3821,1416,686,5172,4554,3262,3,18,39,69,679,1916,2737,3077,2860,1715,489,72
302,Brisbane South,QLD,2024,11799,4110,7688,279,3253,1355,515,4525,4152,2607,2,25,31,56,562,1550,2303,2815,2583,1425,393,54
303,Cabool,QLD,2024,5570,2025,3543,362,1145,702,228,2009,2015,1318,1,13,55,53,260,782,1103,1314,1175,614,177,23
304,Central West,QLD,2024,29,13,16,2,0,1,2,17,5,5,0,0,0,0,3,4,3,11,4,3,1,0
305,Darling Downs,QLD,2024,2876,999,1877,78,188,217,241,1375,829,431,0,3,7,13,112,308,559,636,733,406,92,7
306,Far North,QLD,2024,2414,905,1509,230,427,235,65,1239,763,347,0,6,20,24,142,349,496,561,488,251,70,7
307,Fitzroy,QLD,2024,1932,677,1254,107,70,126,43,695,900,294,0,2,8,18,104,259,399,480,382,214,52,14
308,Logan River Valley,QLD,2024,1521,480,1040,64,365,200,68,626,520,307,1,2,10,15,67,188,315,350,343,179,46,5
309,Mackay,QLD,2024,298,103,195,7,18,25,13,168,87,30,0,0,0,1,14,32,59,76,70,34,10,2
310,North West,QLD,2024,65,27,38,35,0,2,0,32,19,14,0,3,3,1,10,17,12,8,6,4,1,0
311,Northern,QLD,2024,5275,1933,3341,255,487,545,190,2045,1884,1156,0,11,20,40,286,669,1043,1277,1098,644,171,16
312,South Coast,QLD,2024,3406,1171,2235,89,510,509,197,1452,1065,692,1,3,3,14,100,402,691,843,772,420,143,14
313,South West,QLD,2024,238,90,148,30,10,11,24,129,55,30,0,0,1,0,10,27,50,52,59,36,2,1
314,Sunshine Coast,QLD,2024,6962,2569,4391,116,524,1048,186,2284,2362,2130,2,9,7,25,303,782,1417,1756,1586,839,208,28
315,West Moreton,QLD,2024,1000,380,620,39,98,121,107,447,304,142,0,1,8,4,67,155,229,231,180,94,26,5
316,Wide Bay,QLD,2024,2462,868,1592,81,201,244,206,1104,757,395,0,2,6,9,118,316,523,592,509,291,89,7
401,Eyre Peninsula,SA,2024,1794,637,1157,20,653,161,163,959,485,187,0,2,1,9,80,219,334,470,413,212,53,1
402,"Hills, Mallee & Southern",SA,2024,1550,556,994,25,305,203,47,612,570,321,0,0,5,3,42,143,286,371,401,242,50,7
403,Metropolitan East,SA,2024,7944,2661,5283,91,2386,1110,300,2823,3082,1739,0,4,10,38,287,813,1471,1842,1951,1161,328,39
404,Metropolitan North,SA,2024,2350,781,1569,35,575,470,106,913,889,442,0,4,7,9,95,316,489,585,504,262,71,8
405,Metropolitan South,SA,2024,4041,1357,2683,23,730,661,49,1072,1749,1171,0,5,6,7,156,416,736,926,983,592,200,14
406,Metropolitan West,SA,2024,3106,1007,2098,474,1368,191,58,980,1373,695,0,28,62,107,163,294,547,648,739,407,105,6
407,Mid North,SA,2024,368,125,243,11,30,54,44,185,103,36,0,1,2,2,17,44,79,96,79,39,8,1
408,Riverland,SA,2024,718,256,462,31,102,45,10,262,271,175,0,1,3,9,28,91,137,155,158,98,33,5
409,South East,SA,2024,631,214,417,12,42,57,44,356,184,47,0,1,2,4,26,75,104,151,132,115,20,1
410,Flinders & Far North,SA,2024,299,106,193,11,23,46,20,140,115,24,0,0,1,1,12,47,64,77,71,22,3,1
411,"Yorke, Lower North & Barossa",SA,2024,984,362,622,34,72,121,45,510,323,106,0,1,1,4,44,108,211,223,236,113,40,3
501,Goldfields,WA,2024,126,47,79,11,9,16,1,36,52,37,0,0,0,1,10,15,24,25,28,20,3,0
502,Great Southern,WA,2024,437,177,260,8,45,107,5,65,168,199,0,0,0,1,13,46,67,102,95,85,25,3
503,Kimberley,WA,2024,130,38,92,106,1,8,0,69,38,23,0,2,10,14,17,32,25,16,9,4,1,0
504,Metropolitan East,WA,2024,3787,1325,2462,97,1391,606,61,905,1375,1446,2,8,24,24,190,409,715,790,856,584,159,26
505,Metropolitan North,WA,2024,5604,1983,3620,67,1469,1099,153,1503,2010,1938,2,7,17,33,198,636,964,1269,1318,870,254,36
506,Metropolitan South East,WA,2024,4614,1638,2976,55,1282,1001,91,1247,1553,1723,4,4,11,26,159,484,783,1062,1177,664,220,20
507,Metropolitan South West,WA,2024,3666,1290,2376,41,788,834,32,872,1360,1402,0,5,5,17,105,324,585,832,962,638,165,28
508,Mid West,WA,2024,198,80,118,19,16,31,1,40,62,95,0,0,4,2,7,23,33,53,38,27,9,2
509,Pilbara,WA,2024,49,17,32,27,2,3,1,9,23,16,0,2,4,7,5,8,9,6,7,1,0,0
510,South West,WA,2024,1234,463,770,35,142,221,3,189,446,596,4,2,6,19,59,135,238,251,283,176,56,5
511,Wheatbelt,WA,2024,789,303,486,60,70,133,3,138,370,278,1,2,9,15,41,115,199,182,129,77,18,1
601,North Western,TAS,2024,1201,419,782,52,87,142,83,530,395,193,0,0,1,3,52,170,227,293,278,133,42,2
602,Northern,TAS,2024,1820,590,1230,59,132,197,80,744,665,331,1,0,5,7,72,236,366,439,410,231,48,5
603,Southern,TAS,2024,3001,971,2030,152,308,319,130,1260,1135,476,0,5,7,16,127,399,578,668,702,403,88,8
701,Alice Springs,NT,2024,203,59,144,104,16,14,3,80,82,38,0,5,19,15,27,32,31,26,27,15,6,0
702,Barkly,NT,2024,5,2,3,4,1,0,0,3,1,1,0,0,1,0,2,0,1,1,0,0,0,0
703,Darwin,NT,2024,604,242,362,124,151,60,1,176,242,185,1,4,12,17,45,114,137,122,101,37,13,1
704,East Arnhem,NT,2024,159,71,88,149,1,0,0,82,50,27,0,9,20,35,34,34,14,9,2,2,0,0
705,Katherine,NT,2024,80,36,44,51,4,4,0,39,27,14,0,1,3,2,13,22,18,10,7,4,0,0
801,ACT,ACT,2024,2391,745,1645,38,609,266,40,813,740,798,0,1,9,6,82,211,435,575,599,370,87,16
101,Central Coast,NSW,2021,4591,1479,3111,166,497,454,485,1994,1404,708,5,18,33,55,207,460,751,1017,1072,764,186,23
102,Central West,NSW,2021,2632,862,1770,166,315,161,351,1283,673,325,1,17,40,70,154,283,444,585,583,374,73,8
103,Far North Coast,NSW,2021,2672,949,1722,60,148,291,361,1214,624,473,0,5,14,20,129,283,436,595,664,417,98,11
104,Hunter,NSW,2021,5701,1970,3729,140,515,425,726,2318,1344,1313,2,20,35,39,224,645,970,1336,1341,861,202,26
105,Illawarra,NSW,2021,4151,1304,2846,209,808,387,451,1781,1064,855,2,9,22,46,185,392,647,947,1039,674,169,19
106,Inner West,NSW,2021,4215,1358,2856,12,3286,108,527,1744,1124,820,1,1,5,6,124,400,616,1071,1131,668,171,21
107,Mid North Coast,NSW,2021,4508,1642,2864,228,246,417,573,1696,1293,946,1,20,45,87,249,489,797,1003,1052,616,132,17
108,Nepean,NSW,2021,1237,404,833,9,259,159,107,578,346,206,2,1,3,7,58,136,206,287,280,200,50,7
109,New England,NSW,2021,984,353,629,90,34,51,121,441,244,178,0,5,15,29,55,119,172,233,197,121,36,2
110,Northern Sydney,NSW,2021,4758,1592,3164,18,1617,484,628,1875,1165,1090,0,1,5,8,122,421,662,1101,1217,932,263,26
111,Orana Far West,NSW,2021,3753,1263,2490,123,569,252,938,1684,819,312,1,8,23,44,188,467,637,848,857,541,130,9
112,Riverina/Murray,NSW,2021,2704,906,1797,80,238,148,389,1194,669,452,5,13,25,46,159,326,470,625,627,334,65,9
113,South East Sydney,NSW,2021,5907,2018,3888,176,3026,380,824,2330,1536,1217,0,12,28,65,274,681,896,1397,1354,897,272,31
114,South West Sydney,NSW,2021,3435,1147,2286,33,2055,161,527,1396,877,635,1,3,5,17,202,407,580,776,803,487,135,19
115,Southern Highlands,NSW,2021,1508,515,992,104,124,143,134,707,371,296,2,14,21,21,98,169,251,333,340,195,60,4
116,Western Sydney,NSW,2021,6536,2085,4450,65,3350,426,991,2571,1639,1335,2,8,21,30,331,862,1102,1557,1402,947,241,33
201,Barwon-South Western,Vic,2021,3063,1024,2039,52,394,292,172,1425,732,734,0,2,15,21,127,365,560,735,692,431,107,8
202,Eastern Metro,Vic,2021,8530,2876,5653,57,4402,657,939,4038,1820,1733,1,1,17,31,321,898,1428,2147,2185,1177,285,39
203,Gippsland,Vic,2021,3457,1234,2222,73,396,416,436,1553,829,639,1,10,31,45,204,493,702,846,683,365,70,7
204,Grampians,Vic,2021,1155,443,711,8,135,104,60,616,234,245,0,3,4,12,81,159,214,254,239,137,48,4
205,Hume,Vic,2021,3298,1166,2132,262,630,225,258,1660,745,635,1,26,61,68,205,484,605,754,646,370,69,9
206,Loddon-Mallee,Vic,2021,1851,667,1184,37,183,107,111,850,433,457,1,5,12,19,74,265,358,417,406,234,56,4
207,Northern Metro,Vic,2021,4730,1600,3130,52,2974,169,340,2016,1169,1205,0,3,12,31,232,624,784,1149,1139,620,118,18
208,Southern Metro,Vic,2021,18379,6585,11789,107,8116,1835,1756,7814,4328,4481,8,20,35,70,946,2429,3353,4400,4051,2374,618,75
209,Western Metro,Vic,2021,5571,1918,3652,53,3881,192,286,2309,1434,1542,2,8,35,51,364,801,1028,1282,1208,624,150,18
301,Brisbane North,Qld,2021,5480,1816,3663,45,1029,611,451,1960,1561,1508,3,9,9,29,209,558,886,1176,1302,988,277,34
302,Brisbane South,Qld,2021,4792,1686,3104,68,1453,556,410,1655,1440,1287,4,5,19,30,278,668,843,1056,1036,673,156,24
303,Cabool,Qld,2021,3031,1083,1948,123,486,437,280,1071,923,757,2,15,21,41,196,435,549,640,600,420,99,13
304,Central West,Qld,2021,20,9,11,3,1,1,2,11,1,6,0,0,0,2,1,2,5,6,2,1,1,0
305,Darling Downs,Qld,2021,2355,839,1516,32,132,150,322,939,500,594,2,2,7,9,102,278,418,570,564,331,61,11
306,Far North,Qld,2021,1415,517,898,116,167,140,84,673,360,298,1,8,11,21,96,223,258,289,282,177,47,2
307,Fitzroy,Qld,2021,1890,688,1201,51,71,145,96,631,825,338,1,5,5,14,104,272,335,433,426,235,52,8
308,Logan River Valley,Qld,2021,1461,515,946,41,325,202,110,576,394,381,1,2,12,17,99,224,267,313,318,173,31,4
309,Mackay,Qld,2021,400,135,265,4,25,31,41,233,67,59,0,0,2,3,17,44,66,90,108,56,13,1
310,North West,Qld,2021,83,31,52,21,2,3,4,34,24,21,0,0,2,5,12,17,11,9,17,6,4,0
311,Northern,Qld,2021,1661,586,1075,91,174,119,90,508,461,602,0,4,13,21,84,230,302,379,365,205,51,7
312,South Coast,Qld,2021,3007,1064,1943,45,467,500,322,1181,733,771,2,4,4,20,160,422,492,694,642,444,111,12
313,South West,Qld,2021,197,85,112,9,5,11,24,82,40,51,0,0,0,2,9,30,31,46,45,28,6,0
314,Sunshine Coast,Qld,2021,4119,1572,2546,42,333,623,322,1739,1050,1008,4,6,17,28,212,481,745,958,953,560,137,18
315,West Moreton,Qld,2021,694,264,430,21,64,81,104,293,145,152,0,2,2,2,46,135,129,147,115,95,18,3
316,Wide Bay,Qld,2021,1809,666,1142,45,98,215,225,828,439,317,0,3,4,16,102,245,360,420,348,249,54,8
401,Eyre Peninsula,SA,2021,441,149,292,17,30,40,31,239,95,76,0,0,5,7,25,41,76,102,88,64,27,6
402,"Hills, Mallee & Southern",SA,2021,1221,392,829,14,215,171,105,527,326,263,0,1,1,6,42,123,190,301,308,204,40,5
403,Metropolitan East,SA,2021,4619,1618,3000,18,1373,675,416,1470,1494,1239,0,3,14,7,195,499,756,1048,1122,749,206,20
404,Metropolitan North,SA,2021,1292,433,859,5,252,316,105,484,378,325,0,1,3,5,60,163,196,311,317,191,41,4
405,Metropolitan South,SA,2021,2192,721,1469,7,484,353,109,793,716,574,1,2,1,5,73,222,367,495,510,390,116,10
406,Metropolitan West,SA,2021,1878,611,1266,107,719,160,87,528,646,617,0,7,21,38,83,200,270,416,460,297,77,9
407,Mid North,SA,2021,230,80,150,6,18,14,31,87,59,53,0,0,0,2,13,35,43,41,54,30,11,1
408,Riverland,SA,2021,488,170,318,7,45,27,18,229,159,82,0,0,1,5,22,70,84,128,93,66,19,0
409,South East,SA,2021,476,159,317,1,38,43,62,247,106,61,0,0,1,2,24,48,93,97,102,81,23,5
410,Flinders & Far North,SA,2021,198,66,132,4,18,34,18,77,71,32,0,0,0,0,3,28,47,60,33,21,5,1
411,"Yorke, Lower North & Barossa",SA,2021,578,204,373,24,29,63,56,270,156,96,0,1,7,13,22,75,85,131,135,81,26,2
501,Goldfields,WA,2021,95,44,51,11,5,10,9,25,26,35,0,1,1,1,9,10,16,23,21,12,1,0
502,Great Southern,WA,2021,352,146,206,0,33,91,5,56,98,193,0,0,0,1,14,42,63,78,84,51,15,4
503,Kimberley,WA,2021,145,49,96,78,4,2,2,81,35,27,0,2,5,20,30,30,28,13,10,6,1,0
504,Metropolitan East,WA,2021,2223,772,1450,19,964,368,104,601,621,897,1,1,8,18,81,249,349,484,538,362,116,16
505,Metropolitan North,WA,2021,3492,1215,2276,21,838,779,171,1000,947,1374,0,2,8,24,151,354,534,783,852,603,160,21
506,Metropolitan South East,WA,2021,3118,1064,2054,26,839,717,130,906,728,1354,1,5,5,17,156,328,486,728,740,499,136,17
507,Metropolitan South West,WA,2021,2782,985,1796,18,748,639,146,731,802,1103,1,2,5,19,137,314,421,661,661,422,128,11
508,Mid West,WA,2021,203,78,125,12,18,30,1,48,54,100,0,1,2,4,14,23,29,50,41,31,7,1
509,Pilbara,WA,2021,50,19,31,22,1,2,0,16,15,19,0,0,13,6,5,7,9,4,5,1,0,0
510,South West,WA,2021,821,283,538,4,68,185,8,177,236,400,1,2,4,7,35,99,123,192,182,133,36,7
511,Wheatbelt,WA,2021,608,249,359,19,52,98,13,108,194,293,1,1,10,20,44,90,133,141,88,65,14,1
601,North Western,Tas,2021,710,249,461,20,37,96,79,287,173,171,0,0,1,5,43,92,130,195,142,79,22,1
602,Northern,Tas,2021,1308,429,879,23,145,140,85,582,340,301,0,1,2,6,74,196,229,263,312,169,51,5
603,Southern,Tas,2021,2040,692,1347,57,217,237,110,808,676,446,0,3,13,23,141,257,323,508,457,245,64,6
701,Alice Springs,NT,2021,148,46,102,51,9,11,2,78,21,47,0,1,6,3,23,36,20,23,22,11,3,0
702,Barkly,NT,2021,4,2,2,3,1,0,0,3,0,1,0,0,1,0,0,1,1,1,0,0,0,0
703,Darwin,NT,2021,464,200,264,76,109,44,7,121,139,197,1,2,11,11,35,89,84,111,68,40,9,3
704,East Arnhem,NT,2021,101,34,67,80,0,0,7,61,9,24,0,2,21,10,26,12,21,7,1,1,0,0
705,Katherine,NT,2021,60,25,35,36,1,0,1,34,15,10,0,1,2,6,11,14,9,11,4,1,1,0
801,ACT,ACT,2021,2080,657,1423,60,539,265,87,795,457,741,0,5,10,11,71,234,384,502,451,311,97,4
101.0,Central Coast,NSW,2020,4722,1523,3197,178,542,448,527,2103,1256,836,5,22,35,70,217,500,799,1053,1103,719,181,18
102.0,Central West,NSW,2020,2755,919,1836,61,375,192,1121,891,430,313,0,14,17,42,147,305,453,677,644,368,81,7
103.0,Far North Coast,NSW,2020,2322,822,1500,56,124,245,424,1024,381,493,0,6,8,21,113,249,377,551,562,338,89,8
104.0,Hunter,NSW,2020,5069,1767,3299,134,452,414,633,1910,1088,1438,3,15,30,35,251,562,862,1186,1224,730,152,19
105.0,Illawarra,NSW,2020,4228,1322,2905,239,732,381,427,1927,843,1031,2,10,33,55,187,424,659,1016,1000,675,148,19
106.0,Inner West,NSW,2020,3440,1088,2351,9,2617,89,520,1473,695,752,0,2,2,7,117,294,536,885,929,528,121,19
107.0,Mid North Coast,NSW,2020,3534,1257,2275,185,192,329,487,1395,837,815,3,21,41,87,204,380,610,779,797,491,105,16
108.0,Nepean,NSW,2020,1167,400,767,8,252,164,124,561,286,196,1,2,6,7,63,135,184,252,282,187,42,6
109.0,New England,NSW,2020,828,301,527,83,28,47,65,404,171,188,0,7,15,27,39,93,144,194,174,111,21,3
110.0,Northern Sydney,NSW,2020,3870,1261,2607,12,1172,432,499,1539,820,1012,0,0,5,7,116,309,505,850,1050,765,237,26
111.0,Orana Far West,NSW,2020,678,215,463,72,19,28,121,329,110,118,0,6,17,26,48,93,118,135,127,93,14,1
112.0,Riverina/Murray,NSW,2020,2173,729,1443,75,178,105,348,960,440,425,5,11,25,30,126,278,355,531,496,253,58,5
113.0,South East Sydney,NSW,2020,4314,1487,2826,153,2049,284,649,1713,928,1024,1,11,24,66,232,458,657,962,1015,668,195,25
114.0,South West Sydney,NSW,2020,2637,851,1785,24,1438,130,450,1097,516,574,1,2,4,17,131,289,399,604,643,411,116,20
115.0,Southern Highlands,NSW,2020,1305,438,866,86,114,124,139,617,236,313,1,11,17,26,79,155,209,322,273,168,40,4
116.0,Western Sydney,NSW,2020,5226,1672,3552,47,2402,366,816,1986,1098,1326,2,8,20,28,271,601,873,1247,1202,747,196,31
201.0,Barwon-South Western,Vic,2020,2666,903,1763,47,350,251,205,1318,494,649,0,6,8,22,116,324,479,647,612,360,83,9
202.0,Eastern Metro,Vic,2020,6271,2090,4179,57,2950,525,712,3157,1014,1388,1,5,13,41,266,673,1006,1580,1578,869,207,32
203.0,Gippsland,Vic,2020,2545,908,1636,69,310,295,505,1130,388,522,2,14,31,46,170,355,491,632,495,240,60,9
204.0,Grampians,Vic,2020,1007,387,620,6,105,99,67,568,162,210,2,0,3,17,75,141,174,239,203,117,33,3
205.0,Hume,Vic,2020,3037,1125,1912,239,560,186,244,1543,604,646,0,29,55,66,217,459,538,678,600,326,60,9
206.0,Loddon-Mallee,Vic,2020,1615,571,1044,39,153,89,149,776,279,411,1,5,16,14,78,229,308,380,328,209,42,5
207.0,Northern Metro,Vic,2020,3865,1345,2520,49,2431,139,370,1600,796,1099,2,3,11,30,215,502,639,982,885,492,90,14
208.0,Southern Metro,Vic,2020,13704,4952,8748,90,6093,1364,1706,6052,2544,3402,9,12,46,78,767,1857,2519,3236,3006,1699,429,46
209.0,Western Metro,Vic,2020,4715,1631,3083,49,3111,201,252,2174,956,1333,0,13,36,74,337,631,897,1061,1014,521,118,13
301.0,Brisbane North,Qld,2020,4376,1440,2935,30,799,473,441,1600,1042,1293,5,8,13,28,195,430,642,952,1081,799,202,21
302.0,Brisbane South,Qld,2020,3990,1399,2590,49,1259,436,426,1410,953,1201,5,6,16,25,254,554,719,861,855,549,127,19
303.0,Cabool,Qld,2020,2468,859,1609,84,354,373,269,911,601,687,0,13,21,38,186,290,461,516,518,333,86,6
304.0,Central West,Qld,2020,19,8,11,2,0,1,1,6,2,10,0,0,0,2,1,5,4,3,2,2,0,0
305.0,Darling Downs,Qld,2020,2305,816,1489,42,130,163,287,947,369,702,3,4,7,10,136,276,435,554,519,286,68,7
306.0,Far North,Qld,2020,978,359,619,103,134,98,71,483,180,244,0,4,13,21,73,128,159,180,216,148,34,2
307.0,Fitzroy,Qld,2020,1641,598,1042,42,62,122,11,660,609,361,1,4,7,21,92,208,276,409,373,204,40,6
308.0,Logan River Valley,Qld,2020,1317,471,845,38,259,193,151,472,303,391,1,7,10,16,82,192,230,306,300,137,34,2
309.0,Mackay,Qld,2020,395,134,261,7,26,26,47,212,53,83,0,0,3,1,14,35,59,107,102,60,11,3
310.0,North West,Qld,2020,83,33,49,25,3,3,2,39,18,24,0,0,1,8,8,21,12,13,10,6,4,0
311.0,Northern,Qld,2020,1337,464,872,82,133,79,89,478,260,510,0,4,14,20,75,169,268,284,296,164,38,5
312.0,South Coast,Qld,2020,2773,965,1808,33,439,470,355,1072,572,774,1,5,5,15,158,346,484,614,635,401,101,8
313.0,South West,Qld,2020,168,65,103,7,2,7,17,74,31,46,0,0,2,0,11,22,19,42,43,25,4,0
314.0,Sunshine Coast,Qld,2020,3490,1332,2156,26,280,518,309,1544,777,860,5,8,24,29,203,394,585,820,811,484,112,15
315.0,West Moreton,Qld,2020,618,245,373,15,55,76,118,248,89,163,0,2,2,1,45,98,109,149,112,81,18,1
316.0,Wide Bay,Qld,2020,1602,590,1011,26,80,190,264,708,324,306,0,1,1,9,100,212,332,352,340,195,52,8
401.0,Eyre Peninsula,SA,2020,357,116,241,18,26,34,52,153,74,78,0,1,6,7,15,33,57,86,74,54,19,5
402.0,"Hills, Mallee & Southern",SA,2020,968,323,645,15,166,137,82,445,185,256,0,1,1,6,35,112,140,231,248,161,29,4
403.0,Metropolitan East,SA,2020,3386,1186,2198,12,1007,546,423,1112,802,1049,1,4,13,8,125,350,572,792,816,548,141,16
404.0,Metropolitan North,SA,2020,1023,340,682,6,181,279,118,346,233,326,0,1,3,9,40,121,159,237,267,146,33,7
405.0,Metropolitan South,SA,2020,1740,536,1202,8,343,282,93,695,355,597,1,2,1,6,62,156,245,377,439,343,97,11
406.0,Metropolitan West,SA,2020,1277,422,854,87,424,112,91,390,289,507,0,7,18,23,62,122,198,269,301,214,54,9
407.0,Mid North,SA,2020,179,62,117,4,14,9,15,78,31,55,0,0,0,1,10,21,31,30,40,34,12,0
408.0,Riverland,SA,2020,327,121,206,5,28,23,14,156,82,75,0,0,2,4,17,43,63,59,67,55,15,2
409.0,South East,SA,2020,417,124,292,1,33,38,66,217,61,73,0,0,1,1,18,43,82,82,93,81,13,3
410.0,Flinders & Far North,SA,2020,150,47,103,5,10,25,15,53,35,47,0,0,2,0,6,22,32,48,23,9,7,1
411.0,"Yorke, Lower North & Barossa",SA,2020,430,155,274,29,22,45,41,197,88,104,0,3,9,8,16,64,61,86,95,68,19,1
501.0,Goldfields,WA,2020,76,29,47,5,5,5,4,22,21,29,0,1,0,1,8,7,12,20,14,12,1,0
502.0,Great Southern,WA,2020,305,129,176,1,26,73,18,60,62,165,0,1,1,2,12,30,55,70,70,44,17,3
503.0,Kimberley,WA,2020,133,47,86,76,2,1,6,60,41,26,0,0,8,19,24,23,25,13,12,8,1,0
504.0,Metropolitan East,WA,2020,1961,689,1272,14,809,352,100,619,393,849,1,5,4,17,77,217,313,408,479,331,93,16
505.0,Metropolitan North,WA,2020,2447,831,1616,13,605,544,142,841,505,959,0,4,6,18,102,251,337,561,620,416,118,14
506.0,Metropolitan South East,WA,2020,2625,915,1710,23,731,597,112,859,485,1169,3,5,4,19,113,272,405,591,650,422,131,10
507.0,Metropolitan South West,WA,2020,1996,702,1294,14,491,485,79,549,477,891,0,2,4,16,90,221,304,433,505,307,111,3
508.0,Mid West,WA,2020,178,71,107,15,13,23,0,57,29,92,0,0,5,4,13,18,23,47,41,21,6,0
509.0,Pilbara,WA,2020,42,16,26,16,1,3,1,18,10,13,0,3,4,4,3,5,11,5,4,2,1,0
510.0,South West,WA,2020,770,260,510,6,70,168,25,191,176,378,2,1,5,9,39,74,116,171,175,132,45,1
511.0,Wheatbelt,WA,2020,516,210,306,14,39,67,17,120,147,232,1,1,9,16,41,77,112,108,91,48,11,1
601.0,North Western,Tas,2020,568,197,371,13,35,71,99,238,93,138,0,0,0,7,32,75,106,153,117,65,13,0
602.0,Northern,Tas,2020,1091,356,735,15,121,113,84,495,234,278,0,0,4,5,71,133,192,256,239,139,47,5
603.0,Southern,Tas,2020,1769,606,1162,52,191,226,190,719,437,423,0,2,14,20,130,205,301,413,402,222,57,3
701.0,Alice Springs,NT,2020,157,53,104,56,10,11,0,97,20,40,0,3,6,9,18,35,29,18,21,15,3,0
702.0,Barkly,NT,2020,6,4,2,4,1,0,0,4,0,2,0,0,1,0,0,2,1,2,0,0,0,0
703.0,Darwin,NT,2020,328,139,189,59,79,31,1,98,81,148,0,0,10,10,25,53,58,78,58,26,9,1
704.0,East Arnhem,NT,2020,89,31,58,66,0,0,4,65,7,13,0,1,17,13,24,9,17,7,0,1,0,0
705.0,Katherine,NT,2020,60,28,32,33,1,2,0,42,9,9,0,1,3,6,12,13,13,9,3,0,0,0
801.0,ACT,ACT,2020,1810,579,1231,54,472,240,107,734,319,650,0,4,10,12,67,226,319,418,392,281,73,8
101,Central Coast,NSW,2022,9042,3120,5919,216,2715,853,641,3872,2841,1688,4,17,32,70,420,1154,1673,2065,2049,1218,304,36
102,Central West,NSW,2022,2535,780,1755,407,257,141,241,1252,732,310,0,22,61,93,181,277,429,536,521,329,80,6
103,Far North Coast,NSW,2022,2967,1044,1922,76,162,329,213,1415,819,520,0,5,14,17,133,296,488,696,745,449,110,14
104,Hunter,NSW,2022,6096,2081,4013,206,539,425,601,2629,1666,1200,4,18,46,38,229,652,1091,1432,1445,885,221,35
105,Illawarra,NSW,2022,4208,1301,2906,200,886,412,279,1908,1234,787,2,5,21,38,182,376,694,931,1048,695,197,19
106,Inner West,NSW,2022,4727,1557,3169,25,3766,102,277,2098,1538,814,0,1,6,6,129,428,757,1201,1290,684,195,30
107,Mid North Coast,NSW,2022,5198,1933,3264,322,292,461,399,2065,1712,1022,1,19,50,89,249,571,910,1174,1209,748,159,19
108,Nepean,NSW,2022,1645,541,1104,21,380,198,86,727,559,273,1,3,7,9,71,190,314,402,363,223,46,16
109,New England,NSW,2022,1121,395,725,127,34,53,86,522,347,166,0,1,23,29,71,136,193,245,223,160,38,2
110,Northern Sydney,NSW,2022,5580,1867,3712,27,2045,570,414,2369,1669,1128,0,5,4,10,135,496,813,1273,1458,1022,327,37
111,Orana Far West,NSW,2022,5995,1979,4016,182,919,412,674,3192,1656,473,0,9,23,44,242,655,1087,1406,1402,907,202,18
112,Riverina/Murray,NSW,2022,3243,1126,2117,111,277,171,302,1531,929,481,4,12,23,48,164,386,576,767,740,422,91,10
113,South East Sydney,NSW,2022,7021,2386,4633,222,3087,551,360,2925,2212,1524,0,15,38,56,289,764,1112,1603,1648,1093,364,39
114,South West Sydney,NSW,2022,4328,1507,2819,83,2577,206,314,1880,1407,727,1,3,15,20,269,549,784,966,939,588,171,23
115,Southern Highlands,NSW,2022,1780,597,1182,123,152,168,83,895,517,285,2,12,27,23,94,182,310,414,401,240,72,3
116,Western Sydney,NSW,2022,9218,3043,6174,103,5380,495,782,3960,2872,1604,1,4,20,30,504,1248,1687,2187,1983,1194,317,43
201,Barwon-South Western,Vic,2022,3660,1234,2426,67,470,312,91,1667,1071,831,0,3,12,17,156,383,667,901,893,500,122,6
202,Eastern Metro,Vic,2022,10382,3533,6848,72,5533,746,813,5014,2586,1969,1,1,13,23,337,1049,1796,2636,2684,1456,344,42
203,Gippsland,Vic,2022,4083,1483,2599,89,490,487,306,1839,1175,763,0,11,23,43,232,545,866,1006,838,419,95,5
204,Grampians,Vic,2022,1319,501,818,11,144,105,41,666,347,265,0,1,2,9,88,173,262,313,271,155,40,5
205,Hume,Vic,2022,3532,1242,2290,303,710,246,231,1816,857,628,0,25,55,68,214,487,674,803,721,378,99,8
206,Loddon-Mallee,Vic,2022,2126,769,1357,47,221,108,109,1002,530,485,1,3,11,16,84,296,414,485,489,257,65,5
207,Northern Metro,Vic,2022,5846,1894,3952,60,3779,224,241,2610,1580,1415,2,4,13,26,311,754,1080,1375,1405,697,159,20
208,Southern Metro,Vic,2022,18253,6356,11894,130,7999,1785,808,7938,5271,4236,5,11,27,54,771,2323,3354,4350,4182,2456,647,73
209,Western Metro,Vic,2022,6510,2215,4293,63,4595,231,136,2743,1999,1632,1,6,24,45,361,928,1214,1538,1479,722,172,20
301,Brisbane North,Qld,2022,8552,2954,5597,121,1732,993,381,3132,2839,2200,3,12,20,53,340,994,1468,1941,2002,1292,372,55
302,Brisbane South,Qld,2022,5865,2017,3847,136,1754,644,248,2087,2078,1452,5,9,23,40,314,823,1104,1365,1154,791,209,28
303,Cabool,Qld,2022,3955,1447,2508,202,654,590,202,1431,1380,942,3,19,27,45,222,558,760,861,815,507,124,14
304,Central West,Qld,2022,26,12,14,1,0,1,3,14,2,7,0,0,0,0,2,3,5,9,4,1,2,0
305,Darling Downs,Qld,2022,2522,871,1651,46,157,152,187,1041,722,572,2,1,8,7,115,282,445,584,640,357,72,9
306,Far North,Qld,2022,1778,669,1109,174,228,183,57,907,542,272,1,6,14,21,115,281,341,391,327,220,59,2
307,Fitzroy,Qld,2022,2133,758,1374,70,78,154,55,771,988,319,1,3,10,18,111,291,406,491,473,258,62,9
308,Logan River Valley,Qld,2022,1552,528,1024,55,346,229,48,598,524,382,0,2,14,12,84,227,306,348,334,177,40,8
309,Mackay,Qld,2022,430,141,289,10,22,37,28,241,102,59,0,0,0,2,22,44,75,95,118,56,16,2
310,North West,Qld,2022,86,32,54,26,3,2,1,38,28,19,0,0,1,3,15,20,12,8,17,6,2,2
311,Northern,Qld,2022,2063,730,1333,103,195,167,59,682,706,616,0,5,11,21,110,292,405,483,409,262,58,7
312,South Coast,Qld,2022,3382,1204,2178,60,519,550,185,1314,1044,839,1,3,4,18,159,439,634,784,724,473,129,14
313,South West,Qld,2022,191,79,112,17,3,9,17,91,46,37,0,1,0,1,8,28,32,47,43,27,4,0
314,Sunshine Coast,Qld,2022,5265,1984,3280,76,414,775,153,1969,1662,1481,2,8,13,34,269,596,974,1195,1268,699,183,24
315,West Moreton,Qld,2022,891,341,550,24,80,108,89,364,273,165,0,2,4,4,51,148,189,200,161,107,23,2
316,Wide Bay,Qld,2022,2335,865,1469,69,155,269,179,1005,756,395,0,4,7,13,133,296,475,569,484,273,74,7
401,Eyre Peninsula,SA,2022,776,281,494,22,154,79,62,433,192,89,0,0,2,11,44,87,130,205,163,95,33,6
402,"Hills, Mallee & Southern",SA,2022,1412,477,935,21,262,195,64,616,463,269,0,2,3,6,37,134,228,349,362,229,55,7
403,Metropolitan East,SA,2022,6484,2218,4265,41,1904,897,246,2238,2461,1539,0,4,12,15,246,707,1118,1508,1593,951,293,37
404,Metropolitan North,SA,2022,1799,612,1187,13,400,405,100,704,619,376,0,1,3,7,87,214,337,431,409,252,52,6
405,Metropolitan South,SA,2022,2989,1004,1984,9,534,480,55,850,1227,857,0,3,3,5,133,320,496,669,688,496,161,15
406,Metropolitan West,SA,2022,2227,703,1522,236,944,160,36,674,921,596,0,16,43,55,136,224,347,489,513,324,73,7
407,Mid North,SA,2022,268,94,174,12,19,24,20,129,74,45,0,0,1,8,14,34,61,51,56,36,6,1
408,Riverland,SA,2022,576,189,387,10,66,32,8,270,199,99,0,0,1,4,22,67,98,135,137,85,27,0
409,South East,SA,2022,530,199,331,4,33,48,46,272,160,52,0,0,0,5,31,54,93,101,130,97,18,1
410,Flinders & Far North,SA,2022,280,104,176,6,23,48,16,126,109,29,0,0,0,0,11,40,63,72,58,30,4,2
411,"Yorke, Lower North & Barossa",SA,2022,786,282,503,31,55,81,17,422,247,100,0,1,5,13,39,100,138,175,181,100,32,2
501,Goldfields,WA,2022,114,48,66,13,7,14,1,35,44,34,0,1,1,3,8,11,25,21,27,17,0,0
502,Great Southern,WA,2022,362,140,222,5,42,86,0,51,119,192,0,0,0,1,14,37,55,74,96,63,16,6
503,Kimberley,WA,2022,157,52,105,114,2,4,0,76,47,34,0,3,8,20,35,30,26,19,9,7,0,0
504,Metropolitan East,WA,2022,2812,987,1825,26,1153,451,47,759,951,1055,2,2,10,16,106,285,467,652,648,464,140,20
505,Metropolitan North,WA,2022,4480,1600,2879,32,1052,946,84,1248,1475,1673,0,6,11,26,183,471,748,1018,1061,731,189,36
506,Metropolitan South East,WA,2022,5052,1794,3258,52,1640,1009,146,1545,1556,1805,1,3,12,20,238,595,888,1205,1140,736,197,17
507,Metropolitan South West,WA,2022,2910,1051,1859,23,585,729,21,745,940,1204,0,3,6,14,115,266,426,711,723,491,136,19
508,Mid West,WA,2022,210,86,124,14,22,32,0,42,67,101,0,0,3,5,9,25,34,51,47,29,5,2
509,Pilbara,WA,2022,50,18,32,27,0,1,0,5,23,22,0,0,9,5,6,5,10,7,6,2,0,0
510,South West,WA,2022,951,337,614,10,80,201,7,191,289,464,2,0,4,8,42,117,145,214,225,140,47,7
511,Wheatbelt,WA,2022,707,282,425,41,58,94,6,139,250,312,1,2,10,22,55,101,153,155,138,59,11,0
601,North Western,Tas,2022,869,306,563,34,50,109,61,369,276,163,0,2,0,2,55,115,157,219,191,104,23,1
602,Northern,Tas,2022,1822,639,1183,32,283,180,73,766,597,386,0,1,0,10,90,272,342,396,411,238,58,4
603,Southern,Tas,2022,2459,853,1605,99,241,297,97,885,992,485,0,2,7,20,146,320,455,574,550,301,78,6
701,Alice Springs,NT,2022,182,53,129,76,13,13,0,93,40,49,0,3,9,14,25,32,24,35,22,13,5,0
702,Barkly,NT,2022,5,3,2,4,1,0,0,3,0,2,0,0,1,0,1,0,2,1,0,0,0,0
703,Darwin,NT,2022,589,245,344,108,150,67,3,144,215,227,2,4,13,13,48,107,108,138,87,52,15,2
704,East Arnhem,NT,2022,125,53,72,108,2,0,0,70,28,27,0,4,15,26,26,22,16,11,3,2,0,0
705,Katherine,NT,2022,56,23,33,32,2,2,0,27,15,14,0,0,2,3,10,12,10,11,7,1,0,0
801,ACT,ACT,2022,2262,738,1524,35,601,268,40,846,639,737,0,3,3,4,50,229,401,547,559,366,87,13
101,Central Coast,NSW,2023,5224,1768,3455,219,532,575,351,2244,1824,805,2,11,21,44,218,576,928,1178,1244,782,198,22
102,Central West,NSW,2023,5070,1695,3375,711,600,295,518,2444,1639,469,0,31,66,112,289,598,875,1122,1157,635,167,18
103,Far North Coast,NSW,2023,3431,1196,2234,101,195,378,249,1644,1021,517,0,4,10,16,141,363,589,796,885,489,122,16
104,Hunter,NSW,2023,6666,2275,4391,308,563,461,677,2872,1894,1223,3,16,49,52,264,686,1227,1586,1566,938,245,34
105,Illawarra,NSW,2023,4312,1366,2946,215,964,456,263,1878,1439,732,2,5,20,36,160,425,740,943,1094,675,190,22
106,Inner West,NSW,2023,5668,1877,3790,26,4569,128,356,2534,1935,843,0,0,4,8,192,539,945,1434,1492,813,212,29
107,Mid North Coast,NSW,2023,5603,2036,3565,392,302,485,399,2179,1989,1036,1,16,46,96,237,621,1054,1236,1276,812,189,19
108,Nepean,NSW,2023,1781,573,1208,30,448,202,92,760,636,293,1,4,5,10,70,227,335,464,366,229,57,13
109,New England,NSW,2023,1247,444,803,154,45,53,82,589,415,161,0,4,19,29,79,158,212,263,274,158,47,4
110,Northern Sydney,NSW,2023,6538,2256,4281,44,2539,645,489,2676,2146,1227,0,3,5,14,170,587,1008,1428,1749,1182,342,50
111,Orana Far West,NSW,2023,5308,1698,3610,236,793,347,551,2673,1573,511,0,5,24,40,192,568,971,1218,1298,777,191,24
112,Riverina/Murray,NSW,2023,3588,1239,2348,136,292,193,336,1689,1068,495,1,8,23,35,202,402,678,819,852,457,101,10
113,South East Sydney,NSW,2023,9532,3369,6161,257,3985,858,504,3890,3249,1889,0,13,34,51,421,1096,1606,2132,2285,1390,466,38
114,South West Sydney,NSW,2023,5684,1964,3720,113,3417,297,433,2371,2005,875,1,4,15,28,329,786,1071,1290,1207,718,205,30
115,Southern Highlands,NSW,2023,1851,622,1228,143,172,168,81,882,606,282,2,9,24,27,91,176,363,419,430,231,72,7
116,Western Sydney,NSW,2023,12265,4215,8049,226,7143,693,938,5198,4097,2032,2,17,35,42,649,1742,2420,2851,2607,1480,372,48
201,Barwon-South Western,Vic,2023,4641,1572,3069,84,648,403,94,1953,1483,1111,0,2,14,18,192,477,858,1134,1141,637,156,12
202,Eastern Metro,Vic,2023,20199,6945,13250,169,10898,1421,1380,8748,5887,4184,2,11,21,39,732,2397,3856,4926,4945,2597,608,65
203,Gippsland,Vic,2023,4611,1622,2988,120,539,559,350,1990,1422,849,0,7,20,42,243,608,1002,1130,960,482,111,6
204,Grampians,Vic,2023,1571,597,974,23,169,127,41,738,487,305,0,1,1,10,75,220,297,378,322,211,48,8
205,Hume,Vic,2023,3736,1337,2399,333,753,259,263,1962,931,580,0,16,60,54,188,512,743,858,759,431,110,5
206,Loddon-Mallee,Vic,2023,2536,905,1631,51,277,144,142,1224,701,469,1,2,9,13,103,304,529,605,594,298,74,4
207,Northern Metro,Vic,2023,7495,2433,5062,65,5080,273,288,3155,2332,1720,3,2,10,18,349,977,1450,1774,1785,923,184,20
208,Southern Metro,Vic,2023,14732,5011,9720,80,6120,1502,514,6190,4704,3324,1,5,12,29,472,1578,2709,3433,3637,2155,622,79
209,Western Metro,Vic,2023,7041,2398,4642,98,4874,277,141,2846,2408,1646,3,6,24,41,340,967,1398,1708,1514,813,207,20
301,Brisbane North,Qld,2023,14237,5023,9214,221,3694,1596,687,5463,4908,3179,2,17,26,59,724,1812,2741,3287,3063,1916,522,68
302,Brisbane South,Qld,2023,7389,2590,4799,180,2240,814,298,2616,2842,1633,4,10,25,36,362,990,1442,1755,1532,938,252,43
303,Cabool,Qld,2023,5335,1947,3387,309,966,749,219,1919,1957,1240,2,13,42,42,281,755,1068,1227,1094,618,175,18
304,Central West,Qld,2023,37,14,23,2,0,1,1,20,9,7,0,0,0,0,2,5,6,14,3,4,3,0
305,Darling Downs,Qld,2023,2749,938,1811,67,185,183,185,1180,874,510,1,2,4,14,117,300,505,617,702,392,88,7
306,Far North,Qld,2023,2109,784,1325,223,262,234,51,1126,643,289,1,4,16,23,133,322,437,460,405,241,65,2
307,Fitzroy,Qld,2023,2095,753,1341,93,78,133,48,801,957,289,1,2,7,21,108,291,412,506,427,259,50,11
308,Logan River Valley,Qld,2023,1615,529,1085,55,375,232,58,638,563,356,0,2,14,12,87,235,312,363,359,187,41,3
309,Mackay,Qld,2023,405,133,272,9,26,31,13,223,123,46,0,0,0,1,25,48,78,90,100,45,15,3
310,North West,Qld,2023,68,25,43,33,0,2,0,33,21,14,0,1,2,1,15,13,14,8,8,4,1,1
311,Northern,Qld,2023,3238,1179,2059,167,293,295,91,1218,1199,730,0,5,16,29,173,440,665,774,679,362,86,9
312,South Coast,Qld,2023,3662,1289,2373,86,541,581,193,1449,1216,804,1,4,2,19,153,447,757,878,775,466,146,14
313,South West,Qld,2023,256,98,158,34,4,10,24,125,71,36,0,1,0,2,11,30,45,63,62,35,5,2
314,Sunshine Coast,Qld,2023,6765,2524,4239,107,542,990,180,2368,2404,1813,2,9,12,24,304,807,1330,1645,1563,847,190,32
315,West Moreton,Qld,2023,1122,426,696,42,102,139,108,477,366,171,0,3,7,7,76,166,260,241,189,132,34,7
316,Wide Bay,Qld,2023,2661,960,1700,90,179,278,231,1183,875,372,0,3,8,14,143,355,551,604,582,310,82,9
401,Eyre Peninsula,SA,2023,1513,536,977,17,569,129,125,795,413,180,0,1,0,11,81,172,284,390,350,171,49,4
402,"Hills, Mallee & Southern",SA,2023,1525,527,998,24,301,195,49,630,553,293,0,2,3,4,37,143,282,366,394,233,54,7
403,Metropolitan East,SA,2023,8351,2847,5503,77,2426,1124,322,2886,3385,1758,0,2,11,29,323,895,1522,2009,1978,1174,364,44
404,Metropolitan North,SA,2023,2108,713,1395,24,513,457,97,788,862,361,0,3,5,5,109,292,410,524,460,250,44,6
405,Metropolitan South,SA,2023,3764,1309,2454,19,647,614,47,942,1626,1149,0,5,3,7,157,411,656,884,864,566,194,17
406,Metropolitan West,SA,2023,2802,921,1880,376,1205,200,55,901,1244,602,0,18,47,75,162,291,446,642,666,359,92,4
407,Mid North,SA,2023,304,104,200,10,26,36,26,138,100,40,0,0,2,1,17,43,75,73,50,36,5,2
408,Riverland,SA,2023,664,224,440,16,91,46,12,266,255,131,0,0,2,5,27,87,118,158,155,77,32,3
409,South East,SA,2023,624,215,409,12,42,65,43,313,204,64,0,0,1,5,35,61,107,144,138,113,19,1
410,Flinders & Far North,SA,2023,303,111,192,10,21,47,21,131,122,29,0,0,1,1,10,42,63,79,76,22,5,4
411,"Yorke, Lower North & Barossa",SA,2023,931,350,581,36,71,108,20,477,328,106,0,1,3,9,48,118,172,218,214,109,36,3
501,Goldfields,WA,2023,135,57,78,12,5,14,1,35,52,47,0,1,0,3,4,23,27,25,24,27,1,0
502,Great Southern,WA,2023,439,175,264,9,43,102,0,78,166,195,0,0,0,1,19,49,62,93,94,91,26,4
503,Kimberley,WA,2023,153,53,100,125,1,7,0,84,46,23,0,2,7,22,30,26,28,17,11,7,3,0
504,Metropolitan East,WA,2023,3162,1105,2057,63,1250,516,44,751,1149,1218,2,6,14,20,130,292,575,711,740,511,140,21
505,Metropolitan North,WA,2023,5701,2063,3637,55,1412,1131,131,1538,2101,1931,0,6,15,23,223,612,999,1289,1369,872,256,37
506,Metropolitan South East,WA,2023,6609,2391,4217,77,2068,1215,206,2031,2221,2151,1,6,14,21,296,774,1222,1589,1517,907,247,15
507,Metropolitan South West,WA,2023,3496,1220,2276,42,740,831,25,857,1299,1315,0,4,3,15,121,314,544,849,894,590,140,22
508,Mid West,WA,2023,200,78,122,21,16,33,1,38,74,87,0,0,3,5,11,21,38,53,34,26,7,2
509,Pilbara,WA,2023,48,18,30,29,1,2,0,5,27,16,0,0,5,6,8,9,7,7,5,1,0,0
510,South West,WA,2023,1088,408,680,26,89,221,4,176,396,512,3,1,7,12,49,120,198,233,241,169,50,5
511,Wheatbelt,WA,2023,796,304,492,54,63,139,5,137,329,325,1,0,12,19,52,121,188,183,132,70,18,0
601,North Western,Tas,2023,1022,358,664,44,65,122,62,421,363,176,0,0,1,3,58,130,201,252,236,104,35,2
602,Northern,Tas,2023,2230,791,1439,46,351,228,90,815,878,447,1,0,1,10,111,319,423,528,486,279,68,4
603,Southern,Tas,2023,2863,972,1891,152,298,316,93,1081,1152,537,0,4,7,21,154,382,551,649,641,363,85,6
701,Alice Springs,NT,2023,215,63,152,109,13,14,0,90,80,45,0,6,14,18,26,32,36,36,27,15,5,0
702,Barkly,NT,2023,5,2,3,4,1,0,0,3,1,1,0,0,1,0,2,0,1,1,0,0,0,0
703,Darwin,NT,2023,640,261,379,126,164,73,0,179,240,221,1,4,12,23,47,124,135,129,104,49,12,0
704,East Arnhem,NT,2023,148,68,80,138,2,0,0,78,44,26,0,8,20,26,37,25,16,12,2,2,0,0
705,Katherine,NT,2023,66,27,39,37,3,4,0,28,26,12,0,0,1,4,9,16,15,10,6,5,0,0
801,ACT,ACT,2023,2396,759,1637,37,619,271,41,816,792,747,0,5,4,6,66,230,431,581,605,357,95,16
101.0,Central Coast,NSW,2019,2983,0,0,0,0,0,466,1181,702,634,0,0,0,0,0,0,0,0,0,0,0,11
102.0,Central West,NSW,2019,652,0,0,0,0,0,72,278,123,179,0,0,0,0,0,0,0,0,0,0,0,2
103.0,Far North Coast,NSW,2019,1837,0,0,0,0,0,254,873,282,428,0,0,0,0,0,0,0,0,0,0,0,12
104.0,Hunter,NSW,2019,3922,0,0,0,0,0,318,1524,831,1249,0,0,0,0,0,0,0,0,0,0,0,19
105.0,Illawarra,NSW,2019,4416,0,0,0,0,0,496,2053,899,968,0,0,0,0,0,0,0,0,0,0,0,17
106.0,Inner West,NSW,2019,2495,0,0,0,0,0,245,1207,406,637,0,0,0,0,0,0,0,0,0,0,0,12
107.0,Mid North Coast,NSW,2019,2618,0,0,0,0,0,291,1074,542,711,0,0,0,0,0,0,0,0,0,0,0,10
108.0,Nepean,NSW,2019,955,0,0,0,0,0,70,506,170,209,0,0,0,0,0,0,0,0,0,0,0,7
109.0,New England,NSW,2019,736,0,0,0,0,0,38,366,139,193,0,0,0,0,0,0,0,0,0,0,0,4
110.0,Northern Sydney,NSW,2019,3073,0,0,0,0,0,184,1416,645,828,0,0,0,0,0,0,0,0,0,0,0,17
111.0,Orana Far West,NSW,2019,566,0,0,0,0,0,95,270,91,110,0,0,0,0,0,0,0,0,0,0,0,2
112.0,Riverina/Murray,NSW,2019,1670,0,0,0,0,0,245,806,289,330,0,0,0,0,0,0,0,0,0,0,0,8
113.0,South East Sydney,NSW,2019,3178,0,0,0,0,0,335,1399,626,818,0,0,0,0,0,0,0,0,0,0,0,18
114.0,South West Sydney,NSW,2019,1949,0,0,0,0,0,229,898,343,479,0,0,0,0,0,0,0,0,0,0,0,10
115.0,Southern Highlands,NSW,2019,1011,0,0,0,0,0,69,478,164,300,0,0,0,0,0,0,0,0,0,0,0,7
116.0,Western Sydney,NSW,2019,3802,0,0,0,0,0,286,1649,737,1130,0,0,0,0,0,0,0,0,0,0,0,23
201.0,Barwon-South Western,VIC,2019,2143,0,0,0,0,0,148,1150,296,549,0,0,0,0,0,0,0,0,0,0,0,6
202.0,Eastern Metro,VIC,2019,4633,0,0,0,0,0,324,2665,644,1000,0,0,0,0,0,0,0,0,0,0,0,21
203.0,Gippsland,VIC,2019,1788,0,0,0,0,0,225,839,276,448,0,0,0,0,0,0,0,0,0,0,0,4
204.0,Grampians,VIC,2019,927,0,0,0,0,0,68,568,127,164,0,0,0,0,0,0,0,0,0,0,0,1
205.0,Hume,VIC,2019,2424,0,0,0,0,0,150,1364,425,485,0,0,0,0,0,0,0,0,0,0,0,10
206.0,Loddon-Mallee,VIC,2019,1224,0,0,0,0,0,77,661,168,318,0,0,0,0,0,0,0,0,0,0,0,6
207.0,Northern Metro,VIC,2019,3184,0,0,0,0,0,204,1519,536,925,0,0,0,0,0,0,0,0,0,0,0,6
208.0,Southern Metro,VIC,2019,8131,0,0,0,0,0,609,4150,1331,2041,0,0,0,0,0,0,0,0,0,0,0,32
209.0,Western Metro,VIC,2019,3322,0,0,0,0,0,145,1854,441,882,0,0,0,0,0,0,0,0,0,0,0,12
301.0,Brisbane North,QLD,2019,3416,0,0,0,0,0,225,1371,761,1059,0,0,0,0,0,0,0,0,0,0,0,19
302.0,Brisbane South,QLD,2019,3070,0,0,0,0,0,221,1114,695,1040,0,0,0,0,0,0,0,0,0,0,0,15
303.0,Cabool,QLD,2019,1825,0,0,0,0,0,141,745,366,573,0,0,0,0,0,0,0,0,0,0,0,6
304.0,Central West,QLD,2019,20,0,0,0,0,0,1,12,1,6,0,0,0,0,0,0,0,0,0,0,0,0
305.0,Darling Downs,QLD,2019,1841,0,0,0,0,0,213,679,358,591,0,0,0,0,0,0,0,0,0,0,0,4
306.0,Far North,QLD,2019,863,0,0,0,0,0,39,416,149,259,0,0,0,0,0,0,0,0,0,0,0,1
307.0,Fitzroy,QLD,2019,1163,0,0,0,0,0,10,499,351,303,0,0,0,0,0,0,0,0,0,0,0,2
308.0,Logan River Valley,QLD,2019,1046,0,0,0,0,0,92,377,235,342,0,0,0,0,0,0,0,0,0,0,0,2
309.0,Mackay,QLD,2019,328,0,0,0,0,0,23,167,47,91,0,0,0,0,0,0,0,0,0,0,0,2
310.0,North West,QLD,2019,79,0,0,0,0,0,7,40,15,17,0,0,0,0,0,0,0,0,0,0,0,0
311.0,Northern,QLD,2019,1076,0,0,0,0,0,39,408,180,449,0,0,0,0,0,0,0,0,0,0,0,8
312.0,South Coast,QLD,2019,2312,0,0,0,0,0,226,914,473,699,0,0,0,0,0,0,0,0,0,0,0,12
313.0,South West,QLD,2019,114,0,0,0,0,0,13,57,13,31,0,0,0,0,0,0,0,0,0,0,0,0
314.0,Sunshine Coast,QLD,2019,2704,0,0,0,0,0,224,1179,465,836,0,0,0,0,0,0,0,0,0,0,0,12
315.0,West Moreton,QLD,2019,562,0,0,0,0,0,74,232,98,158,0,0,0,0,0,0,0,0,0,0,0,2
316.0,Wide Bay,QLD,2019,1143,0,0,0,0,0,116,473,235,319,0,0,0,0,0,0,0,0,0,0,0,6
401.0,Eyre Peninsula,SA,2019,238,0,0,0,0,0,17,115,44,62,0,0,0,0,0,0,0,0,0,0,0,4
402.0,"Hills, Mallee & Southern",SA,2019,839,0,0,0,0,0,80,387,167,205,0,0,0,0,0,0,0,0,0,0,0,2
403.0,Metropolitan East,SA,2019,2034,0,0,0,0,0,161,719,526,628,0,0,0,0,0,0,0,0,0,0,0,9
404.0,Metropolitan North,SA,2019,845,0,0,0,0,0,56,290,240,259,0,0,0,0,0,0,0,0,0,0,0,3
405.0,Metropolitan South,SA,2019,1557,0,0,0,0,0,66,610,377,504,0,0,0,0,0,0,0,0,0,0,0,9
406.0,Metropolitan West,SA,2019,1059,0,0,0,0,0,51,375,293,340,0,0,0,0,0,0,0,0,0,0,0,6
407.0,Mid North,SA,2019,147,0,0,0,0,0,8,58,33,48,0,0,0,0,0,0,0,0,0,0,0,0
408.0,Riverland,SA,2019,244,0,0,0,0,0,15,116,42,71,0,0,0,0,0,0,0,0,0,0,0,2
409.0,South East,SA,2019,319,0,0,0,0,0,33,170,51,65,0,0,0,0,0,0,0,0,0,0,0,2
410.0,Flinders & Far North,SA,2019,129,0,0,0,0,0,12,49,25,43,0,0,0,0,0,0,0,0,0,0,0,1
411.0,"Yorke, Lower North & Barossa",SA,2019,347,0,0,0,0,0,21,171,68,87,0,0,0,0,0,0,0,0,0,0,0,0
501.0,Goldfields,WA,2019,68,0,0,0,0,0,6,19,18,25,0,0,0,0,0,0,0,0,0,0,0,0
502.0,Great Southern,WA,2019,246,0,0,0,0,0,2,55,50,139,0,0,0,0,0,0,0,0,0,0,0,3
503.0,Kimberley,WA,2019,115,0,0,0,0,0,6,46,29,34,0,0,0,0,0,0,0,0,0,0,0,1
504.0,Metropolitan East,WA,2019,1679,0,0,0,0,0,82,606,312,679,0,0,0,0,0,0,0,0,0,0,0,11
505.0,Metropolitan North,WA,2019,1764,0,0,0,0,0,108,612,382,662,0,0,0,0,0,0,0,0,0,0,0,17
506.0,Metropolitan South East,WA,2019,2289,0,0,0,0,0,85,763,441,1000,0,0,0,0,0,0,0,0,0,0,0,14
507.0,Metropolitan South West,WA,2019,1606,0,0,0,0,0,88,496,375,647,0,0,0,0,0,0,0,0,0,0,0,6
508.0,Mid West,WA,2019,168,0,0,0,0,0,5,64,24,75,0,0,0,0,0,0,0,0,0,0,0,1
509.0,Pilbara,WA,2019,45,0,0,0,0,0,0,20,6,19,0,0,0,0,0,0,0,0,0,0,0,0
510.0,South West,WA,2019,646,0,0,0,0,0,42,167,144,293,0,0,0,0,0,0,0,0,0,0,0,3
511.0,Wheatbelt,WA,2019,373,0,0,0,0,0,29,89,90,165,0,0,0,0,0,0,0,0,0,0,0,1
601.0,North Western,TAS,2019,435,0,0,0,0,0,36,211,68,120,0,0,0,0,0,0,0,0,0,0,0,0
602.0,Northern,TAS,2019,854,0,0,0,0,0,57,448,141,208,0,0,0,0,0,0,0,0,0,0,0,2
603.0,Southern,TAS,2019,1337,0,0,0,0,0,75,647,229,386,0,0,0,0,0,0,0,0,0,0,0,3
701.0,Alice Springs,NT,2019,203,0,0,0,0,0,5,149,16,33,0,0,0,0,0,0,0,0,0,0,0,1
702.0,Barkly,NT,2019,33,0,0,0,0,0,0,25,2,6,0,0,0,0,0,0,0,0,0,0,0,0
703.0,Darwin,NT,2019,279,0,0,0,0,0,0,116,43,120,0,0,0,0,0,0,0,0,0,0,0,0
704.0,East Arnhem,NT,2019,89,0,0,0,0,0,1,65,8,15,0,0,0,0,0,0,0,0,0,0,0,0
705.0,Katherine,NT,2019,55,0,0,0,0,0,0,42,6,7,0,0,0,0,0,0,0,0,0,0,0,0
801.0,ACT,ACT,2019,1464,0,0,0,0,0,62,603,268,531,0,0,0,0,0,0,0,0,0,0,0,6
