sa3_code,sa3_name,year,residential_users,home_care_users,total_users
10102,Queanbeyan,2023,261,441,702
10102,Queanbeyan,2024,262,497,759
10102,Queanbeyan,2025,271,498,769
10103,Snowy Mountains,2023,93,129,222
10103,Snowy Mountains,2024,77,156,233
10103,Snowy Mountains,2025,74,187,261
10104,South Coast,2023,872,1724,2596
10104,South Coast,2024,909,1826,2735
10104,South Coast,2025,914,1957,2871
10105,Goulburn - Mulwaree,2023,369,629,998
10105,Goulburn - Mulwaree,2024,393,661,1054
10105,Goulburn - Mulwaree,2025,390,707,1097
10106,Young - Yass,2023,312,395,707
10106,Young - Yass,2024,341,411,752
10106,Young - Yass,2025,338,414,752
10201,Gosford,2023,1642,2373,4015
10201,Gosford,2024,1715,2594,4309
10201,Gosford,2025,1770,2745,4515
10202,Wyong,2023,1745,2612,4357
10202,Wyong,2024,1762,2861,4623
10202,Wyong,2025,1778,2946,4724
10301,Bathurst,2023,516,369,885
10301,Bathurst,2024,522,411,933
10301,Bathurst,2025,548,458,1006
10302,Lachlan Valley,2023,584,558,1142
10302,Lachlan Valley,2024,564,601,1165
10302,Lachlan Valley,2025,536,691,1227
10303,Lithgow - Mudgee,2023,375,480,855
10303,Lithgow - Mudgee,2024,355,496,851
10303,Lithgow - Mudgee,2025,361,504,865
10304,Orange,2023,600,447,1047
10304,Orange,2024,605,561,1166
10304,Orange,2025,607,611,1218
10401,Clarence Valley,2023,592,1123,1715
10401,Clarence Valley,2024,607,1235,1842
10401,Clarence Valley,2025,624,1272,1896
10402,Coffs Harbour,2023,810,1306,2116
10402,Coffs Harbour,2024,869,1466,2335
10402,Coffs Harbour,2025,881,1515,2396
10501,Bourke - Cobar - Coonamble,2023,72,225,297
10501,Bourke - Cobar - Coonamble,2024,73,268,341
10501,Bourke - Cobar - Coonamble,2025,79,317,396
10502,Broken Hill and Far West,2023,188,198,386
10502,Broken Hill and Far West,2024,167,187,354
10502,Broken Hill and Far West,2025,180,169,349
10503,Dubbo,2023,753,1079,1832
10503,Dubbo,2024,730,1175,1905
10503,Dubbo,2025,752,1281,2033
10601,Lower Hunter,2023,683,747,1430
10601,Lower Hunter,2024,683,769,1452
10601,Lower Hunter,2025,651,830,1481
10602,Maitland,2023,437,788,1225
10602,Maitland,2024,555,795,1350
10602,Maitland,2025,652,868,1520
10603,Port Stephens,2023,594,1305,1899
10603,Port Stephens,2024,595,1363,1958
10603,Port Stephens,2025,602,1456,2058
10604,Upper Hunter,2023,209,259,468
10604,Upper Hunter,2024,208,277,485
10604,Upper Hunter,2025,212,281,493
10701,Dapto - Port Kembla,2023,793,924,1717
10701,Dapto - Port Kembla,2024,800,939,1739
10701,Dapto - Port Kembla,2025,808,953,1761
10703,Kiama - Shellharbour,2023,765,993,1758
10703,Kiama - Shellharbour,2024,787,990,1777
10703,Kiama - Shellharbour,2025,782,1038,1820
10704,Wollongong,2023,1134,1265,2399
10704,Wollongong,2024,1023,1281,2304
10704,Wollongong,2025,1013,1255,2268
10801,Great Lakes,2023,497,1173,1670
10801,Great Lakes,2024,516,1265,1781
10801,Great Lakes,2025,560,1316,1876
10802,Kempsey - Nambucca,2023,691,1076,1767
10802,Kempsey - Nambucca,2024,686,1173,1859
10802,Kempsey - Nambucca,2025,699,1181,1880
10803,Lord Howe Island,2023,0,8,8
10803,Lord Howe Island,2024,0,7,7
10803,Lord Howe Island,2025,0,12,12
10804,Port Macquarie,2023,1045,2060,3105
10804,Port Macquarie,2024,1116,2259,3375
10804,Port Macquarie,2025,1234,2288,3522
10805,Taree - Gloucester,2023,601,1894,2495
10805,Taree - Gloucester,2024,600,1999,2599
10805,Taree - Gloucester,2025,612,2121,2733
10901,Albury,2023,657,933,1590
10901,Albury,2024,664,965,1629
10901,Albury,2025,691,904,1595
10902,Lower Murray,2023,93,186,279
10902,Lower Murray,2024,96,185,281
10902,Lower Murray,2025,100,163,263
10903,Upper Murray exc. Albury,2023,468,751,1219
10903,Upper Murray exc. Albury,2024,444,732,1176
10903,Upper Murray exc. Albury,2025,434,670,1104
11001,Armidale,2023,267,336,603
11001,Armidale,2024,293,339,632
11001,Armidale,2025,295,351,646
11002,Inverell - Tenterfield,2023,366,403,769
11002,Inverell - Tenterfield,2024,365,420,785
11002,Inverell - Tenterfield,2025,388,457,845
11003,Moree - Narrabri,2023,160,197,357
11003,Moree - Narrabri,2024,152,209,361
11003,Moree - Narrabri,2025,156,199,355
11004,Tamworth - Gunnedah,2023,608,678,1286
11004,Tamworth - Gunnedah,2024,677,694,1371
11004,Tamworth - Gunnedah,2025,757,739,1496
11101,Lake Macquarie - East,2023,928,1743,2671
11101,Lake Macquarie - East,2024,1013,1715,2728
11101,Lake Macquarie - East,2025,1092,1695,2787
11102,Lake Macquarie - West,2023,1108,1214,2322
11102,Lake Macquarie - West,2024,1133,1148,2281
11102,Lake Macquarie - West,2025,1115,1147,2262
11103,Newcastle,2023,1964,2115,4079
11103,Newcastle,2024,1960,2056,4016
11103,Newcastle,2025,1991,2022,4013
11201,Richmond Valley - Coastal,2023,789,1457,2246
11201,Richmond Valley - Coastal,2024,841,1569,2410
11201,Richmond Valley - Coastal,2025,872,1678,2550
11202,Richmond Valley - Hinterland,2023,565,1286,1851
11202,Richmond Valley - Hinterland,2024,574,1340,1914
11202,Richmond Valley - Hinterland,2025,597,1396,1993
11203,Tweed Valley,2023,1129,2185,3314
11203,Tweed Valley,2024,1190,2268,3458
11203,Tweed Valley,2025,1245,2382,3627
11301,Griffith - Murrumbidgee (West),2023,488,706,1194
11301,Griffith - Murrumbidgee (West),2024,503,639,1142
11301,Griffith - Murrumbidgee (West),2025,499,635,1134
11302,Tumut - Tumbarumba,2023,98,206,304
11302,Tumut - Tumbarumba,2024,102,198,300
11302,Tumut - Tumbarumba,2025,95,206,301
11303,Wagga Wagga,2023,838,1621,2459
11303,Wagga Wagga,2024,865,1597,2462
11303,Wagga Wagga,2025,915,1499,2414
11401,Shoalhaven,2023,1140,1449,2589
11401,Shoalhaven,2024,1165,1514,2679
11401,Shoalhaven,2025,1180,1560,2740
11402,Southern Highlands,2023,583,369,952
11402,Southern Highlands,2024,607,350,957
11402,Southern Highlands,2025,626,318,944
11501,Baulkham Hills,2023,1738,1116,2854
11501,Baulkham Hills,2024,1766,1224,2990
11501,Baulkham Hills,2025,1818,1241,3059
11502,Dural - Wisemans Ferry,2023,331,217,548
11502,Dural - Wisemans Ferry,2024,342,227,569
11502,Dural - Wisemans Ferry,2025,358,227,585
11503,Hawkesbury,2023,33,107,140
11503,Hawkesbury,2024,34,107,141
11503,Hawkesbury,2025,34,117,151
11504,Rouse Hill - McGraths Hill,2023,104,168,272
11504,Rouse Hill - McGraths Hill,2024,112,186,298
11504,Rouse Hill - McGraths Hill,2025,113,211,324
11601,Blacktown,2023,757,1290,2047
11601,Blacktown,2024,780,1361,2141
11601,Blacktown,2025,794,1372,2166
11602,Blacktown - North,2023,227,539,766
11602,Blacktown - North,2024,312,594,906
11602,Blacktown - North,2025,373,627,1000
11603,Mount Druitt,2023,675,929,1604
11603,Mount Druitt,2024,704,981,1685
11603,Mount Druitt,2025,752,1021,1773
11701,Botany,2023,155,450,605
11701,Botany,2024,156,491,647
11701,Botany,2025,156,545,701
11702,"Marrickville - Sydenham -
Petersham",2023,306,419,725
11702,Marrickville - Sydenham - Petersham,2024,304,442,746
11702,Marrickville - Sydenham - Petersham,2025,303,441,744
11703,Sydney Inner City,2023,628,1295,1923
11703,Sydney Inner City,2024,654,1336,1990
11703,Sydney Inner City,2025,673,1334,2007
11801,Eastern Suburbs - North,2023,882,816,1698
11801,Eastern Suburbs - North,2024,926,823,1749
11801,Eastern Suburbs - North,2025,934,852,1786
11802,Eastern Suburbs - South,2023,1065,1197,2262
11802,Eastern Suburbs - South,2024,1054,1274,2328
11802,Eastern Suburbs - South,2025,1059,1328,2387
11901,Bankstown,2023,1559,2059,3618
11901,Bankstown,2024,1605,2244,3849
11901,Bankstown,2025,1659,2372,4031
11902,Canterbury,2023,737,1784,2521
11902,Canterbury,2024,796,1804,2600
11902,Canterbury,2025,866,1904,2770
11903,Hurstville,2023,1158,1623,2781
11903,Hurstville,2024,1232,1795,3027
11903,Hurstville,2025,1243,1976,3219
11904,Kogarah - Rockdale,2023,1335,1422,2757
11904,Kogarah - Rockdale,2024,1351,1592,2943
11904,Kogarah - Rockdale,2025,1373,1712,3085
12001,Canada Bay,2023,665,843,1508
12001,Canada Bay,2024,674,843,1517
12001,Canada Bay,2025,672,853,1525
12002,Leichhardt,2023,339,344,683
12002,Leichhardt,2024,335,361,696
12002,Leichhardt,2025,332,349,681
12003,Strathfield - Burwood - Ashfield,2023,1551,1696,3247
12003,Strathfield - Burwood - Ashfield,2024,1532,1724,3256
12003,Strathfield - Burwood - Ashfield,2025,1425,1707,3132
12101,Chatswood - Lane Cove,2023,753,833,1586
12101,Chatswood - Lane Cove,2024,784,863,1647
12101,Chatswood - Lane Cove,2025,837,915,1752
12102,Hornsby,2023,771,757,1528
12102,Hornsby,2024,796,815,1611
12102,Hornsby,2025,868,840,1708
12103,Ku-ring-gai,2023,1166,1097,2263
12103,Ku-ring-gai,2024,1286,1135,2421
12103,Ku-ring-gai,2025,1461,1102,2563
12104,North Sydney - Mosman,2023,412,596,1008
12104,North Sydney - Mosman,2024,460,598,1058
12104,North Sydney - Mosman,2025,504,604,1108
12201,Manly,2023,165,233,398
12201,Manly,2024,168,235,403
12201,Manly,2025,166,217,383
12202,Pittwater,2023,621,592,1213
12202,Pittwater,2024,627,600,1227
12202,Pittwater,2025,598,556,1154
12203,Warringah,2023,1395,1455,2850
12203,Warringah,2024,1373,1457,2830
12203,Warringah,2025,1384,1432,2816
12301,Camden,2023,513,243,756
12301,Camden,2024,517,264,781
12301,Camden,2025,527,261,788
12302,Campbelltown (NSW),2023,970,964,1934
12302,Campbelltown (NSW),2024,1088,991,2079
12302,Campbelltown (NSW),2025,1282,1015,2297
12303,Wollondilly,2023,261,193,454
12303,Wollondilly,2024,255,213,468
12303,Wollondilly,2025,260,197,457
12401,Blue Mountains,2023,581,750,1331
12401,Blue Mountains,2024,615,803,1418
12401,Blue Mountains,2025,650,807,1457
12403,Penrith,2023,967,1077,2044
12403,Penrith,2024,1002,1162,2164
12403,Penrith,2025,1000,1161,2161
12404,Richmond - Windsor,2023,373,302,675
12404,Richmond - Windsor,2024,378,316,694
12404,Richmond - Windsor,2025,378,346,724
12405,St Marys,2023,246,416,662
12405,St Marys,2024,240,470,710
12405,St Marys,2025,234,473,707
12501,Auburn,2023,373,921,1294
12501,Auburn,2024,357,995,1352
12501,Auburn,2025,382,1047,1429
12502,Carlingford,2023,206,775,981
12502,Carlingford,2024,208,799,1007
12502,Carlingford,2025,207,821,1028
12503,Merrylands - Guildford,2023,966,1831,2797
12503,Merrylands - Guildford,2024,995,1953,2948
12503,Merrylands - Guildford,2025,1041,2049,3090
12504,Parramatta,2023,1267,1341,2608
12504,Parramatta,2024,1379,1431,2810
12504,Parramatta,2025,1484,1441,2925
12601,Pennant Hills - Epping,2023,202,473,675
12601,Pennant Hills - Epping,2024,229,496,725
12601,Pennant Hills - Epping,2025,282,495,777
12602,Ryde - Hunters Hill,2023,1369,1661,3030
12602,Ryde - Hunters Hill,2024,1404,1780,3184
12602,Ryde - Hunters Hill,2025,1464,1858,3322
12701,Bringelly - Green Valley,2023,385,782,1167
12701,Bringelly - Green Valley,2024,428,902,1330
12701,Bringelly - Green Valley,2025,456,996,1452
12702,Fairfield,2023,1238,2791,4029
12702,Fairfield,2024,1304,3193,4497
12702,Fairfield,2025,1312,3502,4814
12703,Liverpool,2023,715,1218,1933
12703,Liverpool,2024,736,1351,2087
12703,Liverpool,2025,592,1439,2031
12801,Cronulla - Miranda - Caringbah,2023,1114,1005,2119
12801,Cronulla - Miranda - Caringbah,2024,1145,1077,2222
12801,Cronulla - Miranda - Caringbah,2025,1187,1116,2303
12802,Sutherland - Menai - Heathcote,2023,1162,893,2055
12802,Sutherland - Menai - Heathcote,2024,1296,916,2212
12802,Sutherland - Menai - Heathcote,2025,1306,942,2248
20101,Ballarat,2023,1081,1308,2389
20101,Ballarat,2024,1135,1405,2540
20101,Ballarat,2025,1157,1451,2608
20102,Creswick - Daylesford - Ballan,2023,241,305,546
20102,Creswick - Daylesford - Ballan,2024,268,333,601
20102,Creswick - Daylesford - Ballan,2025,281,362,643
20103,Maryborough - Pyrenees,2023,274,190,464
20103,Maryborough - Pyrenees,2024,264,215,479
20103,Maryborough - Pyrenees,2025,266,269,535
20201,Bendigo,2023,1065,730,1795
20201,Bendigo,2024,1104,768,1872
20201,Bendigo,2025,1134,853,1987
20202,"Heathcote - Castlemaine -
Kyneton",2023,483,347,830
20202,Heathcote - Castlemaine - Kyneton,2024,517,373,890
20202,Heathcote - Castlemaine - Kyneton,2025,541,416,957
20203,Loddon - Elmore,2023,58,83,141
20203,Loddon - Elmore,2024,57,85,142
20203,Loddon - Elmore,2025,56,102,158
20301,Barwon - West,2023,157,163,320
20301,Barwon - West,2024,154,174,328
20301,Barwon - West,2025,167,185,352
20302,Geelong,2023,2159,2516,4675
20302,Geelong,2024,2245,2800,5045
20302,Geelong,2025,2321,2989,5310
20303,"Surf Coast - Bellarine
Peninsula",2023,790,893,1683
20303,Surf Coast - Bellarine Peninsula,2024,905,998,1903
20303,Surf Coast - Bellarine Peninsula,2025,931,1141,2072
20401,Upper Goulburn Valley,2023,572,404,976
20401,Upper Goulburn Valley,2024,579,420,999
20401,Upper Goulburn Valley,2025,586,415,1001
20402,Wangaratta - Benalla,2023,613,484,1097
20402,Wangaratta - Benalla,2024,573,435,1008
20402,Wangaratta - Benalla,2025,591,382,973
20403,Wodonga - Alpine,2023,553,580,1133
20403,Wodonga - Alpine,2024,563,521,1084
20403,Wodonga - Alpine,2025,583,490,1073
20501,Baw Baw,2023,460,697,1157
20501,Baw Baw,2024,450,746,1196
20501,Baw Baw,2025,526,783,1309
20502,Gippsland - East,2023,463,1241,1704
20502,Gippsland - East,2024,464,1300,1764
20502,Gippsland - East,2025,493,1403,1896
20503,Gippsland - South West,2023,676,1461,2137
20503,Gippsland - South West,2024,713,1598,2311
20503,Gippsland - South West,2025,716,1715,2431
20504,Latrobe Valley,2023,862,1455,2317
20504,Latrobe Valley,2024,860,1494,2354
20504,Latrobe Valley,2025,917,1576,2493
20505,Wellington,2023,432,928,1360
20505,Wellington,2024,425,925,1350
20505,Wellington,2025,428,969,1397
20601,Brunswick - Coburg,2023,388,1122,1510
20601,Brunswick - Coburg,2024,392,1168,1560
20601,Brunswick - Coburg,2025,405,1174,1579
20602,Darebin - South,2023,362,745,1107
20602,Darebin - South,2024,388,853,1241
20602,Darebin - South,2025,412,899,1311
20603,Essendon,2023,552,715,1267
20603,Essendon,2024,592,700,1292
20603,Essendon,2025,610,705,1315
20604,Melbourne City,2023,636,554,1190
20604,Melbourne City,2024,649,555,1204
20604,Melbourne City,2025,676,574,1250
20605,Port Phillip,2023,458,651,1109
20605,Port Phillip,2024,509,687,1196
20605,Port Phillip,2025,560,730,1290
20606,Stonnington - West,2023,213,473,686
20606,Stonnington - West,2024,194,464,658
20606,Stonnington - West,2025,188,468,656
20607,Yarra,2023,249,1074,1323
20607,Yarra,2024,245,1241,1486
20607,Yarra,2025,264,1268,1532
20701,Boroondara,2023,1799,1897,3696
20701,Boroondara,2024,1871,1997,3868
20701,Boroondara,2025,1943,2197,4140
20702,Manningham - West,2023,1127,1808,2935
20702,Manningham - West,2024,1213,2113,3326
20702,Manningham - West,2025,1246,2307,3553
20703,Whitehorse - West,2023,927,1686,2613
20703,Whitehorse - West,2024,1027,1922,2949
20703,Whitehorse - West,2025,1049,2012,3061
20801,Bayside,2023,1195,821,2016
20801,Bayside,2024,1207,843,2050
20801,Bayside,2025,1275,942,2217
20802,Glen Eira,2023,1406,1723,3129
20802,Glen Eira,2024,1475,1762,3237
20802,Glen Eira,2025,1514,1863,3377
20803,Kingston,2023,1019,1310,2329
20803,Kingston,2024,1035,1339,2374
20803,Kingston,2025,1071,1442,2513
20804,Stonnington - East,2023,639,306,945
20804,Stonnington - East,2024,627,317,944
20804,Stonnington - East,2025,643,364,1007
20901,Banyule,2023,1039,1350,2389
20901,Banyule,2024,1044,1535,2579
20901,Banyule,2025,1106,1603,2709
20902,Darebin - North,2023,875,1478,2353
20902,Darebin - North,2024,916,1642,2558
20902,Darebin - North,2025,951,1793,2744
20903,Nillumbik - Kinglake,2023,408,280,688
20903,Nillumbik - Kinglake,2024,476,344,820
20903,Nillumbik - Kinglake,2025,484,409,893
20904,Whittlesea - Wallan,2023,1220,1940,3160
20904,Whittlesea - Wallan,2024,1439,2185,3624
20904,Whittlesea - Wallan,2025,1556,2423,3979
21001,Keilor,2023,536,1099,1635
21001,Keilor,2024,555,1115,1670
21001,Keilor,2025,583,1139,1722
21002,Macedon Ranges,2023,147,140,287
21002,Macedon Ranges,2024,144,153,297
21002,Macedon Ranges,2025,261,188,449
21003,Moreland - North,2023,792,1285,2077
21003,Moreland - North,2024,869,1310,2179
21003,Moreland - North,2025,900,1289,2189
21004,Sunbury,2023,178,309,487
21004,Sunbury,2024,186,304,490
21004,Sunbury,2025,183,323,506
21005,Tullamarine - Broadmeadows,2023,589,1608,2197
21005,Tullamarine - Broadmeadows,2024,621,1706,2327
21005,Tullamarine - Broadmeadows,2025,627,1920,2547
21101,Knox,2023,1418,2073,3491
21101,Knox,2024,1433,2262,3695
21101,Knox,2025,1449,2320,3769
21102,Manningham - East,2023,320,247,567
21102,Manningham - East,2024,303,304,607
21102,Manningham - East,2025,321,319,640
21103,Maroondah,2023,1157,1638,2795
21103,Maroondah,2024,1198,1747,2945
21103,Maroondah,2025,1262,1796,3058
21104,Whitehorse - East,2023,641,958,1599
21104,Whitehorse - East,2024,649,1079,1728
21104,Whitehorse - East,2025,640,1138,1778
21105,Yarra Ranges,2023,864,1893,2757
21105,Yarra Ranges,2024,930,2156,3086
21105,Yarra Ranges,2025,1025,2239,3264
21201,Cardinia,2023,674,606,1280
21201,Cardinia,2024,713,605,1318
21201,Cardinia,2025,720,759,1479
21202,Casey - North,2023,1045,1314,2359
21202,Casey - North,2024,1069,1441,2510
21202,Casey - North,2025,1061,1615,2676
21203,Casey - South,2023,704,1199,1903
21203,Casey - South,2024,697,1306,2003
21203,Casey - South,2025,694,1499,2193
21204,Dandenong,2023,1569,3044,4613
21204,Dandenong,2024,1606,3144,4750
21204,Dandenong,2025,1624,3490,5114
21205,Monash,2023,2011,2736,4747
21205,Monash,2024,2073,3229,5302
21205,Monash,2025,2141,3433,5574
21301,Brimbank,2023,1126,2412,3538
21301,Brimbank,2024,1162,2624,3786
21301,Brimbank,2025,1159,2726,3885
21302,Hobsons Bay,2023,725,836,1561
21302,Hobsons Bay,2024,744,886,1630
21302,Hobsons Bay,2025,761,912,1673
21303,Maribyrnong,2023,504,831,1335
21303,Maribyrnong,2024,523,885,1408
21303,Maribyrnong,2025,539,887,1426
21304,Melton - Bacchus Marsh,2023,581,1130,1711
21304,Melton - Bacchus Marsh,2024,606,1231,1837
21304,Melton - Bacchus Marsh,2025,596,1315,1911
21305,Wyndham,2023,933,1028,1961
21305,Wyndham,2024,1073,1131,2204
21305,Wyndham,2025,1163,1216,2379
21401,Frankston,2023,1146,1358,2504
21401,Frankston,2024,1243,1395,2638
21401,Frankston,2025,1294,1547,2841
21402,Mornington Peninsula,2023,2037,2507,4544
21402,Mornington Peninsula,2024,2115,2666,4781
21402,Mornington Peninsula,2025,2217,2841,5058
21501,Grampians,2023,749,796,1545
21501,Grampians,2024,749,762,1511
21501,Grampians,2025,771,774,1545
21502,Mildura,2023,535,1060,1595
21502,Mildura,2024,547,1107,1654
21502,Mildura,2025,565,1029,1594
21503,Murray River - Swan Hill,2023,461,400,861
21503,Murray River - Swan Hill,2024,451,415,866
21503,Murray River - Swan Hill,2025,459,502,961
21601,Campaspe,2023,479,587,1066
21601,Campaspe,2024,474,604,1078
21601,Campaspe,2025,503,633,1136
21602,Moira,2023,361,382,743
21602,Moira,2024,368,386,754
21602,Moira,2025,384,362,746
21603,Shepparton,2023,658,544,1202
21603,Shepparton,2024,672,613,1285
21603,Shepparton,2025,687,598,1285
21701,Glenelg - Southern Grampians,2023,406,750,1156
21701,Glenelg - Southern Grampians,2024,451,779,1230
21701,Glenelg - Southern Grampians,2025,480,786,1266
21703,Colac - Corangamite,2023,346,512,858
21703,Colac - Corangamite,2024,355,521,876
21703,Colac - Corangamite,2025,359,549,908
21704,Warrnambool,2023,514,957,1471
21704,Warrnambool,2024,534,953,1487
21704,Warrnambool,2025,532,969,1501
30101,Capalaba,2023,596,454,1050
30101,Capalaba,2024,615,489,1104
30101,Capalaba,2025,554,566,1120
30102,Cleveland - Stradbroke,2023,898,1042,1940
30102,Cleveland - Stradbroke,2024,946,1174,2120
30102,Cleveland - Stradbroke,2025,956,1275,2231
30103,Wynnum - Manly,2023,474,458,932
30103,Wynnum - Manly,2024,468,484,952
30103,Wynnum - Manly,2025,469,518,987
30201,Bald Hills - Everton Park,2023,480,368,848
30201,Bald Hills - Everton Park,2024,494,392,886
30201,Bald Hills - Everton Park,2025,488,399,887
30202,Chermside,2023,709,753,1462
30202,Chermside,2024,706,774,1480
30202,Chermside,2025,705,819,1524
30203,Nundah,2023,303,316,619
30203,Nundah,2024,310,351,661
30203,Nundah,2025,310,356,666
30204,Sandgate,2023,684,599,1283
30204,Sandgate,2024,685,636,1321
30204,Sandgate,2025,705,677,1382
30301,Carindale,2023,456,361,817
30301,Carindale,2024,451,373,824
30301,Carindale,2025,457,388,845
30302,Holland Park - Yeronga,2023,666,497,1163
30302,Holland Park - Yeronga,2024,670,485,1155
30302,Holland Park - Yeronga,2025,668,517,1185
30303,Mt Gravatt,2023,632,582,1214
30303,Mt Gravatt,2024,661,615,1276
30303,Mt Gravatt,2025,667,651,1318
30304,Nathan,2023,117,281,398
30304,Nathan,2024,121,300,421
30304,Nathan,2025,130,352,482
30305,Rocklea - Acacia Ridge,2023,625,362,987
30305,Rocklea - Acacia Ridge,2024,664,382,1046
30305,Rocklea - Acacia Ridge,2025,668,448,1116
30306,Sunnybank,2023,348,441,789
30306,Sunnybank,2024,360,480,840
30306,Sunnybank,2025,352,548,900
30401,Centenary,2023,436,257,693
30401,Centenary,2024,445,278,723
30401,Centenary,2025,439,288,727
30402,Kenmore - Brookfield - Moggill,2023,444,315,759
30402,Kenmore - Brookfield - Moggill,2024,443,317,760
30402,Kenmore - Brookfield - Moggill,2025,447,326,773
30403,Sherwood - Indooroopilly,2023,346,270,616
30403,Sherwood - Indooroopilly,2024,387,266,653
30403,Sherwood - Indooroopilly,2025,323,296,619
30404,The Gap - Enoggera,2023,548,387,935
30404,The Gap - Enoggera,2024,560,391,951
30404,The Gap - Enoggera,2025,553,415,968
30501,Brisbane Inner,2023,485,276,761
30501,Brisbane Inner,2024,397,276,673
30501,Brisbane Inner,2025,414,298,712
30502,Brisbane Inner - East,2023,247,154,401
30502,Brisbane Inner - East,2024,248,157,405
30502,Brisbane Inner - East,2025,106,154,260
30503,Brisbane Inner - North,2023,635,431,1066
30503,Brisbane Inner - North,2024,722,448,1170
30503,Brisbane Inner - North,2025,751,488,1239
30504,Brisbane Inner - West,2023,175,253,428
30504,Brisbane Inner - West,2024,243,251,494
30504,Brisbane Inner - West,2025,271,281,552
30601,Cairns - North,2023,400,486,886
30601,Cairns - North,2024,403,574,977
30601,Cairns - North,2025,408,661,1069
30602,Cairns - South,2023,950,1119,2069
30602,Cairns - South,2024,955,1295,2250
30602,Cairns - South,2025,969,1472,2441
30603,Innisfail - Cassowary Coast,2023,239,387,626
30603,Innisfail - Cassowary Coast,2024,244,569,813
30603,Innisfail - Cassowary Coast,2025,238,663,901
30604,Port Douglas - Daintree,2023,95,144,239
30604,Port Douglas - Daintree,2024,108,186,294
30604,Port Douglas - Daintree,2025,112,228,340
30605,Tablelands (East) - Kuranda,2023,254,575,829
30605,Tablelands (East) - Kuranda,2024,253,679,932
30605,Tablelands (East) - Kuranda,2025,257,769,1026
30701,"Darling Downs (West) -
Maranoa",2023,299,299,598
30701,Darling Downs (West) - Maranoa,2024,302,319,621
30701,Darling Downs (West) - Maranoa,2025,311,310,621
30702,Darling Downs - East,2023,458,552,1010
30702,Darling Downs - East,2024,498,597,1095
30702,Darling Downs - East,2025,463,605,1068
30703,Granite Belt,2023,450,649,1099
30703,Granite Belt,2024,477,673,1150
30703,Granite Belt,2025,498,658,1156
30801,Central Highlands (Qld),2023,56,124,180
30801,Central Highlands (Qld),2024,51,140,191
30801,Central Highlands (Qld),2025,46,155,201
30803,Rockhampton,2023,960,2104,3064
30803,Rockhampton,2024,960,2222,3182
30803,Rockhampton,2025,979,2450,3429
30804,Biloela,2023,86,127,213
30804,Biloela,2024,88,133,221
30804,Biloela,2025,91,148,239
30805,Gladstone,2023,210,524,734
30805,Gladstone,2024,212,551,763
30805,Gladstone,2025,213,671,884
30901,Broadbeach - Burleigh,2023,426,493,919
30901,Broadbeach - Burleigh,2024,419,484,903
30901,Broadbeach - Burleigh,2025,433,533,966
30902,Coolangatta,2023,464,412,876
30902,Coolangatta,2024,478,417,895
30902,Coolangatta,2025,472,422,894
30903,Gold Coast - North,2023,992,783,1775
30903,Gold Coast - North,2024,1017,746,1763
30903,Gold Coast - North,2025,990,779,1769
30904,Gold Coast Hinterland,2023,35,124,159
30904,Gold Coast Hinterland,2024,37,117,154
30904,Gold Coast Hinterland,2025,40,120,160
30905,Mudgeeraba - Tallebudgera,2023,358,150,508
30905,Mudgeeraba - Tallebudgera,2024,364,147,511
30905,Mudgeeraba - Tallebudgera,2025,368,160,528
30906,Nerang,2023,77,461,538
30906,Nerang,2024,220,475,695
30906,Nerang,2025,216,497,713
30907,Ormeau - Oxenford,2023,737,673,1410
30907,Ormeau - Oxenford,2024,740,686,1426
30907,Ormeau - Oxenford,2025,721,729,1450
30908,Robina,2023,795,459,1254
30908,Robina,2024,673,439,1112
30908,Robina,2025,683,432,1115
30909,Southport,2023,1032,626,1658
30909,Southport,2024,1044,615,1659
30909,Southport,2025,1008,621,1629
30910,Surfers Paradise,2023,54,275,329
30910,Surfers Paradise,2024,51,278,329
30910,Surfers Paradise,2025,74,282,356
31001,Forest Lake - Oxley,2023,351,702,1053
31001,Forest Lake - Oxley,2024,353,753,1106
31001,Forest Lake - Oxley,2025,448,807,1255
31002,Ipswich Hinterland,2023,359,536,895
31002,Ipswich Hinterland,2024,361,608,969
31002,Ipswich Hinterland,2025,378,635,1013
31003,Ipswich Inner,2023,891,658,1549
31003,Ipswich Inner,2024,906,734,1640
31003,Ipswich Inner,2025,905,790,1695
31004,Springfield - Redbank,2023,0,388,388
31004,Springfield - Redbank,2024,0,406,406
31004,Springfield - Redbank,2025,0,430,430
31101,Beaudesert,2023,216,223,439
31101,Beaudesert,2024,214,214,428
31101,Beaudesert,2025,216,201,417
31102,Beenleigh,2023,240,379,619
31102,Beenleigh,2024,243,407,650
31102,Beenleigh,2025,237,440,677
31103,Browns Plains,2023,488,589,1077
31103,Browns Plains,2024,496,634,1130
31103,Browns Plains,2025,518,677,1195
31104,Jimboomba,2023,145,231,376
31104,Jimboomba,2024,142,262,404
31104,Jimboomba,2025,141,296,437
31105,Loganlea - Carbrook,2023,690,605,1295
31105,Loganlea - Carbrook,2024,733,602,1335
31105,Loganlea - Carbrook,2025,742,619,1361
31106,Springwood - Kingston,2023,539,638,1177
31106,Springwood - Kingston,2024,549,655,1204
31106,Springwood - Kingston,2025,549,714,1263
31201,Bowen Basin - North,2023,134,142,276
31201,Bowen Basin - North,2024,137,149,286
31201,Bowen Basin - North,2025,144,156,300
31202,Mackay,2023,781,537,1318
31202,Mackay,2024,802,503,1305
31202,Mackay,2025,804,546,1350
31203,Whitsunday,2023,98,61,159
31203,Whitsunday,2024,96,53,149
31203,Whitsunday,2025,94,65,159
31301,Bribie - Beachmere,2023,294,841,1135
31301,Bribie - Beachmere,2024,292,917,1209
31301,Bribie - Beachmere,2025,298,1002,1300
31302,Caboolture,2023,1185,897,2082
31302,Caboolture,2024,1189,946,2135
31302,Caboolture,2025,1195,1006,2201
31303,Caboolture Hinterland,2023,109,94,203
31303,Caboolture Hinterland,2024,112,132,244
31303,Caboolture Hinterland,2025,109,148,257
31304,Narangba - Burpengary,2023,586,622,1208
31304,Narangba - Burpengary,2024,588,696,1284
31304,Narangba - Burpengary,2025,589,749,1338
31305,Redcliffe,2023,853,969,1822
31305,Redcliffe,2024,856,1055,1911
31305,Redcliffe,2025,878,1134,2012
31401,The Hills District,2023,163,541,704
31401,The Hills District,2024,160,567,727
31401,The Hills District,2025,169,594,763
31402,North Lakes,2023,530,720,1250
31402,North Lakes,2024,554,756,1310
31402,North Lakes,2025,552,830,1382
31403,Strathpine,2023,205,339,544
31403,Strathpine,2024,248,348,596
31403,Strathpine,2025,297,389,686
31501,Far North,2023,63,220,283
31501,Far North,2024,58,254,312
31501,Far North,2025,65,265,330
31502,Outback - North,2023,50,110,160
31502,Outback - North,2024,44,109,153
31502,Outback - North,2025,47,107,154
31503,Outback - South,2023,78,135,213
31503,Outback - South,2024,77,140,217
31503,Outback - South,2025,81,142,223
31601,Buderim,2023,432,1155,1587
31601,Buderim,2024,467,1304,1771
31601,Buderim,2025,458,1441,1899
31602,Caloundra,2023,1220,1979,3199
31602,Caloundra,2024,1437,2265,3702
31602,Caloundra,2025,1499,2589,4088
31603,Maroochy,2023,1112,1015,2127
31603,Maroochy,2024,1128,1195,2323
31603,Maroochy,2025,1136,1307,2443
31605,Noosa,2023,544,738,1282
31605,Noosa,2024,584,858,1442
31605,Noosa,2025,656,954,1610
31606,Sunshine Coast Hinterland,2023,229,865,1094
31606,Sunshine Coast Hinterland,2024,246,1009,1255
31606,Sunshine Coast Hinterland,2025,248,1101,1349
31607,Nambour,2023,414,808,1222
31607,Nambour,2024,438,964,1402
31607,Nambour,2025,446,1024,1470
31608,Noosa Hinterland,2023,78,305,383
31608,Noosa Hinterland,2024,80,359,439
31608,Noosa Hinterland,2025,90,408,498
31701,Toowoomba,2023,1545,2453,3998
31701,Toowoomba,2024,1528,2469,3997
31701,Toowoomba,2025,1610,2372,3982
31801,Charters Towers - Ayr - Ingham,2023,436,656,1092
31801,Charters Towers - Ayr - Ingham,2024,456,642,1098
31801,Charters Towers - Ayr - Ingham,2025,447,624,1071
31802,Townsville,2023,1167,2106,3273
31802,Townsville,2024,1167,2093,3260
31802,Townsville,2025,1187,2113,3300
31901,Bundaberg,2023,826,1524,2350
31901,Bundaberg,2024,816,1632,2448
31901,Bundaberg,2025,824,1599,2423
31902,Burnett,2023,415,562,977
31902,Burnett,2024,410,642,1052
31902,Burnett,2025,416,665,1081
31903,Gympie - Cooloola,2023,388,1281,1669
31903,Gympie - Cooloola,2024,399,1550,1949
31903,Gympie - Cooloola,2025,403,1783,2186
31904,Hervey Bay,2023,810,1445,2255
31904,Hervey Bay,2024,822,1571,2393
31904,Hervey Bay,2025,830,1675,2505
31905,Maryborough,2023,460,748,1208
31905,Maryborough,2024,477,865,1342
31905,Maryborough,2025,500,904,1404
40101,Adelaide City,2023,149,122,271
40101,Adelaide City,2024,146,129,275
40101,Adelaide City,2025,136,157,293
40102,Adelaide Hills,2023,530,595,1125
40102,Adelaide Hills,2024,595,587,1182
40102,Adelaide Hills,2025,587,651,1238
40103,Burnside,2023,458,479,937
40103,Burnside,2024,476,510,986
40103,Burnside,2025,472,591,1063
40104,Campbelltown (SA),2023,596,913,1509
40104,Campbelltown (SA),2024,595,1047,1642
40104,Campbelltown (SA),2025,610,1246,1856
40105,"Norwood - Payneham - St
Peters",2023,406,614,1020
40105,Norwood - Payneham - St Peters,2024,399,646,1045
40105,Norwood - Payneham - St Peters,2025,385,742,1127
40106,Prospect - Walkerville,2023,247,316,563
40106,Prospect - Walkerville,2024,241,347,588
40106,Prospect - Walkerville,2025,242,420,662
40107,Unley,2023,916,478,1394
40107,Unley,2024,924,510,1434
40107,Unley,2025,975,596,1571
40201,Gawler - Two Wells,2023,316,335,651
40201,Gawler - Two Wells,2024,306,372,678
40201,Gawler - Two Wells,2025,353,439,792
40202,Playford,2023,721,1089,1810
40202,Playford,2024,810,1219,2029
40202,Playford,2025,811,1324,2135
40203,Port Adelaide - East,2023,590,979,1569
40203,Port Adelaide - East,2024,611,1078,1689
40203,Port Adelaide - East,2025,603,1188,1791
40204,Salisbury,2023,1058,1604,2662
40204,Salisbury,2024,1061,1865,2926
40204,Salisbury,2025,1080,2143,3223
40205,Tea Tree Gully,2023,867,1437,2304
40205,Tea Tree Gully,2024,896,1572,2468
40205,Tea Tree Gully,2025,895,1677,2572
40301,Holdfast Bay,2023,522,483,1005
40301,Holdfast Bay,2024,538,479,1017
40301,Holdfast Bay,2025,527,516,1043
40302,Marion,2023,945,1206,2151
40302,Marion,2024,974,1250,2224
40302,Marion,2025,973,1409,2382
40303,Mitcham,2023,759,735,1494
40303,Mitcham,2024,801,737,1538
40303,Mitcham,2025,836,808,1644
40304,Onkaparinga,2023,1598,2085,3683
40304,Onkaparinga,2024,1606,2279,3885
40304,Onkaparinga,2025,1609,2600,4209
40401,Charles Sturt,2023,1311,1880,3191
40401,Charles Sturt,2024,1338,2069,3407
40401,Charles Sturt,2025,1345,2363,3708
40402,Port Adelaide - West,2023,538,826,1364
40402,Port Adelaide - West,2024,523,948,1471
40402,Port Adelaide - West,2025,539,1095,1634
40403,West Torrens,2023,818,962,1780
40403,West Torrens,2024,831,1094,1925
40403,West Torrens,2025,840,1227,2067
40501,Barossa,2023,329,295,624
40501,Barossa,2024,329,308,637
40501,Barossa,2025,352,345,697
40502,Lower North,2023,314,270,584
40502,Lower North,2024,316,290,606
40502,Lower North,2025,310,308,618
40503,Mid North,2023,313,351,664
40503,Mid North,2024,311,352,663
40503,Mid North,2025,310,334,644
40504,Yorke Peninsula,2023,338,309,647
40504,Yorke Peninsula,2024,338,342,680
40504,Yorke Peninsula,2025,333,371,704
40601,Eyre Peninsula and South West,2023,247,908,1155
40601,Eyre Peninsula and South West,2024,245,1046,1291
40601,Eyre Peninsula and South West,2025,245,1172,1417
40602,Outback - North and East,2023,94,292,386
40602,Outback - North and East,2024,107,380,487
40602,Outback - North and East,2025,100,416,516
40701,Fleurieu - Kangaroo Island,2023,613,1439,2052
40701,Fleurieu - Kangaroo Island,2024,629,1394,2023
40701,Fleurieu - Kangaroo Island,2025,614,1575,2189
40702,Limestone Coast,2023,619,637,1256
40702,Limestone Coast,2024,590,666,1256
40702,Limestone Coast,2025,632,717,1349
40703,Murray and Mallee,2023,591,1229,1820
40703,Murray and Mallee,2024,617,1447,2064
40703,Murray and Mallee,2025,644,1576,2220
50101,"Augusta - Margaret River -
Busselton",2023,374,356,730
50101,Augusta - Margaret River - Busselton,2024,376,394,770
50101,Augusta - Margaret River - Busselton,2025,422,398,820
50102,Bunbury,2023,688,764,1452
50102,Bunbury,2024,731,811,1542
50102,Bunbury,2025,764,899,1663
50103,Manjimup,2023,125,175,300
50103,Manjimup,2024,132,200,332
50103,Manjimup,2025,135,239,374
50201,Mandurah,2023,805,1319,2124
50201,Mandurah,2024,819,1326,2145
50201,Mandurah,2025,878,1324,2202
50301,Cottesloe - Claremont,2023,761,526,1287
50301,Cottesloe - Claremont,2024,822,558,1380
50301,Cottesloe - Claremont,2025,786,571,1357
50302,Perth City,2023,1510,651,2161
50302,Perth City,2024,1616,682,2298
50302,Perth City,2025,1651,699,2350
50401,Bayswater - Bassendean,2023,710,775,1485
50401,Bayswater - Bassendean,2024,719,873,1592
50401,Bayswater - Bassendean,2025,714,966,1680
50402,Mundaring,2023,161,322,483
50402,Mundaring,2024,163,362,525
50402,Mundaring,2025,167,366,533
50403,Swan,2023,521,771,1292
50403,Swan,2024,675,862,1537
50403,Swan,2025,672,951,1623
50501,Joondalup,2023,617,1040,1657
50501,Joondalup,2024,660,997,1657
50501,Joondalup,2025,684,1023,1707
50502,Stirling,2023,1787,1965,3752
50502,Stirling,2024,1792,1993,3785
50502,Stirling,2025,1802,2090,3892
50503,Wanneroo,2023,1054,1197,2251
50503,Wanneroo,2024,1088,1219,2307
50503,Wanneroo,2025,1086,1347,2433
50601,Armadale,2023,310,534,844
50601,Armadale,2024,309,561,870
50601,Armadale,2025,350,599,949
50602,Belmont - Victoria Park,2023,540,602,1142
50602,Belmont - Victoria Park,2024,614,612,1226
50602,Belmont - Victoria Park,2025,654,619,1273
50603,Canning,2023,1033,814,1847
50603,Canning,2024,1002,825,1827
50603,Canning,2025,988,859,1847
50604,Gosnells,2023,651,901,1552
50604,Gosnells,2024,667,946,1613
50604,Gosnells,2025,707,965,1672
50605,Kalamunda,2023,367,445,812
50605,Kalamunda,2024,404,484,888
50605,Kalamunda,2025,430,535,965
50606,Serpentine - Jarrahdale,2023,67,123,190
50606,Serpentine - Jarrahdale,2024,63,124,187
50606,Serpentine - Jarrahdale,2025,68,142,210
50607,South Perth,2023,808,344,1152
50607,South Perth,2024,803,356,1159
50607,South Perth,2025,866,357,1223
50701,Cockburn,2023,791,889,1680
50701,Cockburn,2024,778,947,1725
50701,Cockburn,2025,796,1047,1843
50702,Fremantle,2023,617,426,1043
50702,Fremantle,2024,678,451,1129
50702,Fremantle,2025,710,495,1205
50703,Kwinana,2023,127,272,399
50703,Kwinana,2024,115,285,400
50703,Kwinana,2025,123,335,458
50704,Melville,2023,1070,1159,2229
50704,Melville,2024,1168,1168,2336
50704,Melville,2025,1341,1237,2578
50705,Rockingham,2023,711,999,1710
50705,Rockingham,2024,741,990,1731
50705,Rockingham,2025,734,991,1725
50901,Albany,2023,390,684,1074
50901,Albany,2024,410,709,1119
50901,Albany,2025,415,838,1253
50902,Wheat Belt - North,2023,137,1026,1163
50902,Wheat Belt - North,2024,130,1220,1350
50902,Wheat Belt - North,2025,145,1437,1582
50903,Wheat Belt - South,2023,134,203,337
50903,Wheat Belt - South,2024,132,271,403
50903,Wheat Belt - South,2025,140,323,463
51001,Kimberley,2023,103,158,261
51001,Kimberley,2024,107,145,252
51001,Kimberley,2025,116,150,266
51002,East Pilbara,2023,34,33,67
51002,East Pilbara,2024,37,41,78
51002,East Pilbara,2025,38,36,74
51003,West Pilbara,2023,15,30,45
51003,West Pilbara,2024,15,33,48
51003,West Pilbara,2025,16,33,49
51101,Esperance,2023,61,80,141
51101,Esperance,2024,89,65,154
51101,Esperance,2025,100,87,187
51102,Gascoyne,2023,0,23,23
51102,Gascoyne,2024,0,34,34
51102,Gascoyne,2025,0,36,36
51103,Goldfields,2023,88,124,212
51103,Goldfields,2024,94,127,221
51103,Goldfields,2025,103,137,240
51104,Mid West,2023,279,238,517
51104,Mid West,2024,271,251,522
51104,Mid West,2025,277,364,641
60101,Brighton,2023,74,128,202
60101,Brighton,2024,70,165,235
60101,Brighton,2025,71,179,250
60102,Hobart - North East,2023,509,611,1120
60102,Hobart - North East,2024,500,663,1163
60102,Hobart - North East,2025,548,677,1225
60103,Hobart - North West,2023,545,749,1294
60103,Hobart - North West,2024,536,783,1319
60103,Hobart - North West,2025,559,796,1355
60104,Hobart - South and West,2023,193,367,560
60104,Hobart - South and West,2024,198,389,587
60104,Hobart - South and West,2025,211,384,595
60105,Hobart Inner,2023,593,401,994
60105,Hobart Inner,2024,589,421,1010
60105,Hobart Inner,2025,606,444,1050
60106,Sorell - Dodges Ferry,2023,68,158,226
60106,Sorell - Dodges Ferry,2024,61,176,237
60106,Sorell - Dodges Ferry,2025,63,195,258
60201,Launceston,2023,1071,911,1982
60201,Launceston,2024,1050,891,1941
60201,Launceston,2025,1072,885,1957
60202,Meander Valley - West Tamar,2023,80,207,287
60202,Meander Valley - West Tamar,2024,78,211,289
60202,Meander Valley - West Tamar,2025,84,222,306
60203,North East,2023,223,407,630
60203,North East,2024,217,439,656
60203,North East,2025,221,476,697
60301,Central Highlands (Tas.),2023,18,86,104
60301,Central Highlands (Tas.),2024,18,95,113
60301,Central Highlands (Tas.),2025,18,111,129
60302,Huon - Bruny Island,2023,91,245,336
60302,Huon - Bruny Island,2024,83,256,339
60302,Huon - Bruny Island,2025,101,269,370
60303,South East Coast,2023,46,102,148
60303,South East Coast,2024,50,103,153
60303,South East Coast,2025,49,117,166
60401,Burnie - Ulverstone,2023,524,694,1218
60401,Burnie - Ulverstone,2024,532,721,1253
60401,Burnie - Ulverstone,2025,532,765,1297
60402,Devonport,2023,476,648,1124
60402,Devonport,2024,472,673,1145
60402,Devonport,2025,479,713,1192
60403,West Coast,2023,87,149,236
60403,West Coast,2024,90,153,243
60403,West Coast,2025,96,146,242
70101,Darwin City,2023,83,103,186
70101,Darwin City,2024,85,106,191
70101,Darwin City,2025,85,118,203
70102,Darwin Suburbs,2023,160,307,467
70102,Darwin Suburbs,2024,152,297,449
70102,Darwin Suburbs,2025,157,343,500
70103,Litchfield,2023,0,93,93
70103,Litchfield,2024,0,101,101
70103,Litchfield,2025,0,116,116
70104,Palmerston,2023,79,142,221
70104,Palmerston,2024,83,141,224
70104,Palmerston,2025,83,157,240
70201,Alice Springs,2023,151,211,362
70201,Alice Springs,2024,155,216,371
70201,Alice Springs,2025,152,159,311
70202,Barkly,2023,0,9,9
70202,Barkly,2024,0,12,12
70202,Barkly,2025,0,5,5
70203,Daly - Tiwi - West Arnhem,2023,0,76,76
70203,Daly - Tiwi - West Arnhem,2024,0,88,88
70203,Daly - Tiwi - West Arnhem,2025,0,77,77
70204,East Arnhem,2023,0,126,126
70204,East Arnhem,2024,0,137,137
70204,East Arnhem,2025,0,103,103
70205,Katherine,2023,45,57,102
70205,Katherine,2024,53,71,124
70205,Katherine,2025,52,82,134
80101,Belconnen,2023,539,626,1165
80101,Belconnen,2024,557,684,1241
80101,Belconnen,2025,574,753,1327
80103,Canberra East,2023,0,15,15
80103,Canberra East,2024,0,15,15
80103,Canberra East,2025,0,14,14
80104,Gungahlin,2023,0,243,243
80104,Gungahlin,2024,0,262,262
80104,Gungahlin,2025,0,305,305
80105,North Canberra,2023,300,334,634
80105,North Canberra,2024,295,334,629
80105,North Canberra,2025,298,350,648
80106,South Canberra,2023,366,222,588
80106,South Canberra,2024,374,222,596
80106,South Canberra,2025,390,223,613
80107,Tuggeranong,2023,353,767,1120
80107,Tuggeranong,2024,365,805,1170
80107,Tuggeranong,2025,368,900,1268
80108,Weston Creek,2023,359,211,570
80108,Weston Creek,2024,348,223,571
80108,Weston Creek,2025,359,247,606
80109,Woden Valley,2023,519,320,839
80109,Woden Valley,2024,532,322,854
80109,Woden Valley,2025,549,348,897
80110,Molonglo,2023,0,11,11
80110,Molonglo,2024,0,10,10
80110,Molonglo,2025,0,16,16
80111,Urriarra - Namadgi,2025,0,1,1
90103,Jervis Bay,2023,0,9,9
90103,Jervis Bay,2024,0,9,9
90103,Jervis Bay,2025,0,12,12
90104,Norfolk Island,2023,0,1,1
90104,Norfolk Island,2024,0,1,1
