year,SA3_CODE_2021,SA3_NAME_2021,state,n_sa2s,total_pop,pop_65_plus,pct_65_plus
2023,10102,Queanbeyan,New South Wales,7,66882,9020,13.49
2024,10102,Queanbeyan,New South Wales,7,68473,9399,13.73
2025,10102,Queanbeyan,New South Wales,7,68473,9399,13.73
2023,10103,Snowy Mountains,New South Wales,4,21165,4308,20.35
2024,10103,Snowy Mountains,New South Wales,4,21296,4432,20.81
2025,10103,Snowy Mountains,New South Wales,4,21296,4432,20.81
2023,10104,South Coast,New South Wales,11,77442,24417,31.53
2024,10104,South Coast,New South Wales,11,78003,25219,32.33
2025,10104,South Coast,New South Wales,11,78003,25219,32.33
2023,10105,Goulburn - Mulwaree,New South Wales,2,39134,8526,21.79
2024,10105,Goulburn - Mulwaree,New South Wales,2,39562,8766,22.16
2025,10105,Goulburn - Mulwaree,New South Wales,2,39562,8766,22.16
2023,10106,Young - Yass,New South Wales,4,38446,8171,21.25
2024,10106,Young - Yass,New South Wales,4,38753,8351,21.55
2025,10106,Young - Yass,New South Wales,4,38753,8351,21.55
2023,10201,Gosford,New South Wales,16,180280,41739,23.15
2024,10201,Gosford,New South Wales,16,181658,42508,23.4
2025,10201,Gosford,New South Wales,16,181658,42508,23.4
2023,10202,Wyong,New South Wales,14,171620,36500,21.27
2024,10202,Wyong,New South Wales,14,173145,37172,21.47
2025,10202,Wyong,New South Wales,14,173145,37172,21.47
2023,10301,Bathurst,New South Wales,5,50187,9647,19.22
2024,10301,Bathurst,New South Wales,5,50529,9921,19.63
2025,10301,Bathurst,New South Wales,5,50529,9921,19.63
2023,10302,Lachlan Valley,New South Wales,8,54427,12906,23.71
2024,10302,Lachlan Valley,New South Wales,8,54344,13079,24.07
2025,10302,Lachlan Valley,New South Wales,8,54344,13079,24.07
2023,10303,Lithgow - Mudgee,New South Wales,6,47953,10929,22.79
2024,10303,Lithgow - Mudgee,New South Wales,6,48327,11224,23.23
2025,10303,Lithgow - Mudgee,New South Wales,6,48327,11224,23.23
2023,10304,Orange,New South Wales,4,62260,11582,18.6
2024,10304,Orange,New South Wales,4,62800,11827,18.83
2025,10304,Orange,New South Wales,4,62800,11827,18.83
2023,10401,Clarence Valley,New South Wales,3,54879,15163,27.63
2024,10401,Clarence Valley,New South Wales,3,55716,15712,28.2
2025,10401,Clarence Valley,New South Wales,3,55716,15712,28.2
2023,10402,Coffs Harbour,New South Wales,9,94153,22429,23.82
2024,10402,Coffs Harbour,New South Wales,9,94847,23082,24.34
2025,10402,Coffs Harbour,New South Wales,9,94847,23082,24.34
2023,10501,Bourke - Cobar - Coonamble,New South Wales,5,22095,4357,19.72
2024,10501,Bourke - Cobar - Coonamble,New South Wales,5,22005,4452,20.23
2025,10501,Bourke - Cobar - Coonamble,New South Wales,5,22005,4452,20.23
2023,10502,Broken Hill and Far West,New South Wales,2,19935,4543,22.79
2024,10502,Broken Hill and Far West,New South Wales,2,19840,4641,23.39
2025,10502,Broken Hill and Far West,New South Wales,2,19840,4641,23.39
2023,10503,Dubbo,New South Wales,8,75852,14627,19.28
2024,10503,Dubbo,New South Wales,8,76236,14933,19.59
2025,10503,Dubbo,New South Wales,8,76236,14933,19.59
2023,10601,Lower Hunter,New South Wales,7,102821,17280,16.81
2024,10601,Lower Hunter,New South Wales,7,105038,18048,17.18
2025,10601,Lower Hunter,New South Wales,7,105038,18048,17.18
2023,10602,Maitland,New South Wales,7,92716,14266,15.39
2024,10602,Maitland,New South Wales,7,94799,14808,15.62
2025,10602,Maitland,New South Wales,7,94799,14808,15.62
2023,10603,Port Stephens,New South Wales,7,78426,21720,27.69
2024,10603,Port Stephens,New South Wales,7,79356,22569,28.44
2025,10603,Port Stephens,New South Wales,7,79356,22569,28.44
2023,10604,Upper Hunter,New South Wales,4,31109,5642,18.14
2024,10604,Upper Hunter,New South Wales,4,31223,5830,18.67
2025,10604,Upper Hunter,New South Wales,4,31223,5830,18.67
2023,10701,Dapto - Port Kembla,New South Wales,7,81571,15539,19.05
2024,10701,Dapto - Port Kembla,New South Wales,7,82396,15798,19.17
2025,10701,Dapto - Port Kembla,New South Wales,7,82396,15798,19.17
2023,10702,Illawarra Catchment Reserve,New South Wales,1,5,0,0.0
2024,10702,Illawarra Catchment Reserve,New South Wales,1,5,0,0.0
2025,10702,Illawarra Catchment Reserve,New South Wales,1,5,0,0.0
2023,10703,Kiama - Shellharbour,New South Wales,8,102619,21125,20.59
2024,10703,Kiama - Shellharbour,New South Wales,8,104623,21893,20.93
2025,10703,Kiama - Shellharbour,New South Wales,8,104623,21893,20.93
2023,10704,Wollongong,New South Wales,8,137576,24650,17.92
2024,10704,Wollongong,New South Wales,8,139323,25158,18.06
2025,10704,Wollongong,New South Wales,8,139323,25158,18.06
2023,10801,Great Lakes,New South Wales,4,33565,12072,35.97
2024,10801,Great Lakes,New South Wales,4,33811,12395,36.66
2025,10801,Great Lakes,New South Wales,4,33811,12395,36.66
2023,10802,Kempsey - Nambucca,New South Wales,6,52283,14662,28.04
2024,10802,Kempsey - Nambucca,New South Wales,6,52761,15069,28.56
2025,10802,Kempsey - Nambucca,New South Wales,6,52761,15069,28.56
2023,10803,Lord Howe Island,New South Wales,1,452,97,21.46
2024,10803,Lord Howe Island,New South Wales,1,448,97,21.65
2025,10803,Lord Howe Island,New South Wales,1,448,97,21.65
2023,10804,Port Macquarie,New South Wales,6,89567,26053,29.09
2024,10804,Port Macquarie,New South Wales,6,90903,26813,29.5
2025,10804,Port Macquarie,New South Wales,6,90903,26813,29.5
2023,10805,Taree - Gloucester,New South Wales,5,58418,17733,30.36
2024,10805,Taree - Gloucester,New South Wales,5,58837,18169,30.88
2025,10805,Taree - Gloucester,New South Wales,5,58837,18169,30.88
2023,10901,Albury,New South Wales,5,68737,13782,20.05
2024,10901,Albury,New South Wales,5,69679,14292,20.51
2025,10901,Albury,New South Wales,5,69679,14292,20.51
2023,10902,Lower Murray,New South Wales,3,13193,2897,21.96
2024,10902,Lower Murray,New South Wales,3,13332,3013,22.6
2025,10902,Lower Murray,New South Wales,3,13332,3013,22.6
2023,10903,Upper Murray exc. Albury,New South Wales,6,44074,13128,29.79
2024,10903,Upper Murray exc. Albury,New South Wales,6,44453,13489,30.34
2025,10903,Upper Murray exc. Albury,New South Wales,6,44453,13489,30.34
2023,11001,Armidale,New South Wales,4,38018,7664,20.16
2024,11001,Armidale,New South Wales,4,38154,7798,20.44
2025,11001,Armidale,New South Wales,4,38154,7798,20.44
2023,11002,Inverell - Tenterfield,New South Wales,5,39221,10620,27.08
2024,11002,Inverell - Tenterfield,New South Wales,5,39310,10886,27.69
2025,11002,Inverell - Tenterfield,New South Wales,5,39310,10886,27.69
2023,11003,Moree - Narrabri,New South Wales,4,24901,4509,18.11
2024,11003,Moree - Narrabri,New South Wales,4,24828,4615,18.59
2025,11003,Moree - Narrabri,New South Wales,4,24828,4615,18.59
2023,11004,Tamworth - Gunnedah,New South Wales,7,87164,17461,20.03
2024,11004,Tamworth - Gunnedah,New South Wales,7,87997,17858,20.29
2025,11004,Tamworth - Gunnedah,New South Wales,7,87997,17858,20.29
2023,11101,Lake Macquarie - East,New South Wales,9,128399,27558,21.46
2024,11101,Lake Macquarie - East,New South Wales,9,129234,28081,21.73
2025,11101,Lake Macquarie - East,New South Wales,9,129234,28081,21.73
2023,11102,Lake Macquarie - West,New South Wales,7,88416,19724,22.31
2024,11102,Lake Macquarie - West,New South Wales,7,90226,20111,22.29
2025,11102,Lake Macquarie - West,New South Wales,7,90226,20111,22.29
2023,11103,Newcastle,New South Wales,14,185040,31277,16.9
2024,11103,Newcastle,New South Wales,14,187897,31958,17.01
2025,11103,Newcastle,New South Wales,14,187897,31958,17.01
2023,11201,Richmond Valley - Coastal,New South Wales,8,89922,21272,23.66
2024,11201,Richmond Valley - Coastal,New South Wales,8,91379,21921,23.99
2025,11201,Richmond Valley - Coastal,New South Wales,8,91379,21921,23.99
2023,11202,Richmond Valley - Hinterland,New South Wales,6,71549,16265,22.73
2024,11202,Richmond Valley - Hinterland,New South Wales,6,71639,16704,23.32
2025,11202,Richmond Valley - Hinterland,New South Wales,6,71639,16704,23.32
2023,11203,Tweed Valley,New South Wales,8,98963,26335,26.61
2024,11203,Tweed Valley,New South Wales,8,99793,26951,27.01
2025,11203,Tweed Valley,New South Wales,8,99793,26951,27.01
2023,11301,Griffith - Murrumbidgee (West),New South Wales,4,49649,8835,17.79
2024,11301,Griffith - Murrumbidgee (West),New South Wales,4,49946,9103,18.23
2025,11301,Griffith - Murrumbidgee (West),New South Wales,4,49946,9103,18.23
2023,11302,Tumut - Tumbarumba,New South Wales,3,14947,3596,24.06
2024,11302,Tumut - Tumbarumba,New South Wales,3,14971,3676,24.55
2025,11302,Tumut - Tumbarumba,New South Wales,3,14971,3676,24.55
2023,11303,Wagga Wagga,New South Wales,9,100611,19541,19.42
2024,11303,Wagga Wagga,New South Wales,9,100935,20093,19.91
2025,11303,Wagga Wagga,New South Wales,9,100935,20093,19.91
2023,11401,Shoalhaven,New South Wales,12,109639,30798,28.09
2024,11401,Shoalhaven,New South Wales,12,110537,31663,28.64
2025,11401,Shoalhaven,New South Wales,12,110537,31663,28.64
2023,11402,Southern Highlands,New South Wales,6,53123,14884,28.02
2024,11402,Southern Highlands,New South Wales,6,53517,15109,28.23
2025,11402,Southern Highlands,New South Wales,6,53517,15109,28.23
2023,11501,Baulkham Hills,New South Wales,12,158091,28336,17.92
2024,11501,Baulkham Hills,New South Wales,12,159856,29062,18.18
2025,11501,Baulkham Hills,New South Wales,12,159856,29062,18.18
2023,11502,Dural - Wisemans Ferry,New South Wales,2,28226,5938,21.04
2024,11502,Dural - Wisemans Ferry,New South Wales,2,28423,6028,21.21
2025,11502,Dural - Wisemans Ferry,New South Wales,2,28423,6028,21.21
2023,11503,Hawkesbury,New South Wales,2,25175,4295,17.06
2024,11503,Hawkesbury,New South Wales,2,25243,4445,17.61
2025,11503,Hawkesbury,New South Wales,2,25243,4445,17.61
2023,11504,Rouse Hill - McGraths Hill,New South Wales,4,68565,6162,8.99
2024,11504,Rouse Hill - McGraths Hill,New South Wales,4,74414,6775,9.1
2025,11504,Rouse Hill - McGraths Hill,New South Wales,4,74414,6775,9.1
2023,11601,Blacktown,New South Wales,8,145853,20411,13.99
2024,11601,Blacktown,New South Wales,8,147185,20969,14.25
2025,11601,Blacktown,New South Wales,8,147185,20969,14.25
2023,11602,Blacktown - North,New South Wales,9,166901,12075,7.23
2024,11602,Blacktown - North,New South Wales,9,176444,13047,7.39
2025,11602,Blacktown - North,New South Wales,9,176444,13047,7.39
2023,11603,Mount Druitt,New South Wales,7,117656,14114,12.0
2024,11603,Mount Druitt,New South Wales,7,118825,14627,12.31
2025,11603,Mount Druitt,New South Wales,7,118825,14627,12.31
2023,11701,Botany,New South Wales,7,61984,7353,11.86
2024,11701,Botany,New South Wales,7,62328,7479,12.0
2025,11701,Botany,New South Wales,7,62328,7479,12.0
2023,11702,Marrickville - Sydenham - Petersham,New South Wales,4,56327,6956,12.35
2024,11702,Marrickville - Sydenham - Petersham,New South Wales,4,57207,7042,12.31
2025,11702,Marrickville - Sydenham - Petersham,New South Wales,4,57207,7042,12.31
2023,11703,Sydney Inner City,New South Wales,16,237897,21545,9.06
2024,11703,Sydney Inner City,New South Wales,16,243970,22052,9.04
2025,11703,Sydney Inner City,New South Wales,16,243970,22052,9.04
2023,11801,Eastern Suburbs - North,New South Wales,10,131322,20521,15.63
2024,11801,Eastern Suburbs - North,New South Wales,10,133328,20799,15.6
2025,11801,Eastern Suburbs - North,New South Wales,10,133328,20799,15.6
2023,11802,Eastern Suburbs - South,New South Wales,11,141819,20618,14.54
2024,11802,Eastern Suburbs - South,New South Wales,11,144589,20797,14.38
2025,11802,Eastern Suburbs - South,New South Wales,11,144589,20797,14.38
2023,11901,Bankstown,New South Wales,12,190315,28407,14.93
2024,11901,Bankstown,New South Wales,12,193256,29160,15.09
2025,11901,Bankstown,New South Wales,12,193256,29160,15.09
2023,11902,Canterbury,New South Wales,10,144815,21325,14.73
2024,11902,Canterbury,New South Wales,10,146381,21800,14.89
2025,11902,Canterbury,New South Wales,10,146381,21800,14.89
2023,11903,Hurstville,New South Wales,9,136244,24331,17.86
2024,11903,Hurstville,New South Wales,9,138899,24832,17.88
2025,11903,Hurstville,New South Wales,9,138899,24832,17.88
2023,11904,Kogarah - Rockdale,New South Wales,10,151949,23667,15.58
2024,11904,Kogarah - Rockdale,New South Wales,10,155571,24180,15.54
2025,11904,Kogarah - Rockdale,New South Wales,10,155571,24180,15.54
2023,12001,Canada Bay,New South Wales,5,88729,15313,17.26
2024,12001,Canada Bay,New South Wales,5,89946,15746,17.51
2025,12001,Canada Bay,New South Wales,5,89946,15746,17.51
2023,12002,Leichhardt,New South Wales,4,57417,8261,14.39
2024,12002,Leichhardt,New South Wales,4,58273,8597,14.75
2025,12002,Leichhardt,New South Wales,4,58273,8597,14.75
2023,12003,Strathfield - Burwood - Ashfield,New South Wales,12,168612,23363,13.86
2024,12003,Strathfield - Burwood - Ashfield,New South Wales,12,172236,23868,13.86
2025,12003,Strathfield - Burwood - Ashfield,New South Wales,12,172236,23868,13.86
2023,12101,Chatswood - Lane Cove,New South Wales,8,121928,18201,14.93
2024,12101,Chatswood - Lane Cove,New South Wales,8,124750,18720,15.01
2025,12101,Chatswood - Lane Cove,New South Wales,8,124750,18720,15.01
2023,12102,Hornsby,New South Wales,6,89638,14215,15.86
2024,12102,Hornsby,New South Wales,6,90755,14592,16.08
2025,12102,Hornsby,New South Wales,6,90755,14592,16.08
2023,12103,Ku-ring-gai,New South Wales,6,127328,24435,19.19
2024,12103,Ku-ring-gai,New South Wales,6,128989,24800,19.23
2025,12103,Ku-ring-gai,New South Wales,6,128989,24800,19.23
2023,12104,North Sydney - Mosman,New South Wales,6,98494,18295,18.57
2024,12104,North Sydney - Mosman,New South Wales,6,99529,18670,18.76
2025,12104,North Sydney - Mosman,New South Wales,6,99529,18670,18.76
2023,12201,Manly,New South Wales,2,44483,6943,15.61
2024,12201,Manly,New South Wales,2,45173,7087,15.69
2025,12201,Manly,New South Wales,2,45173,7087,15.69
2023,12202,Pittwater,New South Wales,5,64000,14490,22.64
2024,12202,Pittwater,New South Wales,5,64366,14895,23.14
2025,12202,Pittwater,New South Wales,5,64366,14895,23.14
2023,12203,Warringah,New South Wales,12,159416,26912,16.88
2024,12203,Warringah,New South Wales,12,161233,27236,16.89
2025,12203,Warringah,New South Wales,12,161233,27236,16.89
2023,12301,Camden,New South Wales,6,76325,9058,11.87
2024,12301,Camden,New South Wales,6,77749,9414,12.11
2025,12301,Camden,New South Wales,6,77749,9414,12.11
2023,12302,Campbelltown (NSW),New South Wales,11,186339,24909,13.37
2024,12302,Campbelltown (NSW),New South Wales,11,189943,25790,13.58
2025,12302,Campbelltown (NSW),New South Wales,11,189943,25790,13.58
2023,12303,Wollondilly,New South Wales,4,48613,7670,15.78
2024,12303,Wollondilly,New South Wales,4,50473,8079,16.01
2025,12303,Wollondilly,New South Wales,4,50473,8079,16.01
2023,12401,Blue Mountains,New South Wales,7,78297,17932,22.9
2024,12401,Blue Mountains,New South Wales,7,78604,18347,23.34
2025,12401,Blue Mountains,New South Wales,7,78604,18347,23.34
2023,12402,Blue Mountains - South,New South Wales,1,7,4,57.14
2024,12402,Blue Mountains - South,New South Wales,1,7,4,57.14
2025,12402,Blue Mountains - South,New South Wales,1,7,4,57.14
2023,12403,Penrith,New South Wales,10,165892,21636,13.04
2024,12403,Penrith,New South Wales,10,169142,22519,13.31
2025,12403,Penrith,New South Wales,10,169142,22519,13.31
2023,12404,Richmond - Windsor,New South Wales,3,38881,6460,16.61
2024,12404,Richmond - Windsor,New South Wales,3,39434,6596,16.73
2025,12404,Richmond - Windsor,New South Wales,3,39434,6596,16.73
2023,12405,St Marys,New South Wales,4,58029,7669,13.22
2024,12405,St Marys,New South Wales,4,59138,8003,13.53
2025,12405,St Marys,New South Wales,4,59138,8003,13.53
2023,12501,Auburn,New South Wales,9,109672,11033,10.06
2024,12501,Auburn,New South Wales,9,113554,11715,10.32
2025,12501,Auburn,New South Wales,9,113554,11715,10.32
2023,12502,Carlingford,New South Wales,4,76868,11969,15.57
2024,12502,Carlingford,New South Wales,4,78354,12266,15.65
2025,12502,Carlingford,New South Wales,4,78354,12266,15.65
2023,12503,Merrylands - Guildford,New South Wales,11,169045,22144,13.1
2024,12503,Merrylands - Guildford,New South Wales,11,172650,22930,13.28
2025,12503,Merrylands - Guildford,New South Wales,11,172650,22930,13.28
2023,12504,Parramatta,New South Wales,10,159191,18643,11.71
2024,12504,Parramatta,New South Wales,10,162662,19086,11.73
2025,12504,Parramatta,New South Wales,10,162662,19086,11.73
2023,12601,Pennant Hills - Epping,New South Wales,3,56627,9227,16.29
2024,12601,Pennant Hills - Epping,New South Wales,3,57379,9464,16.49
2025,12601,Pennant Hills - Epping,New South Wales,3,57379,9464,16.49
2023,12602,Ryde - Hunters Hill,New South Wales,10,154428,23988,15.53
2024,12602,Ryde - Hunters Hill,New South Wales,10,158204,24519,15.5
2025,12602,Ryde - Hunters Hill,New South Wales,10,158204,24519,15.5
2023,12701,Bringelly - Green Valley,New South Wales,12,161912,15403,9.51
2024,12701,Bringelly - Green Valley,New South Wales,12,170887,16461,9.63
2025,12701,Bringelly - Green Valley,New South Wales,12,170887,16461,9.63
2023,12702,Fairfield,New South Wales,13,196113,34207,17.44
2024,12702,Fairfield,New South Wales,13,198113,35541,17.94
2025,12702,Fairfield,New South Wales,13,198113,35541,17.94
2023,12703,Liverpool,New South Wales,9,143950,17122,11.89
2024,12703,Liverpool,New South Wales,9,147623,17922,12.14
2025,12703,Liverpool,New South Wales,9,147623,17922,12.14
2023,12801,Cronulla - Miranda - Caringbah,New South Wales,8,121280,24234,19.98
2024,12801,Cronulla - Miranda - Caringbah,New South Wales,8,123132,24905,20.23
2025,12801,Cronulla - Miranda - Caringbah,New South Wales,8,123132,24905,20.23
2023,12802,Sutherland - Menai - Heathcote,New South Wales,9,113142,20052,17.72
2024,12802,Sutherland - Menai - Heathcote,New South Wales,9,114213,20535,17.98
2025,12802,Sutherland - Menai - Heathcote,New South Wales,9,114213,20535,17.98
2023,20101,Ballarat,Victoria,10,120649,22441,18.6
2024,20101,Ballarat,Victoria,10,123562,23245,18.81
2025,20101,Ballarat,Victoria,10,123562,23245,18.81
2023,20102,Creswick - Daylesford - Ballan,Victoria,4,31115,7642,24.56
2024,20102,Creswick - Daylesford - Ballan,Victoria,4,31498,7975,25.32
2025,20102,Creswick - Daylesford - Ballan,Victoria,4,31498,7975,25.32
2023,20103,Maryborough - Pyrenees,Victoria,5,27038,7618,28.18
2024,20103,Maryborough - Pyrenees,Victoria,5,27400,7886,28.78
2025,20103,Maryborough - Pyrenees,Victoria,5,27400,7886,28.78
2023,20201,Bendigo,Victoria,8,104871,20676,19.72
2024,20201,Bendigo,Victoria,8,106022,21268,20.06
2025,20201,Bendigo,Victoria,8,106022,21268,20.06
2023,20202,Heathcote - Castlemaine - Kyneton,Victoria,6,53575,13643,25.47
2024,20202,Heathcote - Castlemaine - Kyneton,Victoria,6,54077,14107,26.09
2025,20202,Heathcote - Castlemaine - Kyneton,Victoria,6,54077,14107,26.09
2023,20203,Loddon - Elmore,Victoria,2,12409,3278,26.42
2024,20203,Loddon - Elmore,Victoria,2,12655,3440,27.18
2025,20203,Loddon - Elmore,Victoria,2,12655,3440,27.18
2023,20301,Barwon - West,Victoria,3,23386,3679,15.73
2024,20301,Barwon - West,Victoria,3,24016,3895,16.22
2025,20301,Barwon - West,Victoria,3,24016,3895,16.22
2023,20302,Geelong,Victoria,13,219243,39097,17.83
2024,20302,Geelong,Victoria,13,223939,39996,17.86
2025,20302,Geelong,Victoria,13,223939,39996,17.86
2023,20303,Surf Coast - Bellarine Peninsula,Victoria,7,99279,24542,24.72
2024,20303,Surf Coast - Bellarine Peninsula,Victoria,7,101887,25728,25.25
2025,20303,Surf Coast - Bellarine Peninsula,Victoria,7,101887,25728,25.25
2023,20401,Upper Goulburn Valley,Victoria,9,61224,15643,25.55
2024,20401,Upper Goulburn Valley,Victoria,9,62249,16102,25.87
2025,20401,Upper Goulburn Valley,Victoria,9,62249,16102,25.87
2023,20402,Wangaratta - Benalla,Victoria,5,48723,12790,26.25
2024,20402,Wangaratta - Benalla,Victoria,5,49047,13118,26.75
2025,20402,Wangaratta - Benalla,Victoria,5,49047,13118,26.75
2023,20403,Wodonga - Alpine,Victoria,9,77679,16512,21.26
2024,20403,Wodonga - Alpine,Victoria,9,78341,17101,21.83
2025,20403,Wodonga - Alpine,Victoria,9,78341,17101,21.83
2023,20501,Baw Baw,Victoria,4,60766,13100,21.56
2024,20501,Baw Baw,Victoria,4,62040,13587,21.9
2025,20501,Baw Baw,Victoria,4,62040,13587,21.9
2023,20502,Gippsland - East,Victoria,7,49303,15531,31.5
2024,20502,Gippsland - East,Victoria,7,49539,15960,32.22
2025,20502,Gippsland - East,Victoria,7,49539,15960,32.22
2023,20503,Gippsland - South West,Victoria,7,73723,21377,29.0
2024,20503,Gippsland - South West,Victoria,7,74753,22227,29.73
2025,20503,Gippsland - South West,Victoria,7,74753,22227,29.73
2023,20504,Latrobe Valley,Victoria,6,77996,16649,21.35
2024,20504,Latrobe Valley,Victoria,6,78686,17063,21.68
2025,20504,Latrobe Valley,Victoria,6,78686,17063,21.68
2023,20505,Wellington,Victoria,6,45993,10926,23.76
2024,20505,Wellington,Victoria,6,46416,11390,24.54
2025,20505,Wellington,Victoria,6,46416,11390,24.54
2023,20601,Brunswick - Coburg,Victoria,7,96029,11133,11.59
2024,20601,Brunswick - Coburg,Victoria,7,99537,11370,11.42
2025,20601,Brunswick - Coburg,Victoria,7,99537,11370,11.42
2023,20602,Darebin - South,Victoria,4,55408,7264,13.11
2024,20602,Darebin - South,Victoria,4,56543,7439,13.16
2025,20602,Darebin - South,Victoria,4,56543,7439,13.16
2023,20603,Essendon,Victoria,5,72019,10462,14.53
2024,20603,Essendon,Victoria,5,74369,10944,14.72
2025,20603,Essendon,Victoria,5,74369,10944,14.72
2023,20604,Melbourne City,Victoria,16,177770,11368,6.39
2024,20604,Melbourne City,Victoria,16,189379,11878,6.27
2025,20604,Melbourne City,Victoria,16,189379,11878,6.27
2023,20605,Port Phillip,Victoria,8,109601,14562,13.29
2024,20605,Port Phillip,Victoria,8,112672,15177,13.47
2025,20605,Port Phillip,Victoria,8,112672,15177,13.47
2023,20606,Stonnington - West,Victoria,5,66877,10250,15.33
2024,20606,Stonnington - West,Victoria,5,68620,10459,15.24
2025,20606,Stonnington - West,Victoria,5,68620,10459,15.24
2023,20607,Yarra,Victoria,8,98489,11152,11.32
2024,20607,Yarra,Victoria,8,101733,11521,11.32
2025,20607,Yarra,Victoria,8,101733,11521,11.32
2023,20701,Boroondara,Victoria,12,174633,31410,17.99
2024,20701,Boroondara,Victoria,12,178008,32084,18.02
2025,20701,Boroondara,Victoria,12,178008,32084,18.02
2023,20702,Manningham - West,Victoria,6,102959,22682,22.03
2024,20702,Manningham - West,Victoria,6,104807,22934,21.88
2025,20702,Manningham - West,Victoria,6,104807,22934,21.88
2023,20703,Whitehorse - West,Victoria,7,114874,19363,16.86
2024,20703,Whitehorse - West,Victoria,7,118702,19845,16.72
2025,20703,Whitehorse - West,Victoria,7,118702,19845,16.72
2023,20801,Bayside,Victoria,6,104307,22170,21.25
2024,20801,Bayside,Victoria,6,106118,22811,21.5
2025,20801,Bayside,Victoria,6,106118,22811,21.5
2023,20802,Glen Eira,Victoria,10,164832,25961,15.75
2024,20802,Glen Eira,Victoria,10,169145,26617,15.74
2025,20802,Glen Eira,Victoria,10,169145,26617,15.74
2023,20803,Kingston,Victoria,11,126641,22777,17.99
2024,20803,Kingston,Victoria,11,128877,23419,18.17
2025,20803,Kingston,Victoria,11,128877,23419,18.17
2023,20804,Stonnington - East,Victoria,2,44539,7885,17.7
2024,20804,Stonnington - East,Victoria,2,45418,8002,17.62
2025,20804,Stonnington - East,Victoria,2,45418,8002,17.62
2023,20901,Banyule,Victoria,9,129607,24124,18.61
2024,20901,Banyule,Victoria,9,131931,24705,18.73
2025,20901,Banyule,Victoria,9,131931,24705,18.73
2023,20902,Darebin - North,Victoria,7,100305,14761,14.72
2024,20902,Darebin - North,Victoria,7,103420,14902,14.41
2025,20902,Darebin - North,Victoria,7,103420,14902,14.41
2023,20903,Nillumbik - Kinglake,Victoria,7,67611,11828,17.49
2024,20903,Nillumbik - Kinglake,Victoria,7,68092,12277,18.03
2025,20903,Nillumbik - Kinglake,Victoria,7,68092,12277,18.03
2023,20904,Whittlesea - Wallan,Victoria,19,271309,33539,12.36
2024,20904,Whittlesea - Wallan,Victoria,19,281619,35118,12.47
2025,20904,Whittlesea - Wallan,Victoria,19,281619,35118,12.47
2023,21001,Keilor,Victoria,7,63041,13274,21.06
2024,21001,Keilor,Victoria,7,64063,13444,20.99
2025,21001,Keilor,Victoria,7,64063,13444,20.99
2023,21002,Macedon Ranges,Victoria,4,34317,5957,17.36
2024,21002,Macedon Ranges,Victoria,4,35115,6261,17.83
2025,21002,Macedon Ranges,Victoria,4,35115,6261,17.83
2023,21003,Moreland - North,Victoria,8,84252,11334,13.45
2024,21003,Moreland - North,Victoria,8,85970,11395,13.25
2025,21003,Moreland - North,Victoria,8,85970,11395,13.25
2023,21004,Sunbury,Victoria,4,48087,6958,14.47
2024,21004,Sunbury,Victoria,4,50000,7266,14.53
2025,21004,Sunbury,Victoria,4,50000,7266,14.53
2023,21005,Tullamarine - Broadmeadows,Victoria,15,221090,21943,9.92
2024,21005,Tullamarine - Broadmeadows,Victoria,15,228673,23007,10.06
2025,21005,Tullamarine - Broadmeadows,Victoria,15,228673,23007,10.06
2023,21101,Knox,Victoria,12,161808,29387,18.16
2024,21101,Knox,Victoria,12,163339,30065,18.41
2025,21101,Knox,Victoria,12,163339,30065,18.41
2023,21102,Manningham - East,Victoria,2,26655,5510,20.67
2024,21102,Manningham - East,Victoria,2,27016,5661,20.95
2025,21102,Manningham - East,Victoria,2,27016,5661,20.95
2023,21103,Maroondah,Victoria,8,116967,20528,17.55
2024,21103,Maroondah,Victoria,8,118885,21060,17.71
2025,21103,Maroondah,Victoria,8,118885,21060,17.71
2023,21104,Whitehorse - East,Victoria,5,64612,12619,19.53
2024,21104,Whitehorse - East,Victoria,5,65543,12798,19.53
2025,21104,Whitehorse - East,Victoria,5,65543,12798,19.53
2023,21105,Yarra Ranges,Victoria,13,157846,28549,18.09
2024,21105,Yarra Ranges,Victoria,13,159320,29387,18.45
2025,21105,Yarra Ranges,Victoria,13,159320,29387,18.45
2023,21201,Cardinia,Victoria,8,127090,16034,12.62
2024,21201,Cardinia,Victoria,8,130536,16656,12.76
2025,21201,Cardinia,Victoria,8,130536,16656,12.76
2023,21202,Casey - North,Victoria,10,141806,20583,14.51
2024,21202,Casey - North,Victoria,10,144349,21370,14.8
2025,21202,Casey - North,Victoria,10,144349,21370,14.8
2023,21203,Casey - South,Victoria,15,250254,21918,8.76
2024,21203,Casey - South,Victoria,15,261066,23456,8.98
2025,21203,Casey - South,Victoria,15,261066,23456,8.98
2023,21204,Dandenong,Victoria,13,200919,32885,16.37
2024,21204,Dandenong,Victoria,13,204942,33736,16.46
2025,21204,Dandenong,Victoria,13,204942,33736,16.46
2023,21205,Monash,Victoria,10,195752,33410,17.07
2024,21205,Monash,Victoria,10,201180,33569,16.69
2025,21205,Monash,Victoria,10,201180,33569,16.69
2023,21301,Brimbank,Victoria,14,187500,30686,16.37
2024,21301,Brimbank,Victoria,14,189454,31568,16.66
2025,21301,Brimbank,Victoria,14,189454,31568,16.66
2023,21302,Hobsons Bay,Victoria,6,88934,14704,16.53
2024,21302,Hobsons Bay,Victoria,6,90765,15125,16.66
2025,21302,Hobsons Bay,Victoria,6,90765,15125,16.66
2023,21303,Maribyrnong,Victoria,6,91776,9627,10.49
2024,21303,Maribyrnong,Victoria,6,94251,10003,10.61
2025,21303,Maribyrnong,Victoria,6,94251,10003,10.61
2023,21304,Melton - Bacchus Marsh,Victoria,15,225632,21678,9.61
2024,21304,Melton - Bacchus Marsh,Victoria,15,239306,22960,9.59
2025,21304,Melton - Bacchus Marsh,Victoria,15,239306,22960,9.59
2023,21305,Wyndham,Victoria,20,328867,24918,7.58
2024,21305,Wyndham,Victoria,20,341877,26311,7.7
2025,21305,Wyndham,Victoria,20,341877,26311,7.7
2023,21401,Frankston,Victoria,7,142808,23754,16.63
2024,21401,Frankston,Victoria,7,144615,24235,16.76
2025,21401,Frankston,Victoria,7,144615,24235,16.76
2023,21402,Mornington Peninsula,Victoria,10,170245,47347,27.81
2024,21402,Mornington Peninsula,Victoria,10,171450,48518,28.3
2025,21402,Mornington Peninsula,Victoria,10,171450,48518,28.3
2023,21501,Grampians,Victoria,9,59569,15025,25.22
2024,21501,Grampians,Victoria,9,59413,15308,25.77
2025,21501,Grampians,Victoria,9,59413,15308,25.77
2023,21502,Mildura,Victoria,6,57553,11377,19.77
2024,21502,Mildura,Victoria,6,57626,11666,20.24
2025,21502,Mildura,Victoria,6,57626,11666,20.24
2023,21503,Murray River - Swan Hill,Victoria,6,37668,9202,24.43
2024,21503,Murray River - Swan Hill,Victoria,6,37454,9315,24.87
2025,21503,Murray River - Swan Hill,Victoria,6,37454,9315,24.87
2023,21601,Campaspe,Victoria,5,38457,9705,25.24
2024,21601,Campaspe,Victoria,5,38317,9931,25.92
2025,21601,Campaspe,Victoria,5,38317,9931,25.92
2023,21602,Moira,Victoria,4,30771,8608,27.97
2024,21602,Moira,Victoria,4,30836,8818,28.6
2025,21602,Moira,Victoria,4,30836,8818,28.6
2023,21603,Shepparton,Victoria,6,68948,13388,19.42
2024,21603,Shepparton,Victoria,6,69684,13820,19.83
2025,21603,Shepparton,Victoria,6,69684,13820,19.83
2023,21701,Glenelg - Southern Grampians,Victoria,4,36539,9695,26.53
2024,21701,Glenelg - Southern Grampians,Victoria,4,36591,9986,27.29
2025,21701,Glenelg - Southern Grampians,Victoria,4,36591,9986,27.29
2023,21703,Colac - Corangamite,Victoria,6,38180,9522,24.94
2024,21703,Colac - Corangamite,Victoria,6,38110,9786,25.68
2025,21703,Colac - Corangamite,Victoria,6,38110,9786,25.68
2023,21704,Warrnambool,Victoria,4,53516,11594,21.66
2024,21704,Warrnambool,Victoria,4,53856,11967,22.22
2025,21704,Warrnambool,Victoria,4,53856,11967,22.22
2023,30101,Capalaba,Queensland,6,75708,13891,18.35
2024,30101,Capalaba,Queensland,6,76556,14360,18.76
2025,30101,Capalaba,Queensland,6,76556,14360,18.76
2023,30102,Cleveland - Stradbroke,Queensland,8,98920,22983,23.23
2024,30102,Cleveland - Stradbroke,Queensland,8,101572,24030,23.66
2025,30102,Cleveland - Stradbroke,Queensland,8,101572,24030,23.66
2023,30103,Wynnum - Manly,Queensland,8,75567,11663,15.43
2024,30103,Wynnum - Manly,Queensland,8,76920,12001,15.6
2025,30103,Wynnum - Manly,Queensland,8,76920,12001,15.6
2023,30201,Bald Hills - Everton Park,Queensland,5,48849,7725,15.81
2024,30201,Bald Hills - Everton Park,Queensland,5,49958,7834,15.68
2025,30201,Bald Hills - Everton Park,Queensland,5,49958,7834,15.68
2023,30202,Chermside,Queensland,8,77531,12050,15.54
2024,30202,Chermside,Queensland,8,79106,12215,15.44
2025,30202,Chermside,Queensland,8,79106,12215,15.44
2023,30203,Nundah,Queensland,6,45561,5962,13.09
2024,30203,Nundah,Queensland,6,46663,6094,13.06
2025,30203,Nundah,Queensland,6,46663,6094,13.06
2023,30204,Sandgate,Queensland,6,63679,10724,16.84
2024,30204,Sandgate,Queensland,6,64927,11020,16.97
2025,30204,Sandgate,Queensland,6,64927,11020,16.97
2023,30301,Carindale,Queensland,5,57005,8239,14.45
2024,30301,Carindale,Queensland,5,58034,8633,14.88
2025,30301,Carindale,Queensland,5,58034,8633,14.88
2023,30302,Holland Park - Yeronga,Queensland,8,84058,9617,11.44
2024,30302,Holland Park - Yeronga,Queensland,8,85824,9679,11.28
2025,30302,Holland Park - Yeronga,Queensland,8,85824,9679,11.28
2023,30303,Mt Gravatt,Queensland,7,84411,11422,13.53
2024,30303,Mt Gravatt,Queensland,7,86540,11624,13.43
2025,30303,Mt Gravatt,Queensland,7,86540,11624,13.43
2023,30304,Nathan,Queensland,5,42109,5330,12.66
2024,30304,Nathan,Queensland,5,43252,5429,12.55
2025,30304,Nathan,Queensland,5,43252,5429,12.55
2023,30305,Rocklea - Acacia Ridge,Queensland,5,74958,8293,11.06
2024,30305,Rocklea - Acacia Ridge,Queensland,5,77485,8570,11.06
2025,30305,Rocklea - Acacia Ridge,Queensland,5,77485,8570,11.06
2023,30306,Sunnybank,Queensland,4,53213,7659,14.39
2024,30306,Sunnybank,Queensland,4,54686,7830,14.32
2025,30306,Sunnybank,Queensland,4,54686,7830,14.32
2023,30401,Centenary,Queensland,5,33615,6243,18.57
2024,30401,Centenary,Queensland,5,33928,6416,18.91
2025,30401,Centenary,Queensland,5,33928,6416,18.91
2023,30402,Kenmore - Brookfield - Moggill,Queensland,6,49354,8515,17.25
2024,30402,Kenmore - Brookfield - Moggill,Queensland,6,50031,8555,17.1
2025,30402,Kenmore - Brookfield - Moggill,Queensland,6,50031,8555,17.1
2023,30403,Sherwood - Indooroopilly,Queensland,6,58899,7771,13.19
2024,30403,Sherwood - Indooroopilly,Queensland,6,60753,8037,13.23
2025,30403,Sherwood - Indooroopilly,Queensland,6,60753,8037,13.23
2023,30404,The Gap - Enoggera,Queensland,7,56777,8155,14.36
2024,30404,The Gap - Enoggera,Queensland,7,57852,8284,14.32
2025,30404,The Gap - Enoggera,Queensland,7,57852,8284,14.32
2023,30501,Brisbane Inner,Queensland,8,99944,9504,9.51
2024,30501,Brisbane Inner,Queensland,8,104824,9915,9.46
2025,30501,Brisbane Inner,Queensland,8,104824,9915,9.46
2023,30502,Brisbane Inner - East,Queensland,6,47193,4703,9.97
2024,30502,Brisbane Inner - East,Queensland,6,48286,4883,10.11
2025,30502,Brisbane Inner - East,Queensland,6,48286,4883,10.11
2023,30503,Brisbane Inner - North,Queensland,13,108240,11799,10.9
2024,30503,Brisbane Inner - North,Queensland,13,111024,12223,11.01
2025,30503,Brisbane Inner - North,Queensland,13,111024,12223,11.01
2023,30504,Brisbane Inner - West,Queensland,6,64473,6837,10.6
2024,30504,Brisbane Inner - West,Queensland,6,65676,7012,10.68
2025,30504,Brisbane Inner - West,Queensland,6,65676,7012,10.68
2023,30601,Cairns - North,Queensland,6,61525,9887,16.07
2024,30601,Cairns - North,Queensland,6,62644,10408,16.61
2025,30601,Cairns - North,Queensland,6,62644,10408,16.61
2023,30602,Cairns - South,Queensland,14,110135,17093,15.52
2024,30602,Cairns - South,Queensland,14,111695,17632,15.79
2025,30602,Cairns - South,Queensland,14,111695,17632,15.79
2023,30603,Innisfail - Cassowary Coast,Queensland,6,36348,8257,22.72
2024,30603,Innisfail - Cassowary Coast,Queensland,6,36814,8561,23.25
2025,30603,Innisfail - Cassowary Coast,Queensland,6,36814,8561,23.25
2023,30604,Port Douglas - Daintree,Queensland,2,12736,2704,21.23
2024,30604,Port Douglas - Daintree,Queensland,2,12974,2826,21.78
2025,30604,Port Douglas - Daintree,Queensland,2,12974,2826,21.78
2023,30605,Tablelands (East) - Kuranda,Queensland,5,44620,11090,24.85
2024,30605,Tablelands (East) - Kuranda,Queensland,5,45272,11509,25.42
2025,30605,Tablelands (East) - Kuranda,Queensland,5,45272,11509,25.42
2023,30701,Darling Downs (West) - Maranoa,Queensland,8,45329,8010,17.67
2024,30701,Darling Downs (West) - Maranoa,Queensland,8,45687,8357,18.29
2025,30701,Darling Downs (West) - Maranoa,Queensland,8,45687,8357,18.29
2023,30702,Darling Downs - East,Queensland,5,44291,9265,20.92
2024,30702,Darling Downs - East,Queensland,5,44607,9524,21.35
2025,30702,Darling Downs - East,Queensland,5,44607,9524,21.35
2023,30703,Granite Belt,Queensland,6,42854,11390,26.58
2024,30703,Granite Belt,Queensland,6,43323,11731,27.08
2025,30703,Granite Belt,Queensland,6,43323,11731,27.08
2023,30801,Central Highlands (Qld),Queensland,3,30050,3049,10.15
2024,30801,Central Highlands (Qld),Queensland,3,30434,3224,10.59
2025,30801,Central Highlands (Qld),Queensland,3,30434,3224,10.59
2023,30803,Rockhampton,Queensland,19,126409,22961,18.16
2024,30803,Rockhampton,Queensland,19,128183,23759,18.54
2025,30803,Rockhampton,Queensland,19,128183,23759,18.54
2023,30804,Biloela,Queensland,2,14917,2425,16.26
2024,30804,Biloela,Queensland,2,15053,2510,16.67
2025,30804,Biloela,Queensland,2,15053,2510,16.67
2023,30805,Gladstone,Queensland,10,66829,9774,14.63
2024,30805,Gladstone,Queensland,10,68065,10359,15.22
2025,30805,Gladstone,Queensland,10,68065,10359,15.22
2023,30901,Broadbeach - Burleigh,Queensland,6,70531,13469,19.1
2024,30901,Broadbeach - Burleigh,Queensland,6,72394,13926,19.24
2025,30901,Broadbeach - Burleigh,Queensland,6,72394,13926,19.24
2023,30902,Coolangatta,Queensland,5,60296,11893,19.72
2024,30902,Coolangatta,Queensland,5,61846,12049,19.48
2025,30902,Coolangatta,Queensland,5,61846,12049,19.48
2023,30903,Gold Coast - North,Queensland,6,72324,18954,26.21
2024,30903,Gold Coast - North,Queensland,6,73375,19211,26.18
2025,30903,Gold Coast - North,Queensland,6,73375,19211,26.18
2023,30904,Gold Coast Hinterland,Queensland,2,20965,4429,21.13
2024,30904,Gold Coast Hinterland,Queensland,2,21266,4591,21.59
2025,30904,Gold Coast Hinterland,Queensland,2,21266,4591,21.59
2023,30905,Mudgeeraba - Tallebudgera,Queensland,3,37480,5429,14.49
2024,30905,Mudgeeraba - Tallebudgera,Queensland,3,38104,5593,14.68
2025,30905,Mudgeeraba - Tallebudgera,Queensland,3,38104,5593,14.68
2023,30906,Nerang,Queensland,5,72372,12095,16.71
2024,30906,Nerang,Queensland,5,73356,12507,17.05
2025,30906,Nerang,Queensland,5,73356,12507,17.05
2023,30907,Ormeau - Oxenford,Queensland,12,174695,21004,12.02
2024,30907,Ormeau - Oxenford,Queensland,12,180138,22174,12.31
2025,30907,Ormeau - Oxenford,Queensland,12,180138,22174,12.31
2023,30908,Robina,Queensland,5,56589,10091,17.83
2024,30908,Robina,Queensland,5,57708,10276,17.81
2025,30908,Robina,Queensland,5,57708,10276,17.81
2023,30909,Southport,Queensland,5,67763,12170,17.96
2024,30909,Southport,Queensland,5,68651,12303,17.92
2025,30909,Southport,Queensland,5,68651,12303,17.92
2023,30910,Surfers Paradise,Queensland,5,49494,10901,22.02
2024,30910,Surfers Paradise,Queensland,5,51179,11509,22.49
2025,30910,Surfers Paradise,Queensland,5,51179,11509,22.49
2023,31001,Forest Lake - Oxley,Queensland,7,83552,10201,12.21
2024,31001,Forest Lake - Oxley,Queensland,7,85221,10609,12.45
2025,31001,Forest Lake - Oxley,Queensland,7,85221,10609,12.45
2023,31002,Ipswich Hinterland,Queensland,6,71745,14401,20.07
2024,31002,Ipswich Hinterland,Queensland,6,73245,14874,20.31
2025,31002,Ipswich Hinterland,Queensland,6,73245,14874,20.31
2023,31003,Ipswich Inner,Queensland,13,125146,17799,14.22
2024,31003,Ipswich Inner,Queensland,13,129524,18511,14.29
2025,31003,Ipswich Inner,Queensland,13,129524,18511,14.29
2023,31004,Springfield - Redbank,Queensland,10,116830,9205,7.88
2024,31004,Springfield - Redbank,Queensland,10,120789,9843,8.15
2025,31004,Springfield - Redbank,Queensland,10,120789,9843,8.15
2023,31101,Beaudesert,Queensland,1,15670,3590,22.91
2024,31101,Beaudesert,Queensland,1,16114,3766,23.37
2025,31101,Beaudesert,Queensland,1,16114,3766,23.37
2023,31102,Beenleigh,Queensland,5,50615,7739,15.29
2024,31102,Beenleigh,Queensland,5,52458,8014,15.28
2025,31102,Beenleigh,Queensland,5,52458,8014,15.28
2023,31103,Browns Plains,Queensland,9,105829,11624,10.98
2024,31103,Browns Plains,Queensland,9,111625,12298,11.02
2025,31103,Browns Plains,Queensland,9,111625,12298,11.02
2023,31104,Jimboomba,Queensland,6,70923,7494,10.57
2024,31104,Jimboomba,Queensland,6,75673,8121,10.73
2025,31104,Jimboomba,Queensland,6,75673,8121,10.73
2023,31105,Loganlea - Carbrook,Queensland,6,68219,10500,15.39
2024,31105,Loganlea - Carbrook,Queensland,6,69034,10748,15.57
2025,31105,Loganlea - Carbrook,Queensland,6,69034,10748,15.57
2023,31106,Springwood - Kingston,Queensland,8,82138,11771,14.33
2024,31106,Springwood - Kingston,Queensland,8,83549,11959,14.31
2025,31106,Springwood - Kingston,Queensland,8,83549,11959,14.31
2023,31201,Bowen Basin - North,Queensland,5,37719,4509,11.95
2024,31201,Bowen Basin - North,Queensland,5,38247,4779,12.5
2025,31201,Bowen Basin - North,Queensland,5,38247,4779,12.5
2023,31202,Mackay,Queensland,17,126887,19974,15.74
2024,31202,Mackay,Queensland,17,128361,20772,16.18
2025,31202,Mackay,Queensland,17,128361,20772,16.18
2023,31203,Whitsunday,Queensland,3,25015,3814,15.25
2024,31203,Whitsunday,Queensland,3,25694,3995,15.55
2025,31203,Whitsunday,Queensland,3,25694,3995,15.55
2023,31301,Bribie - Beachmere,Queensland,2,39191,16096,41.07
2024,31301,Bribie - Beachmere,Queensland,2,39789,16643,41.83
2025,31301,Bribie - Beachmere,Queensland,2,39789,16643,41.83
2023,31302,Caboolture,Queensland,7,88318,13682,15.49
2024,31302,Caboolture,Queensland,7,91946,14147,15.39
2025,31302,Caboolture,Queensland,7,91946,14147,15.39
2023,31303,Caboolture Hinterland,Queensland,2,16026,3036,18.94
2024,31303,Caboolture Hinterland,Queensland,2,16536,3183,19.25
2025,31303,Caboolture Hinterland,Queensland,2,16536,3183,19.25
2023,31304,Narangba - Burpengary,Queensland,5,74106,11682,15.76
2024,31304,Narangba - Burpengary,Queensland,5,76186,12139,15.93
2025,31304,Narangba - Burpengary,Queensland,5,76186,12139,15.93
2023,31305,Redcliffe,Queensland,6,66731,17346,25.99
2024,31305,Redcliffe,Queensland,6,68075,17901,26.3
2025,31305,Redcliffe,Queensland,6,68075,17901,26.3
2023,31401,The Hills District,Queensland,6,93912,13809,14.7
2024,31401,The Hills District,Queensland,6,95502,14423,15.1
2025,31401,The Hills District,Queensland,6,95502,14423,15.1
2023,31402,North Lakes,Queensland,5,96009,10091,10.51
2024,31402,North Lakes,Queensland,5,97949,10531,10.75
2025,31402,North Lakes,Queensland,5,97949,10531,10.75
2023,31403,Strathpine,Queensland,4,42109,6115,14.52
2024,31403,Strathpine,Queensland,4,42951,6298,14.66
2025,31403,Strathpine,Queensland,4,42951,6298,14.66
2023,31501,Far North,Queensland,9,33456,3623,10.83
2024,31501,Far North,Queensland,9,33703,3905,11.59
2025,31501,Far North,Queensland,9,33703,3905,11.59
2023,31502,Outback - North,Queensland,4,31154,2982,9.57
2024,31502,Outback - North,Queensland,4,31095,3111,10.0
2025,31502,Outback - North,Queensland,4,31095,3111,10.0
2023,31503,Outback - South,Queensland,5,17532,3475,19.82
2024,31503,Outback - South,Queensland,5,17629,3582,20.32
2025,31503,Outback - South,Queensland,5,17629,3582,20.32
2023,31601,Buderim,Queensland,4,62119,12696,20.44
2024,31601,Buderim,Queensland,4,62952,13064,20.75
2025,31601,Buderim,Queensland,4,62952,13064,20.75
2023,31602,Caloundra,Queensland,9,103068,23710,23.0
2024,31602,Caloundra,Queensland,9,106532,24535,23.03
2025,31602,Caloundra,Queensland,9,106532,24535,23.03
2023,31603,Maroochy,Queensland,4,66777,16108,24.12
2024,31603,Maroochy,Queensland,4,67971,16682,24.54
2025,31603,Maroochy,Queensland,4,67971,16682,24.54
2023,31605,Noosa,Queensland,6,48460,12720,26.25
2024,31605,Noosa,Queensland,6,49262,13118,26.63
2025,31605,Noosa,Queensland,6,49262,13118,26.63
2023,31606,Sunshine Coast Hinterland,Queensland,6,65136,13640,20.94
2024,31606,Sunshine Coast Hinterland,Queensland,6,67521,14275,21.14
2025,31606,Sunshine Coast Hinterland,Queensland,6,67521,14275,21.14
2023,31607,Nambour,Queensland,4,53169,10208,19.2
2024,31607,Nambour,Queensland,4,54392,10401,19.12
2025,31607,Nambour,Queensland,4,54392,10401,19.12
2023,31608,Noosa Hinterland,Queensland,1,25578,6246,24.42
2024,31608,Noosa Hinterland,Queensland,1,25972,6505,25.05
2025,31608,Noosa Hinterland,Queensland,1,25972,6505,25.05
2023,31701,Toowoomba,Queensland,15,170781,31947,18.71
2024,31701,Toowoomba,Queensland,15,173649,32904,18.95
2025,31701,Toowoomba,Queensland,15,173649,32904,18.95
2023,31801,Charters Towers - Ayr - Ingham,Queensland,7,42314,10138,23.96
2024,31801,Charters Towers - Ayr - Ingham,Queensland,7,42642,10374,24.33
2025,31801,Charters Towers - Ayr - Ingham,Queensland,7,42642,10374,24.33
2023,31802,Townsville,Queensland,26,201458,29479,14.63
2024,31802,Townsville,Queensland,26,204592,30551,14.93
2025,31802,Townsville,Queensland,26,204592,30551,14.93
2023,31901,Bundaberg,Queensland,11,98525,25843,26.23
2024,31901,Bundaberg,Queensland,11,100388,26703,26.6
2025,31901,Bundaberg,Queensland,11,100388,26703,26.6
2023,31902,Burnett,Queensland,8,51556,13655,26.49
2024,31902,Burnett,Queensland,8,52275,14144,27.06
2025,31902,Burnett,Queensland,8,52275,14144,27.06
2023,31903,Gympie - Cooloola,Queensland,5,56060,14374,25.64
2024,31903,Gympie - Cooloola,Queensland,5,57340,14930,26.04
2025,31903,Gympie - Cooloola,Queensland,5,57340,14930,26.04
2023,31904,Hervey Bay,Queensland,6,67798,21042,31.04
2024,31904,Hervey Bay,Queensland,6,69662,21907,31.45
2025,31904,Hervey Bay,Queensland,6,69662,21907,31.45
2023,31905,Maryborough,Queensland,5,50230,14836,29.54
2024,31905,Maryborough,Queensland,5,51123,15430,30.18
2025,31905,Maryborough,Queensland,5,51123,15430,30.18
2023,40101,Adelaide City,South Australia,2,27984,4151,14.83
2024,40101,Adelaide City,South Australia,2,29118,4358,14.97
2025,40101,Adelaide City,South Australia,2,29118,4358,14.97
2023,40102,Adelaide Hills,South Australia,8,83754,16024,19.13
2024,40102,Adelaide Hills,South Australia,8,85575,16654,19.46
2025,40102,Adelaide Hills,South Australia,8,85575,16654,19.46
2023,40103,Burnside,South Australia,3,47489,11041,23.25
2024,40103,Burnside,South Australia,3,47810,11172,23.37
2025,40103,Burnside,South Australia,3,47810,11172,23.37
2023,40104,Campbelltown (SA),South Australia,3,57583,11350,19.71
2024,40104,Campbelltown (SA),South Australia,3,58400,11539,19.76
2025,40104,Campbelltown (SA),South Australia,3,58400,11539,19.76
2023,40105,Norwood - Payneham - St Peters,South Australia,3,39352,8078,20.53
2024,40105,Norwood - Payneham - St Peters,South Australia,3,40062,8215,20.51
2025,40105,Norwood - Payneham - St Peters,South Australia,3,40062,8215,20.51
2023,40106,Prospect - Walkerville,South Australia,3,31583,5479,17.35
2024,40106,Prospect - Walkerville,South Australia,3,31871,5706,17.9
2025,40106,Prospect - Walkerville,South Australia,3,31871,5706,17.9
2023,40107,Unley,South Australia,2,39969,8787,21.98
2024,40107,Unley,South Australia,2,40327,8917,22.11
2025,40107,Unley,South Australia,2,40327,8917,22.11
2023,40201,Gawler - Two Wells,South Australia,3,40754,7494,18.39
2024,40201,Gawler - Two Wells,South Australia,3,41741,7738,18.54
2025,40201,Gawler - Two Wells,South Australia,3,41741,7738,18.54
2023,40202,Playford,South Australia,8,107772,13665,12.68
2024,40202,Playford,South Australia,8,111850,14231,12.72
2025,40202,Playford,South Australia,8,111850,14231,12.72
2023,40203,Port Adelaide - East,South Australia,4,80635,11067,13.72
2024,40203,Port Adelaide - East,South Australia,4,81940,11308,13.8
2025,40203,Port Adelaide - East,South Australia,4,81940,11308,13.8
2023,40204,Salisbury,South Australia,11,148009,22871,15.45
2024,40204,Salisbury,South Australia,11,149090,23395,15.69
2025,40204,Salisbury,South Australia,11,149090,23395,15.69
2023,40205,Tea Tree Gully,South Australia,7,99087,20421,20.61
2024,40205,Tea Tree Gully,South Australia,7,99613,20826,20.91
2025,40205,Tea Tree Gully,South Australia,7,99613,20826,20.91
2023,40301,Holdfast Bay,South Australia,2,36867,10089,27.37
2024,40301,Holdfast Bay,South Australia,2,37301,10410,27.91
2025,40301,Holdfast Bay,South Australia,2,37301,10410,27.91
2023,40302,Marion,South Australia,7,100192,18773,18.74
2024,40302,Marion,South Australia,7,101525,19166,18.88
2025,40302,Marion,South Australia,7,101525,19166,18.88
2023,40303,Mitcham,South Australia,6,68213,14173,20.78
2024,40303,Mitcham,South Australia,6,69086,14334,20.75
2025,40303,Mitcham,South Australia,6,69086,14334,20.75
2023,40304,Onkaparinga,South Australia,20,182249,36647,20.11
2024,40304,Onkaparinga,South Australia,20,184219,37608,20.41
2025,40304,Onkaparinga,South Australia,20,184219,37608,20.41
2023,40401,Charles Sturt,South Australia,8,123964,24128,19.46
2024,40401,Charles Sturt,South Australia,8,125592,24761,19.72
2025,40401,Charles Sturt,South Australia,8,125592,24761,19.72
2023,40402,Port Adelaide - West,South Australia,6,63498,11567,18.22
2024,40402,Port Adelaide - West,South Australia,6,64699,12024,18.58
2025,40402,Port Adelaide - West,South Australia,6,64699,12024,18.58
2023,40403,West Torrens,South Australia,6,68084,11857,17.42
2024,40403,West Torrens,South Australia,6,69344,12071,17.41
2025,40403,West Torrens,South Australia,6,69344,12071,17.41
2023,40501,Barossa,South Australia,6,39852,8562,21.48
2024,40501,Barossa,South Australia,6,40361,8916,22.09
2025,40501,Barossa,South Australia,6,40361,8916,22.09
2023,40502,Lower North,South Australia,4,23209,6153,26.51
2024,40502,Lower North,South Australia,4,23244,6302,27.11
2025,40502,Lower North,South Australia,4,23244,6302,27.11
2023,40503,Mid North,South Australia,4,27694,7065,25.51
2024,40503,Mid North,South Australia,4,27705,7271,26.24
2025,40503,Mid North,South Australia,4,27705,7271,26.24
2023,40504,Yorke Peninsula,South Australia,5,28001,9698,34.63
2024,40504,Yorke Peninsula,South Australia,5,28460,10029,35.24
2025,40504,Yorke Peninsula,South Australia,5,28460,10029,35.24
2023,40601,Eyre Peninsula and South West,South Australia,9,59206,12464,21.05
2024,40601,Eyre Peninsula and South West,South Australia,9,59406,12856,21.64
2025,40601,Eyre Peninsula and South West,South Australia,9,59406,12856,21.64
2023,40602,Outback - North and East,South Australia,6,26556,4098,15.43
2024,40602,Outback - North and East,South Australia,6,26540,4201,15.83
2025,40602,Outback - North and East,South Australia,6,26540,4201,15.83
2023,40701,Fleurieu - Kangaroo Island,South Australia,6,58424,20791,35.59
2024,40701,Fleurieu - Kangaroo Island,South Australia,6,59364,21464,36.16
2025,40701,Fleurieu - Kangaroo Island,South Australia,6,59364,21464,36.16
2023,40702,Limestone Coast,South Australia,10,69141,15343,22.19
2024,40702,Limestone Coast,South Australia,10,69336,15805,22.79
2025,40702,Limestone Coast,South Australia,10,69336,15805,22.79
2023,40703,Murray and Mallee,South Australia,12,73851,18533,25.1
2024,40703,Murray and Mallee,South Australia,12,74432,19118,25.69
2025,40703,Murray and Mallee,South Australia,12,74432,19118,25.69
2023,50101,Augusta - Margaret River - Busselton,Western Australia,5,62498,13841,22.15
2024,50101,Augusta - Margaret River - Busselton,Western Australia,5,64288,14577,22.67
2025,50101,Augusta - Margaret River - Busselton,Western Australia,5,64288,14577,22.67
2023,50102,Bunbury,Western Australia,14,114492,22058,19.27
2024,50102,Bunbury,Western Australia,14,116367,23037,19.8
2025,50102,Bunbury,Western Australia,14,116367,23037,19.8
2023,50103,Manjimup,Western Australia,4,25136,6415,25.52
2024,50103,Manjimup,Western Australia,4,25541,6641,26.0
2025,50103,Manjimup,Western Australia,4,25541,6641,26.0
2023,50201,Mandurah,Western Australia,9,118394,30160,25.47
2024,50201,Mandurah,Western Australia,9,122716,31253,25.47
2025,50201,Mandurah,Western Australia,9,122716,31253,25.47
2023,50301,Cottesloe - Claremont,Western Australia,7,77871,15684,20.14
2024,50301,Cottesloe - Claremont,Western Australia,7,80258,16064,20.02
2025,50301,Cottesloe - Claremont,Western Australia,7,80258,16064,20.02
2023,50302,Perth City,Western Australia,9,122576,16838,13.74
2024,50302,Perth City,Western Australia,9,126934,17257,13.6
2025,50302,Perth City,Western Australia,9,126934,17257,13.6
2023,50401,Bayswater - Bassendean,Western Australia,5,90520,15395,17.01
2024,50401,Bayswater - Bassendean,Western Australia,5,92363,15684,16.98
2025,50401,Bayswater - Bassendean,Western Australia,5,92363,15684,16.98
2023,50402,Mundaring,Western Australia,6,46824,9226,19.7
2024,50402,Mundaring,Western Australia,6,47861,9643,20.15
2025,50402,Mundaring,Western Australia,6,47861,9643,20.15
2023,50403,Swan,Western Australia,17,166232,18939,11.39
2024,50403,Swan,Western Australia,17,173599,20121,11.59
2025,50403,Swan,Western Australia,17,173599,20121,11.59
2023,50501,Joondalup,Western Australia,14,170653,31343,18.37
2024,50501,Joondalup,Western Australia,14,174383,32519,18.65
2025,50501,Joondalup,Western Australia,14,174383,32519,18.65
2023,50502,Stirling,Western Australia,15,224648,38282,17.04
2024,50502,Stirling,Western Australia,15,229809,39088,17.01
2025,50502,Stirling,Western Australia,15,229809,39088,17.01
2023,50503,Wanneroo,Western Australia,17,228814,27825,12.16
2024,50503,Wanneroo,Western Australia,17,236788,29280,12.37
2025,50503,Wanneroo,Western Australia,17,236788,29280,12.37
2023,50601,Armadale,Western Australia,9,105158,12489,11.88
2024,50601,Armadale,Western Australia,9,109218,12982,11.89
2025,50601,Armadale,Western Australia,9,109218,12982,11.89
2023,50602,Belmont - Victoria Park,Western Australia,8,82657,10785,13.05
2024,50602,Belmont - Victoria Park,Western Australia,8,85217,11087,13.01
2025,50602,Belmont - Victoria Park,Western Australia,8,85217,11087,13.01
2023,50603,Canning,Western Australia,8,107566,16058,14.93
2024,50603,Canning,Western Australia,8,110842,16274,14.68
2025,50603,Canning,Western Australia,8,110842,16274,14.68
2023,50604,Gosnells,Western Australia,6,137493,18636,13.55
2024,50604,Gosnells,Western Australia,6,141279,19206,13.59
2025,50604,Gosnells,Western Australia,6,141279,19206,13.59
2023,50605,Kalamunda,Western Australia,4,62705,11846,18.89
2024,50605,Kalamunda,Western Australia,4,63827,12192,19.1
2025,50605,Kalamunda,Western Australia,4,63827,12192,19.1
2023,50606,Serpentine - Jarrahdale,Western Australia,3,36810,3761,10.22
2024,50606,Serpentine - Jarrahdale,Western Australia,3,38687,3994,10.32
2025,50606,Serpentine - Jarrahdale,Western Australia,3,38687,3994,10.32
2023,50607,South Perth,Western Australia,3,46822,8929,19.07
2024,50607,South Perth,Western Australia,3,47958,9033,18.84
2025,50607,South Perth,Western Australia,3,47958,9033,18.84
2023,50701,Cockburn,Western Australia,14,128044,17134,13.38
2024,50701,Cockburn,Western Australia,14,132734,17992,13.55
2025,50701,Cockburn,Western Australia,14,132734,17992,13.55
2023,50702,Fremantle,Western Australia,4,43578,8443,19.37
2024,50702,Fremantle,Western Australia,4,44872,8655,19.29
2025,50702,Fremantle,Western Australia,4,44872,8655,19.29
2023,50703,Kwinana,Western Australia,6,52139,4878,9.36
2024,50703,Kwinana,Western Australia,6,54672,5185,9.48
2025,50703,Kwinana,Western Australia,6,54672,5185,9.48
2023,50704,Melville,Western Australia,10,113214,23697,20.93
2024,50704,Melville,Western Australia,10,116222,24258,20.87
2025,50704,Melville,Western Australia,10,116222,24258,20.87
2023,50705,Rockingham,Western Australia,11,148911,21066,14.15
2024,50705,Rockingham,Western Australia,11,154132,21983,14.26
2025,50705,Rockingham,Western Australia,11,154132,21983,14.26
2023,50901,Albany,Western Australia,11,65239,15140,23.21
2024,50901,Albany,Western Australia,11,65998,15746,23.86
2025,50901,Albany,Western Australia,11,65998,15746,23.86
2023,50902,Wheat Belt - North,Western Australia,10,59524,14032,23.57
2024,50902,Wheat Belt - North,Western Australia,10,60818,14662,24.11
2025,50902,Wheat Belt - North,Western Australia,10,60818,14662,24.11
2023,50903,Wheat Belt - South,Western Australia,5,20056,4593,22.9
2024,50903,Wheat Belt - South,Western Australia,5,20220,4787,23.67
2025,50903,Wheat Belt - South,Western Australia,5,20220,4787,23.67
2023,51001,Kimberley,Western Australia,5,39410,3117,7.91
2024,51001,Kimberley,Western Australia,5,39934,3248,8.13
2025,51001,Kimberley,Western Australia,5,39934,3248,8.13
2023,51002,East Pilbara,Western Australia,4,27663,1080,3.9
2024,51002,East Pilbara,Western Australia,4,27851,1176,4.22
2025,51002,East Pilbara,Western Australia,4,27851,1176,4.22
2023,51003,West Pilbara,Western Australia,3,32334,1118,3.46
2024,51003,West Pilbara,Western Australia,3,32895,1206,3.67
2025,51003,West Pilbara,Western Australia,3,32895,1206,3.67
2023,51101,Esperance,Western Australia,2,16833,3315,19.69
2024,51101,Esperance,Western Australia,2,16842,3418,20.29
2025,51101,Esperance,Western Australia,2,16842,3418,20.29
2023,51102,Gascoyne,Western Australia,2,10330,1597,15.46
2024,51102,Gascoyne,Western Australia,2,10530,1657,15.74
2025,51102,Gascoyne,Western Australia,2,10530,1657,15.74
2023,51103,Goldfields,Western Australia,7,40411,3922,9.71
2024,51103,Goldfields,Western Australia,7,40733,4120,10.11
2025,51103,Goldfields,Western Australia,7,40733,4120,10.11
2023,51104,Mid West,Western Australia,8,58207,11517,19.79
2024,51104,Mid West,Western Australia,8,58690,11940,20.34
2025,51104,Mid West,Western Australia,8,58690,11940,20.34
2023,60101,Brighton,Tasmania,3,20581,3029,14.72
2024,60101,Brighton,Tasmania,3,20864,3157,15.13
2025,60101,Brighton,Tasmania,3,20864,3157,15.13
2023,60102,Hobart - North East,Tasmania,9,61310,12773,20.83
2024,60102,Hobart - North East,Tasmania,9,61547,13082,21.26
2025,60102,Hobart - North East,Tasmania,9,61547,13082,21.26
2023,60103,Hobart - North West,Tasmania,9,58744,10515,17.9
2024,60103,Hobart - North West,Tasmania,9,58678,10661,18.17
2025,60103,Hobart - North West,Tasmania,9,58678,10661,18.17
2023,60104,Hobart - South and West,Tasmania,5,37648,7516,19.96
2024,60104,Hobart - South and West,Tasmania,5,37982,7779,20.48
2025,60104,Hobart - South and West,Tasmania,5,37982,7779,20.48
2023,60105,Hobart Inner,Tasmania,7,56202,10204,18.16
2024,60105,Hobart Inner,Tasmania,7,56085,10407,18.56
2025,60105,Hobart Inner,Tasmania,7,56085,10407,18.56
2023,60106,Sorell - Dodges Ferry,Tasmania,2,19499,4096,21.01
2024,60106,Sorell - Dodges Ferry,Tasmania,2,19774,4290,21.7
2025,60106,Sorell - Dodges Ferry,Tasmania,2,19774,4290,21.7
2023,60201,Launceston,Tasmania,17,89713,17493,19.5
2024,60201,Launceston,Tasmania,17,89399,17756,19.86
2025,60201,Launceston,Tasmania,17,89399,17756,19.86
2023,60202,Meander Valley - West Tamar,Tasmania,5,25202,6550,25.99
2024,60202,Meander Valley - West Tamar,Tasmania,5,25440,6879,27.04
2025,60202,Meander Valley - West Tamar,Tasmania,5,25440,6879,27.04
2023,60203,North East,Tasmania,8,41126,10838,26.35
2024,60203,North East,Tasmania,8,41410,11195,27.03
2025,60203,North East,Tasmania,8,41410,11195,27.03
2023,60301,Central Highlands (Tas.),Tasmania,4,12883,2694,20.91
2024,60301,Central Highlands (Tas.),Tasmania,4,12953,2829,21.84
2025,60301,Central Highlands (Tas.),Tasmania,4,12953,2829,21.84
2023,60302,Huon - Bruny Island,Tasmania,4,23055,5598,24.28
2024,60302,Huon - Bruny Island,Tasmania,4,23346,5814,24.9
2025,60302,Huon - Bruny Island,Tasmania,4,23346,5814,24.9
2023,60303,South East Coast,Tasmania,2,7908,2793,35.32
2024,60303,South East Coast,Tasmania,2,7985,2897,36.28
2025,60303,South East Coast,Tasmania,2,7985,2897,36.28
2023,60401,Burnie - Ulverstone,Tasmania,10,51399,12112,23.56
2024,60401,Burnie - Ulverstone,Tasmania,10,51412,12356,24.03
2025,60401,Burnie - Ulverstone,Tasmania,10,51412,12356,24.03
2023,60402,Devonport,Tasmania,8,50147,12236,24.4
2024,60402,Devonport,Tasmania,8,50338,12512,24.86
2025,60402,Devonport,Tasmania,8,50338,12512,24.86
2023,60403,West Coast,Tasmania,6,18321,3886,21.21
2024,60403,West Coast,Tasmania,6,18283,4061,22.21
2025,60403,West Coast,Tasmania,6,18283,4061,22.21
2023,70101,Darwin City,Northern Territory,9,28894,2958,10.24
2024,70101,Darwin City,Northern Territory,9,29076,3122,10.74
2025,70101,Darwin City,Northern Territory,9,29076,3122,10.74
2023,70102,Darwin Suburbs,Northern Territory,21,58278,6865,11.78
2024,70102,Darwin Suburbs,Northern Territory,21,58532,7102,12.13
2025,70102,Darwin Suburbs,Northern Territory,21,58532,7102,12.13
2023,70103,Litchfield,Northern Territory,5,22942,2949,12.85
2024,70103,Litchfield,Northern Territory,5,23449,3125,13.33
2025,70103,Litchfield,Northern Territory,5,23449,3125,13.33
2023,70104,Palmerston,Northern Territory,9,41008,2757,6.72
2024,70104,Palmerston,Northern Territory,9,41432,2863,6.91
2025,70104,Palmerston,Northern Territory,9,41432,2863,6.91
2023,70201,Alice Springs,Northern Territory,10,41526,3519,8.47
2024,70201,Alice Springs,Northern Territory,10,41962,3701,8.82
2025,70201,Alice Springs,Northern Territory,10,41962,3701,8.82
2023,70202,Barkly,Northern Territory,2,6045,459,7.59
2024,70202,Barkly,Northern Territory,2,6067,491,8.09
2025,70202,Barkly,Northern Territory,2,6067,491,8.09
2023,70203,Daly - Tiwi - West Arnhem,Northern Territory,5,18277,1580,8.64
2024,70203,Daly - Tiwi - West Arnhem,Northern Territory,5,18374,1695,9.22
2025,70203,Daly - Tiwi - West Arnhem,Northern Territory,5,18374,1695,9.22
2023,70204,East Arnhem,Northern Territory,3,14687,629,4.28
2024,70204,East Arnhem,Northern Territory,3,14724,682,4.63
2025,70204,East Arnhem,Northern Territory,3,14724,682,4.63
2023,70205,Katherine,Northern Territory,4,21405,1654,7.73
2024,70205,Katherine,Northern Territory,4,21453,1732,8.07
2025,70205,Katherine,Northern Territory,4,21453,1732,8.07
2023,80101,Belconnen,Australian Capital Territory,30,107782,16092,14.93
2024,80101,Belconnen,Australian Capital Territory,30,108483,16398,15.12
2025,80101,Belconnen,Australian Capital Territory,30,108483,16398,15.12
2023,80103,Canberra East,Australian Capital Territory,5,2003,300,14.98
2024,80103,Canberra East,Australian Capital Territory,5,2009,303,15.08
2025,80103,Canberra East,Australian Capital Territory,5,2009,303,15.08
2023,80104,Gungahlin,Australian Capital Territory,20,90579,6821,7.53
2024,80104,Gungahlin,Australian Capital Territory,20,92178,7286,7.9
2025,80104,Gungahlin,Australian Capital Territory,20,92178,7286,7.9
2023,80105,North Canberra,Australian Capital Territory,17,64788,7066,10.91
2024,80105,North Canberra,Australian Capital Territory,17,66338,7336,11.06
2025,80105,North Canberra,Australian Capital Territory,17,66338,7336,11.06
2023,80106,South Canberra,Australian Capital Territory,11,33022,6175,18.7
2024,80106,South Canberra,Australian Capital Territory,11,33697,6330,18.79
2025,80106,South Canberra,Australian Capital Territory,11,33697,6330,18.79
2023,80107,Tuggeranong,Australian Capital Territory,21,89199,14787,16.58
2024,80107,Tuggeranong,Australian Capital Territory,21,89340,15380,17.22
2025,80107,Tuggeranong,Australian Capital Territory,21,89340,15380,17.22
2023,80108,Weston Creek,Australian Capital Territory,9,24637,4987,20.24
2024,80108,Weston Creek,Australian Capital Territory,9,24724,5049,20.42
2025,80108,Weston Creek,Australian Capital Territory,9,24724,5049,20.42
2023,80109,Woden Valley,Australian Capital Territory,12,39481,7091,17.96
2024,80109,Woden Valley,Australian Capital Territory,12,40436,7123,17.62
2025,80109,Woden Valley,Australian Capital Territory,12,40436,7123,17.62
2023,80110,Molonglo,Australian Capital Territory,7,14246,536,3.76
2024,80110,Molonglo,Australian Capital Territory,7,16026,628,3.92
2025,80110,Molonglo,Australian Capital Territory,7,16026,628,3.92
2023,80111,Uriarra - Namadgi,Australian Capital Territory,2,622,52,8.36
2024,80111,Uriarra - Namadgi,Australian Capital Territory,2,624,63,10.1
2025,80111,Uriarra - Namadgi,Australian Capital Territory,2,624,63,10.1
2023,90101,Christmas Island,Other Territories,1,1827,245,13.41
2024,90101,Christmas Island,Other Territories,1,1865,263,14.1
2025,90101,Christmas Island,Other Territories,1,1865,263,14.1
2023,90102,Cocos (Keeling) Islands,Other Territories,1,629,119,18.92
2024,90102,Cocos (Keeling) Islands,Other Territories,1,625,128,20.48
2025,90102,Cocos (Keeling) Islands,Other Territories,1,625,128,20.48
2023,90103,Jervis Bay,Other Territories,1,304,54,17.76
2024,90103,Jervis Bay,Other Territories,1,304,53,17.43
2025,90103,Jervis Bay,Other Territories,1,304,53,17.43
2023,90104,Norfolk Island,Other Territories,1,2207,631,28.59
2024,90104,Norfolk Island,Other Territories,1,2200,660,30.0
2025,90104,Norfolk Island,Other Territories,1,2200,660,30.0
