acpr_code,acpr_name,state,year,total_users,n_permanent,n_respite,n_indigenous,n_male,n_female,n_nesb,n_english_speaking,n_age_0_49,n_age_50_54,n_age_55_59,n_age_60_64,n_age_65_69,n_age_70_74,n_age_75_79,n_age_80_84,n_age_85_89,n_age_90_94,n_age_95_99,n_age_100_plus
101,Central Coast,NSW,2024,3477,3304,173,50,1215,2262,305,444,0,1,8,20,90,231,437,690,858,723,350,69
102,Central West,NSW,2024,1770,1701,69,54,646,1124,90,95,1,3,15,19,68,129,229,362,447,328,150,19
103,Far North Coast,NSW,2024,3212,3098,114,36,1153,2058,171,341,1,5,8,15,82,198,374,577,818,693,380,61
104,Hunter,NSW,2024,5985,5808,177,84,1994,3990,445,469,4,3,10,30,143,387,799,1086,1513,1339,571,100
105,Illawarra,NSW,2024,3775,3675,100,49,1285,2490,641,471,0,1,5,17,90,249,454,722,952,848,375,62
106,Inner West,NSW,2024,3641,3465,176,22,1374,2266,1940,208,0,7,6,19,114,264,473,596,916,785,392,69
107,Mid North Coast,NSW,2024,3949,3682,267,89,1418,2530,237,390,2,4,15,38,111,264,490,698,961,880,415,71
108,Nepean,NSW,2024,2330,2250,80,32,803,1527,380,291,0,1,3,6,63,212,351,458,550,449,196,41
109,New England,NSW,2024,1487,1418,69,49,535,951,52,70,0,2,5,6,43,107,185,261,417,309,129,23
110,Northern Sydney,NSW,2024,7938,7514,424,15,2610,5325,1917,933,0,1,9,11,125,373,813,1331,1999,1997,1057,222
111,Orana Far West,NSW,2024,1264,1185,79,53,424,840,42,50,0,1,2,9,42,89,160,261,327,248,111,14
112,Riverina/Murray,NSW,2024,2656,2512,144,37,921,1734,191,140,0,1,2,13,81,181,309,470,714,572,275,38
113,South East Sydney,NSW,2024,7814,7364,450,56,2825,4989,2429,708,2,5,13,36,192,502,904,1364,1938,1778,910,170
114,South West Sydney,NSW,2024,6918,6514,404,61,2480,4437,2953,506,1,3,7,35,205,544,918,1395,1737,1386,579,107
115,Southern Highlands,NSW,2024,1982,1909,73,29,697,1285,200,165,2,1,6,15,55,136,237,374,487,438,201,30
116,Western Sydney,NSW,2024,5705,5386,319,58,2005,3699,2319,447,3,7,7,33,153,404,781,1104,1419,1173,525,96
201,Barwon-South Western,VIC,2024,4545,4294,251,16,1536,3008,555,407,0,2,9,20,150,322,538,794,1087,1026,505,92
202,Eastern Metro,VIC,2024,10742,10208,534,19,3548,7191,3121,1028,5,9,15,45,221,552,1093,1914,2775,2624,1271,217
203,Gippsland,VIC,2024,2912,2785,127,34,999,1912,317,313,3,10,24,25,87,222,370,547,675,622,283,43
204,Grampians,VIC,2024,2559,2474,85,12,876,1683,196,202,1,3,8,19,56,198,299,445,622,560,290,58
205,Hume,VIC,2024,2755,2647,108,11,970,1785,248,204,3,0,7,17,65,159,309,481,742,632,292,48
206,Loddon-Mallee,VIC,2024,3508,3374,134,20,1161,2345,220,191,4,5,6,21,102,208,407,641,841,850,366,56
207,Northern Metro,VIC,2024,6576,6180,396,16,2274,4302,2903,432,0,6,26,36,208,481,798,1229,1644,1435,624,88
208,Southern Metro,VIC,2024,12445,11864,581,25,4260,8184,3411,1601,6,10,18,62,342,850,1518,2279,3023,2764,1336,236
209,Western Metro,VIC,2024,5646,5335,311,16,1927,3717,2536,439,4,6,18,40,187,469,706,1041,1401,1179,505,90
301,Brisbane North,QLD,2024,4473,4367,106,25,1498,2974,530,481,2,0,7,18,113,320,562,837,1112,975,451,75
302,Brisbane South,QLD,2024,6476,6264,212,48,2230,4246,1066,844,1,0,8,20,170,480,852,1291,1531,1415,614,94
303,Cabool,QLD,2024,4051,3951,100,39,1433,2618,290,603,0,4,5,14,134,329,595,821,926,804,347,72
304,Central West,QLD,2024,48,46,2,1,25,23,0,3,0,0,0,0,3,9,7,9,10,9,1,0
305,Darling Downs,QLD,2024,2689,2598,91,38,945,1744,130,173,1,3,3,11,83,190,387,498,684,563,234,32
306,Far North,QLD,2024,2021,1926,95,197,826,1193,268,207,0,4,10,25,93,210,319,401,436,343,155,24
307,Fitzroy,QLD,2024,1311,1290,21,41,471,839,47,97,0,2,1,7,39,100,199,252,334,260,104,13
308,Logan River Valley,QLD,2024,2414,2357,57,72,853,1561,338,418,0,2,5,12,77,265,412,512,537,391,178,23
309,Mackay,QLD,2024,898,880,18,21,297,599,61,72,1,0,0,3,26,65,134,160,249,175,78,7
310,North West,QLD,2024,44,41,3,9,18,26,8,4,0,0,0,1,0,4,7,14,11,5,2,0
311,Northern,QLD,2024,1760,1723,37,74,615,1145,146,130,0,2,2,8,49,155,261,364,426,348,123,22
312,South Coast,QLD,2024,5006,4870,136,24,1736,3268,684,966,2,0,4,15,110,331,692,993,1188,1057,535,77
313,South West,QLD,2024,145,137,8,12,50,95,2,3,0,1,0,0,3,9,25,29,31,32,12,3
314,Sunshine Coast,QLD,2024,4727,4499,228,32,1703,3022,368,802,2,2,3,13,93,316,599,920,1219,1042,455,63
315,West Moreton,QLD,2024,1267,1239,28,23,448,819,83,115,0,0,2,7,34,118,175,261,308,237,107,18
316,Wide Bay,QLD,2024,2525,2431,94,57,881,1644,167,264,1,2,3,13,53,196,348,519,638,484,227,41
401,Eyre Peninsula,SA,2024,245,233,12,3,91,154,21,38,0,0,2,5,8,15,25,55,52,54,20,9
402,"Hills, Mallee & Southern",SA,2024,1484,1345,139,12,525,959,106,242,0,0,1,2,40,76,193,249,355,365,165,38
403,Metropolitan East,SA,2024,2781,2649,132,3,853,1926,628,329,0,1,2,6,39,132,290,459,655,704,416,77
404,Metropolitan North,SA,2024,3378,3208,170,30,1193,2184,608,715,0,1,3,10,101,271,510,632,807,687,307,49
405,Metropolitan South,SA,2024,3919,3749,170,15,1259,2660,475,631,1,0,3,12,87,261,484,700,879,932,469,91
406,Metropolitan West,SA,2024,2692,2538,154,18,901,1790,873,220,1,2,5,10,68,174,310,442,684,616,328,52
407,Mid North,SA,2024,311,288,23,1,99,212,12,13,0,0,1,2,10,17,32,60,83,72,32,2
408,Riverland,SA,2024,357,332,25,2,124,233,28,20,0,1,0,2,11,30,47,60,93,70,35,8
409,South East,SA,2024,590,548,42,9,178,412,48,50,0,0,0,3,11,31,79,100,153,148,60,5
410,Flinders & Far North,SA,2024,107,102,5,2,33,74,10,5,0,0,0,0,6,7,12,30,30,14,8,0
411,"Yorke, Lower North & Barossa",SA,2024,1289,1219,70,10,444,844,49,159,2,0,3,5,30,76,161,241,328,286,133,24
501,Goldfields,WA,2024,183,180,3,16,70,113,9,26,0,0,2,2,6,15,30,43,38,34,10,3
502,Great Southern,WA,2024,410,408,2,5,141,269,35,86,0,0,2,3,10,27,50,87,102,78,42,9
503,Kimberley,WA,2024,107,101,6,78,52,55,4,5,0,1,3,5,14,21,15,20,18,8,1,1
504,Metropolitan East,WA,2024,2932,2868,64,33,1097,1835,618,582,0,1,6,21,113,243,376,555,716,583,271,47
505,Metropolitan North,WA,2024,5007,4895,112,11,1628,3378,1055,1085,0,1,5,18,103,341,554,891,1234,1194,558,108
506,Metropolitan South East,WA,2024,3458,3379,79,52,1203,2254,700,841,1,3,6,21,96,243,510,638,848,700,325,67
507,Metropolitan South West,WA,2024,4343,4246,97,25,1420,2923,728,1031,0,1,2,13,95,268,463,854,1053,1032,465,97
508,Mid West,WA,2024,271,269,2,11,82,189,19,36,0,0,1,2,4,24,34,61,68,57,17,3
509,Pilbara,WA,2024,52,51,1,37,26,26,2,2,0,1,2,7,7,7,9,14,4,1,0,0
510,South West,WA,2024,1195,1175,20,12,370,825,103,241,0,2,1,5,30,67,150,205,331,256,126,22
511,Wheatbelt,WA,2024,262,259,3,17,98,164,14,42,0,0,1,0,9,24,32,48,78,45,21,4
601,North Western,TAS,2024,1094,1055,39,19,398,696,58,105,2,1,4,6,31,80,133,201,289,223,105,19
602,Northern,TAS,2024,1345,1286,59,10,478,867,78,145,1,0,2,9,30,109,175,245,334,295,126,19
603,Southern,TAS,2024,2105,2032,73,28,723,1382,194,267,0,5,4,9,68,186,288,405,495,442,177,26
701,Alice Springs,NT,2024,155,139,16,95,64,91,5,8,0,0,4,6,10,31,35,20,26,19,3,1
703,Darwin,NT,2024,320,315,5,60,127,193,65,50,0,0,1,5,14,42,60,73,59,45,18,3
705,Katherine,NT,2024,53,41,12,33,32,21,1,3,0,1,3,2,5,12,15,6,5,2,2,0
801,ACT,ACT,2024,2471,2409,62,13,837,1634,506,306,0,0,3,3,54,148,340,463,628,557,232,43
101,Central Coast,NSW,2021,3387,3239,148,32,1132,2255,276,442,1,9,15,46,116,218,378,576,767,850,350,61
102,Central West,NSW,2021,1813,1752,61,47,672,1141,96,98,12,8,32,34,79,168,197,324,402,391,143,23
103,Far North Coast,NSW,2021,3307,3167,140,37,1198,2109,184,374,4,9,14,44,133,235,341,549,763,804,346,65
104,Hunter,NSW,2021,5925,5769,156,73,2028,3897,459,438,10,8,23,61,162,429,728,1072,1399,1379,559,95
105,Illawarra,NSW,2021,3935,3826,109,41,1356,2579,712,518,5,7,17,41,135,274,466,686,957,949,352,46
106,Inner West,NSW,2021,3827,3640,187,16,1453,2374,2026,244,7,5,25,69,156,312,438,686,906,814,353,55
107,Mid North Coast,NSW,2021,3894,3691,203,75,1355,2539,230,398,6,11,22,59,131,262,425,700,860,914,428,76
108,Nepean,NSW,2021,2160,2079,81,24,670,1490,345,322,2,2,11,23,88,182,291,414,491,424,206,26
109,New England,NSW,2021,1537,1476,61,47,553,984,37,81,1,3,12,27,64,126,158,309,374,337,106,20
110,Northern Sydney,NSW,2021,7848,7458,390,9,2489,5359,1729,952,6,8,17,43,183,432,694,1252,1853,2059,1115,186
111,Orana Far West,NSW,2021,1328,1283,45,42,433,895,50,54,0,4,7,16,46,96,167,266,310,295,110,11
112,Riverina/Murray,NSW,2021,2602,2452,150,35,912,1690,195,126,3,3,15,39,94,182,265,495,633,574,253,45
113,South East Sydney,NSW,2021,7601,7155,446,44,2614,4987,2318,709,21,17,36,79,251,501,797,1220,1773,1837,898,170
114,South West Sydney,NSW,2021,6487,6184,303,47,2297,4190,2667,510,6,11,23,64,234,516,764,1215,1552,1400,607,95
115,Southern Highlands,NSW,2021,1959,1871,88,23,655,1304,199,173,2,2,13,30,60,127,213,341,468,482,192,29
116,Western Sydney,NSW,2021,5506,5245,261,45,1931,3575,2125,435,14,15,30,73,226,435,661,970,1272,1168,564,78
201,Barwon-South Western,Vic,2021,4351,4211,140,12,1410,2941,507,431,9,10,30,63,144,296,435,740,1043,1065,448,67
202,Eastern Metro,Vic,2021,10105,9763,342,14,3254,6851,2752,1033,23,19,54,109,232,534,967,1714,2551,2605,1105,192
203,Gippsland,Vic,2021,2921,2765,156,24,984,1937,314,364,14,19,29,54,118,242,300,490,704,646,257,48
204,Grampians,Vic,2021,2504,2414,90,9,802,1702,159,204,5,8,20,31,94,186,239,429,601,601,258,32
205,Hume,Vic,2021,2773,2675,98,9,931,1842,240,206,4,5,15,32,89,169,311,465,678,682,278,45
206,Loddon-Mallee,Vic,2021,3448,3304,144,21,1155,2293,191,201,8,11,17,41,116,255,323,581,846,790,410,50
207,Northern Metro,Vic,2021,6202,5997,205,16,2116,4086,2654,397,6,25,40,105,239,464,658,1040,1581,1436,531,77
208,Southern Metro,Vic,2021,11749,11439,310,24,3952,7797,3260,1570,17,20,49,128,387,838,1269,2018,2785,2785,1232,221
209,Western Metro,Vic,2021,5078,4927,151,22,1746,3332,2242,437,13,24,36,92,228,405,564,913,1217,1075,440,71
301,Brisbane North,Qld,2021,4183,4050,133,20,1403,2780,479,443,4,5,17,42,162,323,471,724,905,1011,449,70
302,Brisbane South,Qld,2021,6014,5799,215,33,2050,3964,968,820,4,7,29,72,214,472,689,1106,1426,1348,551,96
303,Cabool,Qld,2021,3749,3629,120,29,1318,2431,252,544,1,9,21,42,142,303,481,730,847,780,344,49
304,Central West,Qld,2021,56,55,1,2,33,23,1,2,0,0,1,2,4,3,7,12,19,5,3,0
305,Darling Downs,Qld,2021,2530,2408,122,36,910,1620,112,176,3,5,8,40,97,178,306,488,618,540,215,32
306,Far North,Qld,2021,1896,1820,76,195,733,1163,253,202,2,6,23,40,115,154,264,372,413,348,140,19
307,Fitzroy,Qld,2021,1349,1312,37,31,483,866,46,87,3,3,4,19,52,98,179,271,331,254,113,22
308,Logan River Valley,Qld,2021,2194,2098,96,61,820,1374,347,397,2,6,14,31,104,221,336,398,498,403,157,24
309,Mackay,Qld,2021,890,874,16,13,306,584,67,67,1,0,4,11,26,72,122,167,237,177,63,10
310,North West,Qld,2021,54,54,0,14,19,35,6,1,0,0,2,1,1,7,13,12,10,7,1,0
311,Northern,Qld,2021,1737,1700,37,73,586,1151,143,139,5,3,8,23,65,160,225,339,408,360,127,14
312,South Coast,Qld,2021,4984,4839,145,24,1791,3193,651,985,6,13,18,53,173,376,615,919,1152,1070,506,83
313,South West,Qld,2021,155,152,3,16,54,101,0,6,0,1,0,2,4,18,26,25,37,25,15,1
314,Sunshine Coast,Qld,2021,4267,4050,217,27,1523,2744,341,684,5,8,19,38,135,282,518,778,1049,977,399,59
315,West Moreton,Qld,2021,1233,1200,33,19,415,818,69,120,1,1,6,13,50,101,157,236,280,280,90,18
316,Wide Bay,Qld,2021,2317,2233,84,48,826,1491,150,216,0,4,15,24,81,166,304,441,565,490,203,24
401,Eyre Peninsula,SA,2021,269,259,10,5,98,171,24,49,1,4,3,7,7,16,24,69,56,57,22,3
402,"Hills, Mallee & Southern",SA,2021,1413,1350,63,9,442,971,121,231,0,2,4,10,32,90,158,225,343,342,179,28
403,Metropolitan East,SA,2021,2798,2654,144,5,875,1923,604,322,2,3,6,19,64,153,261,447,616,774,392,61
404,Metropolitan North,SA,2021,3264,3105,159,22,1078,2186,646,726,3,6,12,47,112,272,401,582,780,711,290,48
405,Metropolitan South,SA,2021,3862,3689,173,13,1229,2633,465,669,3,6,9,33,115,252,397,596,903,996,459,93
406,Metropolitan West,SA,2021,2725,2607,118,16,906,1819,927,253,2,6,8,31,97,178,251,478,655,660,310,49
407,Mid North,SA,2021,323,310,13,2,112,211,19,21,0,3,0,7,12,23,33,71,64,69,33,8
408,Riverland,SA,2021,378,362,16,2,136,242,45,23,1,1,2,7,17,30,43,79,65,91,37,5
409,South East,SA,2021,621,596,25,5,199,422,41,38,0,1,1,2,16,47,75,121,151,140,56,11
410,Flinders & Far North,SA,2021,101,83,18,7,43,58,10,11,1,0,0,1,4,12,21,19,26,13,4,0
411,"Yorke, Lower North & Barossa",SA,2021,1276,1218,58,10,408,868,56,151,4,4,7,10,42,84,143,221,317,284,141,19
501,Goldfields,WA,2021,204,204,0,32,64,140,15,26,0,3,2,6,8,24,36,31,44,32,17,1
502,Great Southern,WA,2021,404,395,9,6,117,287,28,81,0,1,1,7,14,24,49,85,80,97,39,7
503,Kimberley,WA,2021,110,110,0,81,51,59,3,2,2,5,4,10,14,13,11,24,10,9,8,0
504,Metropolitan East,WA,2021,2451,2404,47,17,872,1579,580,533,2,5,11,54,109,213,321,458,535,494,216,33
505,Metropolitan North,WA,2021,4613,4538,75,17,1488,3125,1012,1060,3,4,20,35,118,298,453,800,1163,1091,531,96
506,Metropolitan South East,WA,2021,3299,3230,69,40,1120,2179,647,814,1,5,17,48,103,252,364,586,801,753,311,58
507,Metropolitan South West,WA,2021,3860,3760,100,19,1266,2594,673,922,1,4,14,28,120,219,411,721,936,944,397,65
508,Mid West,WA,2021,276,276,0,16,104,172,23,38,0,0,2,4,10,15,39,57,67,59,19,4
509,Pilbara,WA,2021,58,58,0,44,33,25,1,3,2,3,3,7,12,10,2,11,4,2,1,1
510,South West,WA,2021,1103,1083,20,12,336,767,101,225,1,2,6,11,26,55,113,199,298,268,106,18
511,Wheatbelt,WA,2021,285,276,9,11,111,174,16,40,0,0,1,2,9,23,46,55,67,59,19,4
601,North Western,Tas,2021,1093,1073,20,15,372,721,48,103,4,8,4,18,33,70,124,220,262,249,89,12
602,Northern,Tas,2021,1374,1344,30,12,483,891,81,151,1,3,6,12,60,107,150,251,341,300,124,19
603,Southern,Tas,2021,2155,2099,56,24,719,1436,199,286,1,4,9,25,87,169,252,389,519,481,191,28
701,Alice Springs,NT,2021,156,135,21,91,46,110,11,8,1,3,6,13,12,24,24,25,25,15,7,1
703,Darwin,NT,2021,312,307,5,62,129,183,61,42,0,1,3,6,24,48,38,67,53,60,8,4
705,Katherine,NT,2021,49,47,2,29,29,20,2,1,0,1,1,5,6,9,7,7,9,2,2,0
801,ACT,ACT,2021,2342,2267,75,7,778,1564,510,287,0,0,4,8,56,178,272,428,581,530,248,37
101.0,Central Coast,NSW,2020,3360,3252,108,33,1168,2192,269,423,2,9,29,55,110,232,381,544,786,830,335,47
102.0,Central West,NSW,2020,1826,1777,49,48,672,1154,104,84,14,12,34,49,82,137,204,332,429,378,138,17
103.0,Far North Coast,NSW,2020,3367,3259,108,30,1168,2199,178,378,7,7,21,60,121,196,340,595,780,798,380,62
104.0,Hunter,NSW,2020,5953,5775,178,70,2023,3930,431,454,12,14,34,68,194,422,706,1082,1409,1340,592,80
105.0,Illawarra,NSW,2020,3945,3864,81,48,1357,2588,740,502,8,7,22,61,146,261,464,684,1001,927,324,40
106.0,Inner West,NSW,2020,3856,3744,112,15,1441,2415,2040,229,7,8,38,81,171,328,408,714,901,817,326,56
107.0,Mid North Coast,NSW,2020,3918,3728,190,71,1367,2551,216,401,6,15,34,69,141,286,421,677,900,913,395,61
108.0,Nepean,NSW,2020,2046,1997,49,20,654,1392,328,304,2,8,12,35,84,164,258,375,453,431,193,31
109.0,New England,NSW,2020,1484,1424,60,41,515,969,33,69,0,5,16,31,73,97,170,291,360,322,100,19
110.0,Northern Sydney,NSW,2020,7881,7536,345,10,2440,5441,1686,990,9,9,22,58,191,420,710,1231,1857,2146,1073,155
111.0,Orana Far West,NSW,2020,1311,1271,40,36,429,882,49,58,1,5,7,19,49,92,150,227,325,325,101,10
112.0,Riverina/Murray,NSW,2020,2584,2472,112,30,896,1688,202,111,6,8,17,39,110,176,270,483,620,593,221,40
113.0,South East Sydney,NSW,2020,7529,7168,361,41,2596,4933,2279,710,21,21,54,99,253,489,751,1214,1832,1786,860,149
114.0,South West Sydney,NSW,2020,6389,6182,207,36,2254,4135,2610,499,11,9,36,86,240,492,720,1203,1492,1408,600,92
115.0,Southern Highlands,NSW,2020,1955,1874,81,16,666,1289,192,177,2,5,22,34,63,142,213,346,470,463,169,26
116.0,Western Sydney,NSW,2020,5492,5308,184,49,1942,3550,2107,423,21,19,49,106,238,420,661,971,1270,1126,542,69
201.0,Barwon-South Western,Vic,2020,4370,4246,124,14,1377,2993,521,434,8,11,43,61,162,265,408,753,1084,1056,464,54
202.0,Eastern Metro,Vic,2020,10131,9858,273,16,3195,6936,2770,1037,26,30,64,124,252,512,986,1720,2597,2587,1055,178
203.0,Gippsland,Vic,2020,3004,2872,132,22,991,2013,331,372,18,24,31,58,133,226,317,532,688,669,270,38
204.0,Grampians,Vic,2020,2463,2403,60,7,787,1676,154,210,5,10,20,34,95,168,228,446,583,602,247,25
205.0,Hume,Vic,2020,2758,2670,88,8,953,1805,249,199,5,8,15,35,89,180,290,463,707,672,248,46
206.0,Loddon-Mallee,Vic,2020,3396,3315,81,22,1132,2264,181,200,7,16,19,51,115,235,341,585,787,822,368,50
207.0,Northern Metro,Vic,2020,6698,6532,166,13,2314,4384,2885,414,17,34,50,126,272,481,679,1214,1669,1577,531,48
208.0,Southern Metro,Vic,2020,11849,11579,270,26,3943,7906,3264,1571,21,24,68,158,395,835,1257,2035,2735,2875,1230,216
209.0,Western Metro,Vic,2020,5444,5349,95,20,1898,3546,2416,470,19,31,51,118,254,418,591,981,1285,1182,461,53
301.0,Brisbane North,Qld,2020,4084,3974,110,20,1342,2742,464,434,5,10,33,48,165,299,446,685,945,950,445,53
302.0,Brisbane South,Qld,2020,5919,5734,185,29,1951,3968,943,819,6,10,37,87,212,427,695,1042,1425,1335,555,87
303.0,Cabool,Qld,2020,3578,3466,112,35,1226,2352,234,523,4,11,30,47,130,292,459,672,815,760,310,48
304.0,Central West,Qld,2020,50,48,2,1,28,22,2,1,0,0,0,2,2,4,6,9,18,7,2,0
305.0,Darling Downs,Qld,2020,2329,2257,72,20,830,1499,101,180,6,7,12,41,75,170,243,474,557,519,192,33
306.0,Far North,Qld,2020,1826,1743,83,170,707,1119,243,195,5,7,25,40,113,154,259,344,393,357,111,18
307.0,Fitzroy,Qld,2020,1361,1342,19,35,478,883,51,81,4,4,7,26,45,102,174,265,338,260,121,15
308.0,Logan River Valley,Qld,2020,2045,1979,66,58,746,1299,314,375,3,9,12,41,104,211,281,374,466,367,163,14
309.0,Mackay,Qld,2020,792,778,14,12,269,523,55,57,1,0,10,13,29,67,88,153,195,175,53,8
310.0,North West,Qld,2020,56,55,1,10,19,37,7,1,0,1,1,0,1,7,16,14,9,6,1,0
311.0,Northern,Qld,2020,1773,1725,48,71,603,1170,158,137,5,2,15,30,62,153,205,337,452,360,134,18
312.0,South Coast,Qld,2020,4856,4736,120,28,1710,3146,633,945,9,16,27,70,190,351,554,901,1131,1083,459,65
313.0,South West,Qld,2020,169,156,13,16,63,106,1,4,0,1,0,4,4,23,27,28,39,25,16,1
314.0,Sunshine Coast,Qld,2020,4166,3961,205,28,1457,2709,343,644,8,9,24,48,136,292,499,710,1034,975,372,59
315.0,West Moreton,Qld,2020,1182,1147,35,19,403,779,65,117,3,1,8,20,54,90,148,223,272,265,83,15
316.0,Wide Bay,Qld,2020,2290,2193,97,42,819,1471,122,228,1,7,16,33,77,165,307,426,554,481,203,20
401.0,Eyre Peninsula,SA,2020,273,253,20,4,95,178,26,52,1,5,2,8,11,14,31,67,56,52,24,2
402.0,"Hills, Mallee & Southern",SA,2020,1411,1355,56,6,449,962,111,217,0,3,6,11,33,91,146,235,340,345,173,28
403.0,Metropolitan East,SA,2020,2744,2629,115,3,818,1926,591,312,1,2,14,23,69,140,260,397,678,762,339,59
404.0,Metropolitan North,SA,2020,3230,3084,146,19,1091,2139,668,727,5,3,18,42,123,263,380,579,803,692,278,44
405.0,Metropolitan South,SA,2020,3857,3720,137,13,1203,2654,453,686,4,4,16,50,132,234,389,573,922,986,472,75
406.0,Metropolitan West,SA,2020,2703,2574,129,16,932,1771,925,252,3,4,14,37,100,173,241,475,688,617,301,50
407.0,Mid North,SA,2020,326,313,13,2,99,227,13,16,0,3,1,6,9,22,36,66,76,71,31,5
408.0,Riverland,SA,2020,373,359,14,2,127,246,43,26,1,1,1,9,16,37,41,74,82,84,25,2
409.0,South East,SA,2020,612,579,33,3,186,426,39,40,0,1,3,4,20,48,69,104,155,151,48,9
410.0,Flinders & Far North,SA,2020,100,93,7,10,36,64,4,8,0,0,1,1,3,10,13,17,30,20,4,1
411.0,"Yorke, Lower North & Barossa",SA,2020,1253,1184,69,9,395,858,58,151,5,3,8,14,42,86,134,221,275,318,126,21
501.0,Goldfields,WA,2020,209,207,2,34,65,144,19,25,0,3,2,5,8,30,32,38,44,33,14,0
502.0,Great Southern,WA,2020,400,392,8,5,122,278,36,79,0,1,3,6,11,25,54,73,90,95,35,7
503.0,Kimberley,WA,2020,102,91,11,75,46,56,2,2,4,6,3,9,10,12,13,19,12,8,6,0
504.0,Metropolitan East,WA,2020,2363,2323,40,18,835,1528,585,526,2,6,15,49,128,205,292,424,525,488,201,28
505.0,Metropolitan North,WA,2020,4499,4434,65,13,1431,3068,966,1027,2,8,15,42,133,275,438,802,1094,1095,517,78
506.0,Metropolitan South East,WA,2020,3209,3157,52,41,1074,2135,618,805,2,5,22,48,115,229,345,593,803,677,318,52
507.0,Metropolitan South West,WA,2020,3674,3588,86,15,1182,2492,621,891,2,6,20,34,114,183,423,655,937,870,367,63
508.0,Mid West,WA,2020,267,267,0,18,97,170,29,33,1,1,1,4,10,14,43,56,59,55,20,3
509.0,Pilbara,WA,2020,59,57,2,44,32,27,0,3,2,3,5,9,11,7,4,11,2,3,2,0
510.0,South West,WA,2020,1127,1092,35,12,352,775,102,236,4,2,8,11,26,67,112,201,286,288,106,16
511.0,Wheatbelt,WA,2020,301,293,8,13,107,194,19,39,0,0,1,4,9,21,39,70,64,69,23,1
601.0,North Western,Tas,2020,1040,1020,20,13,340,700,43,107,5,11,5,19,24,73,104,217,247,236,87,12
602.0,Northern,Tas,2020,1348,1308,40,9,470,878,78,141,1,3,8,17,46,113,149,263,314,301,120,13
603.0,Southern,Tas,2020,2172,2127,45,20,717,1455,199,262,3,4,11,29,94,166,259,369,509,498,201,29
701.0,Alice Springs,NT,2020,155,134,21,98,46,109,10,6,1,1,6,13,11,25,24,28,27,12,5,2
703.0,Darwin,NT,2020,323,311,12,68,129,194,63,41,0,1,7,7,27,46,41,69,61,48,11,5
705.0,Katherine,NT,2020,50,44,6,29,30,20,2,3,0,1,4,4,6,10,10,6,6,2,1,0
801.0,ACT,ACT,2020,2289,2252,37,8,767,1522,483,301,0,0,5,13,78,173,252,440,542,524,232,30
101,Central Coast,NSW,2022,3293,3124,169,37,1072,2221,281,415,1,2,17,30,98,203,403,582,795,764,341,57
102,Central West,NSW,2022,1817,1745,72,51,679,1138,98,102,4,10,25,30,81,159,202,329,408,391,154,24
103,Far North Coast,NSW,2022,3195,3088,107,47,1139,2056,175,328,4,7,15,33,115,212,371,545,735,743,349,66
104,Hunter,NSW,2022,5720,5541,179,72,1932,3788,406,433,8,6,19,47,164,379,731,1058,1347,1295,557,109
105,Illawarra,NSW,2022,3830,3727,103,48,1315,2515,697,470,3,3,18,35,111,275,479,680,942,878,349,57
106,Inner West,NSW,2022,3516,3344,172,20,1310,2206,1818,215,4,5,17,48,129,282,406,614,879,745,326,61
107,Mid North Coast,NSW,2022,3731,3545,186,84,1317,2414,217,359,4,10,22,48,121,266,429,680,849,835,393,74
108,Nepean,NSW,2022,2125,2042,83,28,684,1441,351,305,2,1,10,15,80,179,310,418,494,386,200,30
109,New England,NSW,2022,1479,1406,73,45,507,972,39,77,1,3,8,21,52,110,151,291,392,305,124,21
110,Northern Sydney,NSW,2022,7507,7107,400,8,2405,5102,1653,896,4,5,13,36,165,411,716,1248,1732,1965,1033,179
111,Orana Far West,NSW,2022,1295,1226,69,51,427,868,49,54,0,2,5,18,43,112,168,266,318,249,104,10
112,Riverina/Murray,NSW,2022,2539,2414,125,31,864,1675,185,140,0,2,8,35,76,175,287,466,618,577,253,41
113,South East Sydney,NSW,2022,7434,6972,462,38,2576,4858,2260,649,10,9,26,59,230,469,792,1265,1752,1775,865,182
114,South West Sydney,NSW,2022,6353,6034,319,44,2220,4133,2617,514,2,6,16,44,207,503,791,1204,1514,1409,557,100
115,Southern Highlands,NSW,2022,1857,1766,91,23,614,1243,183,169,2,2,11,25,50,117,202,364,443,420,195,26
116,Western Sydney,NSW,2022,5403,5123,280,44,1898,3505,2132,434,9,12,25,44,197,393,721,974,1299,1128,523,78
201,Barwon-South Western,Vic,2022,4294,4157,137,15,1371,2923,526,417,4,7,22,44,127,289,475,732,1052,1031,446,65
202,Eastern Metro,Vic,2022,10026,9630,396,14,3193,6833,2820,1034,16,15,44,81,220,523,958,1764,2510,2579,1124,192
203,Gippsland,Vic,2022,2859,2706,153,22,1019,1840,318,361,10,16,31,41,106,242,331,468,693,638,227,56
204,Grampians,Vic,2022,2493,2415,78,8,794,1699,173,206,2,7,15,27,77,193,249,408,612,584,276,43
205,Hume,Vic,2022,2723,2584,139,8,928,1795,245,194,4,3,14,23,85,149,313,506,629,665,293,39
206,Loddon-Mallee,Vic,2022,3387,3278,109,19,1143,2244,192,189,5,10,13,36,112,231,334,584,853,764,384,61
207,Northern Metro,Vic,2022,6048,5765,283,15,2064,3984,2560,424,2,15,32,79,210,457,690,1062,1510,1376,535,80
208,Southern Metro,Vic,2022,11610,11258,352,24,3940,7670,3172,1564,14,15,44,95,362,802,1327,2073,2764,2720,1176,218
209,Western Metro,Vic,2022,5061,4851,210,20,1737,3324,2287,421,12,17,32,80,223,374,624,905,1178,1084,456,76
301,Brisbane North,Qld,2022,4138,4026,112,20,1369,2769,483,447,4,2,8,38,129,305,497,715,965,929,468,78
302,Brisbane South,Qld,2022,6108,5888,220,41,2057,4051,993,845,2,3,20,44,193,435,742,1132,1486,1359,590,102
303,Cabool,Qld,2022,3844,3730,114,31,1346,2498,252,593,0,7,13,31,134,318,535,736,883,821,315,51
304,Central West,Qld,2022,57,54,3,2,34,23,1,2,0,0,1,3,4,2,10,10,17,7,3,0
305,Darling Downs,Qld,2022,2555,2453,102,44,873,1682,111,186,4,7,4,21,88,173,338,494,615,559,225,27
306,Far North,Qld,2022,1934,1820,114,195,751,1183,246,212,2,5,17,35,113,173,268,392,410,339,157,23
307,Fitzroy,Qld,2022,1309,1275,34,34,474,835,53,92,3,3,1,16,51,83,181,270,317,271,97,16
308,Logan River Valley,Qld,2022,2281,2196,85,68,830,1451,338,406,1,2,11,19,113,224,374,445,504,407,157,24
309,Mackay,Qld,2022,899,885,14,13,296,603,71,71,1,0,1,8,30,64,118,183,240,176,66,12
310,North West,Qld,2022,54,53,1,13,23,31,5,1,0,0,1,1,0,6,13,14,12,5,2,0
311,Northern,Qld,2022,1729,1679,50,83,599,1130,141,115,3,5,6,14,59,143,236,377,397,336,135,18
312,South Coast,Qld,2022,4969,4809,160,25,1790,3179,657,970,3,8,14,42,145,362,671,925,1159,1068,492,80
313,South West,Qld,2022,161,156,5,13,54,107,1,5,0,1,0,0,4,16,31,31,29,30,16,3
314,Sunshine Coast,Qld,2022,4254,4068,186,27,1537,2717,344,677,3,5,14,24,124,282,513,763,1041,984,432,69
315,West Moreton,Qld,2022,1238,1201,37,16,440,798,66,123,0,1,3,7,48,105,161,239,289,260,111,14
316,Wide Bay,Qld,2022,2342,2257,85,50,809,1533,141,245,0,4,7,22,81,151,314,461,558,508,210,26
401,Eyre Peninsula,SA,2022,236,222,14,4,85,151,19,35,0,1,2,5,7,11,29,56,49,50,24,2
402,"Hills, Mallee & Southern",SA,2022,1381,1314,67,12,450,931,115,219,0,1,5,8,34,75,159,229,331,340,167,32
403,Metropolitan East,SA,2022,2705,2562,143,3,853,1852,594,326,0,2,4,13,56,144,257,438,634,709,382,66
404,Metropolitan North,SA,2022,3162,2965,197,25,1072,2090,608,717,1,5,7,27,127,263,393,602,725,694,272,46
405,Metropolitan South,SA,2022,3751,3557,194,11,1222,2529,437,664,2,3,8,24,102,262,437,585,840,904,479,105
406,Metropolitan West,SA,2022,2591,2458,133,15,886,1705,880,238,2,2,7,23,83,184,280,460,604,625,270,51
407,Mid North,SA,2022,302,288,14,2,112,190,19,21,0,1,1,4,13,23,26,59,63,72,29,11
408,Riverland,SA,2022,361,339,22,4,130,231,35,22,1,1,2,7,14,27,42,62,81,72,43,9
409,South East,SA,2022,608,583,25,5,187,421,39,43,0,1,1,3,16,44,75,116,158,121,63,10
410,Flinders & Far North,SA,2022,94,84,10,5,40,54,11,11,0,0,0,1,4,10,18,16,26,13,6,0
411,"Yorke, Lower North & Barossa",SA,2022,1252,1196,56,11,409,843,51,146,3,3,5,7,38,84,154,227,311,284,116,20
501,Goldfields,WA,2022,181,179,2,25,61,120,13,26,0,1,4,1,7,18,30,36,37,27,17,3
502,Great Southern,WA,2022,396,393,3,5,131,265,29,88,0,0,2,8,14,25,47,80,93,81,42,4
503,Kimberley,WA,2022,107,104,3,76,47,60,4,2,0,5,4,6,13,14,16,19,16,7,6,1
504,Metropolitan East,WA,2022,2497,2449,48,19,897,1600,606,526,1,2,8,53,103,221,325,460,534,533,223,34
505,Metropolitan North,WA,2022,4710,4642,68,16,1515,3195,991,1095,1,4,17,19,120,301,479,815,1152,1152,553,97
506,Metropolitan South East,WA,2022,3380,3311,69,56,1159,2221,671,805,1,3,18,31,110,244,422,645,772,757,322,55
507,Metropolitan South West,WA,2022,3886,3830,56,21,1253,2633,643,965,0,2,9,24,117,236,408,783,903,921,410,73
508,Mid West,WA,2022,274,273,1,13,94,180,20,36,0,0,1,3,5,27,32,55,73,56,19,3
509,Pilbara,WA,2022,58,55,3,41,33,25,1,5,1,3,6,10,7,7,7,12,2,3,0,0
510,South West,WA,2022,1102,1085,17,13,339,763,96,224,0,4,5,12,30,59,110,201,282,282,97,20
511,Wheatbelt,WA,2022,276,266,10,14,100,176,19,35,0,0,1,1,9,31,33,58,64,52,23,4
601,North Western,Tas,2022,1085,1069,16,17,375,710,51,98,3,2,8,17,27,71,133,224,282,206,101,11
602,Northern,Tas,2022,1378,1330,48,11,477,901,93,146,0,2,3,8,64,99,187,225,341,299,125,25
603,Southern,Tas,2022,2119,2059,60,22,713,1406,198,292,0,6,7,15,81,167,260,387,509,479,177,31
701,Alice Springs,NT,2022,145,116,29,93,55,90,10,7,1,2,7,12,13,28,18,22,22,14,5,1
703,Darwin,NT,2022,321,305,16,63,136,185,59,52,0,0,1,5,22,46,62,52,63,55,11,4
705,Katherine,NT,2022,48,45,3,29,26,22,1,1,0,0,3,5,5,8,9,3,11,1,2,1
801,ACT,ACT,2022,2335,2273,62,8,765,1570,484,310,0,0,3,5,59,164,274,423,598,512,265,32
101,Central Coast,NSW,2023,3387,3216,171,37,1156,2231,320,411,0,0,11,24,85,225,425,618,856,740,338,65
102,Central West,NSW,2023,1800,1727,73,54,666,1134,87,98,1,5,17,21,79,146,231,337,438,342,161,22
103,Far North Coast,NSW,2023,3075,2987,88,46,1112,1963,174,309,2,6,7,20,90,184,360,546,760,709,332,59
104,Hunter,NSW,2023,5759,5570,189,77,1931,3827,404,442,5,5,11,38,162,393,769,1033,1452,1272,521,98
105,Illawarra,NSW,2023,3832,3729,103,57,1317,2515,670,462,0,1,11,25,102,289,443,717,997,836,367,44
106,Inner West,NSW,2023,3599,3424,175,19,1351,2247,1890,217,1,6,9,30,112,274,452,619,913,769,354,60
107,Mid North Coast,NSW,2023,3808,3617,191,87,1332,2476,222,375,3,7,19,35,106,271,459,731,895,817,401,64
108,Nepean,NSW,2023,2260,2186,74,25,781,1479,364,297,1,0,4,9,79,196,363,442,504,426,199,37
109,New England,NSW,2023,1401,1336,65,45,481,920,45,67,0,1,6,13,44,101,159,267,376,287,123,24
110,Northern Sydney,NSW,2023,7647,7301,346,16,2472,5174,1737,897,0,2,14,26,140,395,776,1292,1837,1940,1027,198
111,Orana Far West,NSW,2023,1297,1223,74,58,443,854,41,53,0,2,2,17,43,94,188,258,323,247,111,12
112,Riverina/Murray,NSW,2023,2633,2484,149,33,925,1707,192,146,0,2,4,22,85,189,304,471,698,564,260,34
113,South East Sydney,NSW,2023,7499,7051,448,49,2646,4853,2316,675,6,6,20,45,206,484,857,1296,1809,1743,860,167
114,South West Sydney,NSW,2023,6590,6251,339,52,2359,4231,2786,486,1,4,10,36,219,502,879,1286,1633,1365,547,108
115,Southern Highlands,NSW,2023,1907,1792,115,23,668,1239,180,173,2,2,11,14,45,123,245,343,480,428,186,28
116,Western Sydney,NSW,2023,5425,5105,320,49,1888,3537,2169,439,6,11,16,40,149,398,751,1056,1282,1133,500,83
201,Barwon-South Western,Vic,2023,4267,4081,186,19,1386,2881,517,399,1,5,14,30,141,299,493,733,1039,969,478,65
202,Eastern Metro,Vic,2023,10310,9837,473,15,3364,6946,2922,1020,10,12,31,59,208,525,1078,1875,2604,2531,1189,188
203,Gippsland,Vic,2023,2893,2718,175,26,1018,1875,301,359,4,11,30,36,97,231,374,497,672,643,252,46
204,Grampians,Vic,2023,2484,2397,87,11,853,1631,191,185,2,5,9,23,65,185,275,417,602,573,280,48
205,Hume,Vic,2023,2757,2628,129,10,953,1804,241,202,3,0,11,19,78,170,306,493,715,631,285,46
206,Loddon-Mallee,Vic,2023,3446,3315,131,21,1156,2289,213,162,5,6,7,27,102,213,380,598,869,824,362,53
207,Northern Metro,Vic,2023,6100,5816,284,15,2090,4009,2632,417,0,8,31,52,199,450,773,1061,1527,1343,575,81
208,Southern Metro,Vic,2023,12059,11526,533,23,4116,7943,3238,1561,9,13,30,83,361,832,1440,2135,2891,2759,1277,229
209,Western Metro,Vic,2023,5341,5097,244,19,1849,3491,2370,430,7,12,21,59,195,421,698,1003,1274,1081,487,83
301,Brisbane North,Qld,2023,4326,4165,161,26,1446,2880,505,475,2,2,6,21,120,327,530,820,1030,946,452,70
302,Brisbane South,Qld,2023,6330,6074,256,47,2170,4160,1025,839,2,0,12,30,198,452,827,1208,1520,1391,601,89
303,Cabool,Qld,2023,3925,3811,114,42,1413,2511,277,624,0,4,5,27,130,322,575,768,922,797,309,66
304,Central West,Qld,2023,50,47,3,2,27,23,0,3,0,0,0,1,4,5,6,10,12,11,1,0
305,Darling Downs,Qld,2023,2641,2555,86,40,896,1745,117,180,2,4,7,12,85,196,347,516,661,539,239,33
306,Far North,Qld,2023,2001,1876,125,198,799,1202,255,218,0,3,13,32,103,197,304,407,430,331,158,23
307,Fitzroy,Qld,2023,1313,1279,34,35,473,840,49,93,3,2,3,12,45,84,191,253,323,283,103,11
308,Logan River Valley,Qld,2023,2353,2277,76,71,859,1494,343,420,0,3,6,17,99,261,413,470,502,398,159,25
309,Mackay,Qld,2023,879,854,25,17,300,579,63,69,1,0,1,5,28,59,117,168,223,195,71,11
310,North West,Qld,2023,50,50,0,10,22,28,7,3,0,0,0,1,0,5,11,13,14,4,2,0
311,Northern,Qld,2023,1737,1697,40,69,610,1127,136,116,0,2,3,7,58,135,272,376,402,344,122,16
312,South Coast,Qld,2023,4935,4793,142,24,1718,3217,646,928,2,2,6,25,117,352,706,920,1154,1054,514,83
313,South West,Qld,2023,139,133,6,10,51,88,1,5,0,1,0,0,4,10,29,21,30,27,14,3
314,Sunshine Coast,Qld,2023,4417,4225,192,36,1620,2797,331,743,3,2,8,10,116,305,553,813,1100,997,438,72
315,West Moreton,Qld,2023,1250,1224,26,23,439,811,66,112,0,0,0,4,41,103,174,263,295,241,116,13
316,Wide Bay,Qld,2023,2511,2442,69,46,864,1647,165,268,0,2,7,9,68,170,343,530,626,496,229,31
401,Eyre Peninsula,SA,2023,247,241,6,4,88,159,20,33,0,0,4,4,9,12,31,52,56,53,22,4
402,"Hills, Mallee & Southern",SA,2023,1383,1291,92,14,478,904,97,213,0,1,2,7,29,58,181,224,335,339,165,42
403,Metropolitan East,SA,2023,2772,2627,145,5,864,1908,614,324,0,3,3,6,56,139,276,455,622,762,381,69
404,Metropolitan North,SA,2023,3236,3031,205,33,1120,2115,605,707,0,2,7,19,114,270,432,604,759,714,272,43
405,Metropolitan South,SA,2023,3825,3631,194,14,1220,2605,456,628,0,1,3,11,102,269,463,646,832,902,506,90
406,Metropolitan West,SA,2023,2667,2507,160,15,903,1763,895,222,3,2,5,15,82,166,298,475,630,636,306,49
407,Mid North,SA,2023,313,297,16,1,101,212,15,17,0,0,2,3,8,19,24,64,81,75,31,6
408,Riverland,SA,2023,351,333,18,3,126,225,36,14,0,1,0,5,16,28,51,51,74,64,45,16
409,South East,SA,2023,619,582,37,6,200,419,45,39,0,0,0,3,10,38,76,112,162,142,67,9
410,Flinders & Far North,SA,2023,94,80,14,5,39,55,10,4,0,0,0,1,4,8,14,21,26,13,7,0
411,"Yorke, Lower North & Barossa",SA,2023,1297,1241,56,11,447,849,50,149,2,2,2,7,32,87,171,228,318,296,130,22
501,Goldfields,WA,2023,149,148,1,17,57,92,6,21,0,1,2,1,6,12,27,29,38,22,8,3
502,Great Southern,WA,2023,390,381,9,4,122,268,32,86,0,0,2,4,10,25,47,81,93,75,47,6
503,Kimberley,WA,2023,103,100,3,78,48,55,4,4,0,1,3,6,13,14,15,21,17,9,1,3
504,Metropolitan East,WA,2023,2688,2641,47,26,970,1718,610,551,0,2,5,36,98,241,357,491,636,524,252,46
505,Metropolitan North,WA,2023,4800,4699,101,15,1547,3253,1010,1048,1,2,11,19,110,321,547,834,1155,1153,549,98
506,Metropolitan South East,WA,2023,3409,3341,68,56,1209,2199,678,833,1,2,11,23,108,259,463,629,806,712,334,61
507,Metropolitan South West,WA,2023,4165,4046,119,21,1365,2800,691,1001,0,1,7,18,107,263,415,843,993,1000,443,75
508,Mid West,WA,2023,279,279,0,12,94,185,22,35,0,0,1,3,3,19,37,57,79,60,15,5
509,Pilbara,WA,2023,49,48,1,37,27,22,1,2,1,1,5,7,5,8,7,12,1,2,0,0
510,South West,WA,2023,1143,1122,21,11,367,776,102,217,0,2,4,10,33,75,129,221,300,252,96,21
511,Wheatbelt,WA,2023,271,259,12,20,105,166,13,31,0,0,1,1,11,26,41,43,71,51,24,2
601,North Western,Tas,2023,1087,1037,50,21,379,708,46,98,2,2,4,10,41,72,133,206,278,212,108,19
602,Northern,Tas,2023,1374,1341,33,12,474,900,90,146,0,1,4,7,45,101,177,247,340,315,121,16
603,Southern,Tas,2023,2137,2070,67,26,707,1430,183,275,0,4,5,13,86,176,295,375,493,491,165,34
701,Alice Springs,NT,2023,151,141,10,84,67,84,9,11,0,0,6,2,16,32,24,24,25,14,7,1
703,Darwin,NT,2023,322,313,9,67,136,186,60,50,0,1,1,5,18,54,59,60,57,52,13,2
705,Katherine,NT,2023,45,40,5,25,25,20,2,1,0,1,2,3,3,8,10,6,7,4,1,0
801,ACT,ACT,2023,2436,2380,56,12,802,1634,508,309,0,0,4,5,52,159,320,473,597,514,278,34
101.0,Central Coast,NSW,2019,3463,0,0,0,0,0,0,0,0,0,0,0,0,0,0,0,0,0,0,47
102.0,Central West,NSW,2019,1858,0,0,0,0,0,0,0,0,0,0,0,0,0,0,0,0,0,0,14
103.0,Far North Coast,NSW,2019,3376,0,0,0,0,0,0,0,0,0,0,0,0,0,0,0,0,0,0,55
104.0,Hunter,NSW,2019,5913,0,0,0,0,0,0,0,0,0,0,0,0,0,0,0,0,0,0,70
105.0,Illawarra,NSW,2019,4010,0,0,0,0,0,0,0,0,0,0,0,0,0,0,0,0,0,0,36
106.0,Inner West,NSW,2019,4016,0,0,0,0,0,0,0,0,0,0,0,0,0,0,0,0,0,0,55
107.0,Mid North Coast,NSW,2019,3891,0,0,0,0,0,0,0,0,0,0,0,0,0,0,0,0,0,0,53
108.0,Nepean,NSW,2019,2045,0,0,0,0,0,0,0,0,0,0,0,0,0,0,0,0,0,0,24
109.0,New England,NSW,2019,1528,0,0,0,0,0,0,0,0,0,0,0,0,0,0,0,0,0,0,16
110.0,Northern Sydney,NSW,2019,8016,0,0,0,0,0,0,0,0,0,0,0,0,0,0,0,0,0,0,152
111.0,Orana Far West,NSW,2019,1293,0,0,0,0,0,0,0,0,0,0,0,0,0,0,0,0,0,0,17
112.0,Riverina/Murray,NSW,2019,2661,0,0,0,0,0,0,0,0,0,0,0,0,0,0,0,0,0,0,36
113.0,South East Sydney,NSW,2019,7593,0,0,0,0,0,0,0,0,0,0,0,0,0,0,0,0,0,0,133
114.0,South West Sydney,NSW,2019,6330,0,0,0,0,0,0,0,0,0,0,0,0,0,0,0,0,0,0,80
115.0,Southern Highlands,NSW,2019,1919,0,0,0,0,0,0,0,0,0,0,0,0,0,0,0,0,0,0,19
116.0,Western Sydney,NSW,2019,5381,0,0,0,0,0,0,0,0,0,0,0,0,0,0,0,0,0,0,69
201.0,Barwon-South Western,VIC,2019,4339,0,0,0,0,0,0,0,0,0,0,0,0,0,0,0,0,0,0,61
202.0,Eastern Metro,VIC,2019,10143,0,0,0,0,0,0,0,0,0,0,0,0,0,0,0,0,0,0,164
203.0,Gippsland,VIC,2019,3034,0,0,0,0,0,0,0,0,0,0,0,0,0,0,0,0,0,0,44
204.0,Grampians,VIC,2019,2393,0,0,0,0,0,0,0,0,0,0,0,0,0,0,0,0,0,0,21
205.0,Hume,VIC,2019,2729,0,0,0,0,0,0,0,0,0,0,0,0,0,0,0,0,0,0,46
206.0,Loddon-Mallee,VIC,2019,3454,0,0,0,0,0,0,0,0,0,0,0,0,0,0,0,0,0,0,44
207.0,Northern Metro,VIC,2019,6684,0,0,0,0,0,0,0,0,0,0,0,0,0,0,0,0,0,0,49
208.0,Southern Metro,VIC,2019,11747,0,0,0,0,0,0,0,0,0,0,0,0,0,0,0,0,0,0,196
209.0,Western Metro,VIC,2019,5456,0,0,0,0,0,0,0,0,0,0,0,0,0,0,0,0,0,0,45
301.0,Brisbane North,QLD,2019,3969,0,0,0,0,0,0,0,0,0,0,0,0,0,0,0,0,0,0,50
302.0,Brisbane South,QLD,2019,5881,0,0,0,0,0,0,0,0,0,0,0,0,0,0,0,0,0,0,80
303.0,Cabool,QLD,2019,3480,0,0,0,0,0,0,0,0,0,0,0,0,0,0,0,0,0,0,50
304.0,Central West,QLD,2019,55,0,0,0,0,0,0,0,0,0,0,0,0,0,0,0,0,0,0,0
305.0,Darling Downs,QLD,2019,2265,0,0,0,0,0,0,0,0,0,0,0,0,0,0,0,0,0,0,30
306.0,Far North,QLD,2019,1768,0,0,0,0,0,0,0,0,0,0,0,0,0,0,0,0,0,0,19
307.0,Fitzroy,QLD,2019,1379,0,0,0,0,0,0,0,0,0,0,0,0,0,0,0,0,0,0,7
308.0,Logan River Valley,QLD,2019,1826,0,0,0,0,0,0,0,0,0,0,0,0,0,0,0,0,0,0,17
309.0,Mackay,QLD,2019,804,0,0,0,0,0,0,0,0,0,0,0,0,0,0,0,0,0,0,7
310.0,North West,QLD,2019,59,0,0,0,0,0,0,0,0,0,0,0,0,0,0,0,0,0,0,0
311.0,Northern,QLD,2019,1691,0,0,0,0,0,0,0,0,0,0,0,0,0,0,0,0,0,0,10
312.0,South Coast,QLD,2019,4736,0,0,0,0,0,0,0,0,0,0,0,0,0,0,0,0,0,0,60
313.0,South West,QLD,2019,178,0,0,0,0,0,0,0,0,0,0,0,0,0,0,0,0,0,0,4
314.0,Sunshine Coast,QLD,2019,4023,0,0,0,0,0,0,0,0,0,0,0,0,0,0,0,0,0,0,45
315.0,West Moreton,QLD,2019,1159,0,0,0,0,0,0,0,0,0,0,0,0,0,0,0,0,0,0,18
316.0,Wide Bay,QLD,2019,2188,0,0,0,0,0,0,0,0,0,0,0,0,0,0,0,0,0,0,18
401.0,Eyre Peninsula,SA,2019,257,0,0,0,0,0,0,0,0,0,0,0,0,0,0,0,0,0,0,5
402.0,"Hills, Mallee & Southern",SA,2019,1399,0,0,0,0,0,0,0,0,0,0,0,0,0,0,0,0,0,0,27
403.0,Metropolitan East,SA,2019,2770,0,0,0,0,0,0,0,0,0,0,0,0,0,0,0,0,0,0,54
404.0,Metropolitan North,SA,2019,3197,0,0,0,0,0,0,0,0,0,0,0,0,0,0,0,0,0,0,27
405.0,Metropolitan South,SA,2019,3876,0,0,0,0,0,0,0,0,0,0,0,0,0,0,0,0,0,0,67
406.0,Metropolitan West,SA,2019,2759,0,0,0,0,0,0,0,0,0,0,0,0,0,0,0,0,0,0,41
407.0,Mid North,SA,2019,344,0,0,0,0,0,0,0,0,0,0,0,0,0,0,0,0,0,0,7
408.0,Riverland,SA,2019,403,0,0,0,0,0,0,0,0,0,0,0,0,0,0,0,0,0,0,6
409.0,South East,SA,2019,617,0,0,0,0,0,0,0,0,0,0,0,0,0,0,0,0,0,0,9
410.0,Flinders & Far North,SA,2019,105,0,0,0,0,0,0,0,0,0,0,0,0,0,0,0,0,0,0,3
411.0,"Yorke, Lower North & Barossa",SA,2019,1267,0,0,0,0,0,0,0,0,0,0,0,0,0,0,0,0,0,0,16
501.0,Goldfields,WA,2019,200,0,0,0,0,0,0,0,0,0,0,0,0,0,0,0,0,0,0,1
502.0,Great Southern,WA,2019,375,0,0,0,0,0,0,0,0,0,0,0,0,0,0,0,0,0,0,5
503.0,Kimberley,WA,2019,118,0,0,0,0,0,0,0,0,0,0,0,0,0,0,0,0,0,0,0
504.0,Metropolitan East,WA,2019,2294,0,0,0,0,0,0,0,0,0,0,0,0,0,0,0,0,0,0,20
505.0,Metropolitan North,WA,2019,4291,0,0,0,0,0,0,0,0,0,0,0,0,0,0,0,0,0,0,75
506.0,Metropolitan South East,WA,2019,3099,0,0,0,0,0,0,0,0,0,0,0,0,0,0,0,0,0,0,60
507.0,Metropolitan South West,WA,2019,3575,0,0,0,0,0,0,0,0,0,0,0,0,0,0,0,0,0,0,55
508.0,Mid West,WA,2019,256,0,0,0,0,0,0,0,0,0,0,0,0,0,0,0,0,0,0,2
509.0,Pilbara,WA,2019,58,0,0,0,0,0,0,0,0,0,0,0,0,0,0,0,0,0,0,0
510.0,South West,WA,2019,1117,0,0,0,0,0,0,0,0,0,0,0,0,0,0,0,0,0,0,8
511.0,Wheatbelt,WA,2019,286,0,0,0,0,0,0,0,0,0,0,0,0,0,0,0,0,0,0,3
601.0,North Western,TAS,2019,1025,0,0,0,0,0,0,0,0,0,0,0,0,0,0,0,0,0,0,11
602.0,Northern,TAS,2019,1329,0,0,0,0,0,0,0,0,0,0,0,0,0,0,0,0,0,0,7
603.0,Southern,TAS,2019,2198,0,0,0,0,0,0,0,0,0,0,0,0,0,0,0,0,0,0,29
701.0,Alice Springs,NT,2019,152,0,0,0,0,0,0,0,0,0,0,0,0,0,0,0,0,0,0,1
703.0,Darwin,NT,2019,318,0,0,0,0,0,0,0,0,0,0,0,0,0,0,0,0,0,0,2
705.0,Katherine,NT,2019,56,0,0,0,0,0,0,0,0,0,0,0,0,0,0,0,0,0,0,0
801.0,ACT,ACT,2019,2299,0,0,0,0,0,0,0,0,0,0,0,0,0,0,0,0,0,0,33
