acpr_code,acpr_name,state,year,n_first_admission,n_repeat_admission,n_permanent,n_respite,n_indigenous,n_male,n_female,n_nesb,n_english_speaking,n_age_0_49,n_age_50_54,n_age_55_59,n_age_60_64,n_age_65_69,n_age_70_74,n_age_75_79,n_age_80_84,n_age_85_89,n_age_90_94,n_age_95_99,n_age_100_plus
101,Central Coast,NSW,2023,2763,840,1573,2030,46,1486,2117,368,439,0,0,0,0,0,0,0,0,0,0,0,52
102,Central West,NSW,2023,1163,295,693,765,43,613,845,68,98,0,0,0,0,0,0,0,0,0,0,0,9
103,Far North Coast,NSW,2023,1870,566,1204,1232,27,1058,1378,152,253,0,0,0,0,0,0,0,0,0,0,0,48
104,Hunter,NSW,2023,3828,959,2540,2247,76,1913,2872,336,416,0,0,0,0,0,0,0,0,0,0,0,41
105,Illawarra,NSW,2023,2310,695,1722,1283,47,1219,1786,473,379,0,0,0,0,0,0,0,0,0,0,0,23
106,Inner West,NSW,2023,2315,737,1246,1806,14,1298,1752,1665,180,0,0,0,0,0,0,0,0,0,0,0,38
107,Mid North Coast,NSW,2023,2894,1097,1563,2428,78,1644,2346,225,379,0,0,0,0,0,0,0,0,0,0,0,49
108,Nepean,NSW,2023,1526,371,972,925,21,799,1098,285,231,0,0,0,0,0,0,0,0,0,0,0,17
109,New England,NSW,2023,891,225,569,547,27,479,637,36,60,0,0,0,0,0,0,0,0,0,0,0,14
110,Northern Sydney,NSW,2023,5511,2219,3302,4428,23,3109,4620,1814,931,0,0,0,0,0,0,0,0,0,0,0,145
111,Orana Far West,NSW,2023,872,345,443,774,72,495,722,40,55,0,0,0,0,0,0,0,0,0,0,0,11
112,Riverina/Murray,NSW,2023,2025,613,1145,1493,39,1117,1518,173,139,0,0,0,0,0,0,0,0,0,0,0,23
113,South East Sydney,NSW,2023,5672,2014,2992,4694,60,3211,4474,2475,735,0,0,0,0,0,0,0,0,0,0,0,106
114,South West Sydney,NSW,2023,4617,1521,2594,3544,58,2634,3504,2688,464,0,0,0,0,0,0,0,0,0,0,0,58
115,Southern Highlands,NSW,2023,1454,489,787,1156,21,854,1089,207,197,0,0,0,0,0,0,0,0,0,0,0,26
116,Western Sydney,NSW,2023,3798,1504,2090,3212,55,2230,3072,2238,397,0,0,0,0,0,0,0,0,0,0,0,69
201,Barwon-South Western,Vic,2023,2883,1348,1734,2497,23,1747,2484,527,381,0,0,0,0,0,0,0,0,0,0,0,41
202,Eastern Metro,Vic,2023,7051,2897,4122,5826,17,3998,5950,3003,964,0,0,0,0,0,0,0,0,0,0,0,145
203,Gippsland,Vic,2023,2243,1057,1251,2049,29,1394,1906,341,390,0,0,0,0,0,0,0,0,0,0,0,25
204,Grampians,Vic,2023,1479,622,1002,1099,9,905,1196,175,168,0,0,0,0,0,0,0,0,0,0,0,31
205,Hume,Vic,2023,1853,966,1155,1664,18,1218,1601,263,177,0,0,0,0,0,0,0,0,0,0,0,32
206,Loddon-Mallee,Vic,2023,2321,826,1448,1699,20,1238,1907,221,177,0,0,0,0,0,0,0,0,0,0,0,23
207,Northern Metro,Vic,2023,4246,1795,2426,3615,18,2410,3629,2841,388,0,0,0,0,0,0,0,0,0,0,0,64
208,Southern Metro,Vic,2023,7848,2973,4859,5962,21,4279,6542,2873,1371,0,0,0,0,0,0,0,0,0,0,0,155
209,Western Metro,Vic,2023,3690,1410,2098,3002,17,2111,2987,2325,405,0,0,0,0,0,0,0,0,0,0,0,46
301,Brisbane North,Qld,2023,2643,664,1623,1684,32,1330,1975,441,416,0,0,0,0,0,0,0,0,0,0,0,25
302,Brisbane South,Qld,2023,4182,1136,2635,2683,37,2221,3097,984,701,0,0,0,0,0,0,0,0,0,0,0,52
303,Cabool,Qld,2023,2360,694,1582,1472,49,1356,1697,233,574,0,0,0,0,0,0,0,0,0,0,0,22
304,Central West,Qld,2023,29,14,17,26,1,15,28,0,2,0,0,0,0,0,0,0,0,0,0,0,0
305,Darling Downs,Qld,2023,1781,528,1096,1213,34,1003,1306,119,160,0,0,0,0,0,0,0,0,0,0,0,10
306,Far North,Qld,2023,1416,691,842,1265,164,1006,1101,294,252,0,0,0,0,0,0,0,0,0,0,0,29
307,Fitzroy,Qld,2023,721,189,573,337,23,383,527,34,55,0,0,0,0,0,0,0,0,0,0,0,6
308,Logan River Valley,Qld,2023,1478,425,953,950,43,816,1087,253,338,0,0,0,0,0,0,0,0,0,0,0,12
309,Mackay,Qld,2023,485,146,337,294,16,278,353,47,48,0,0,0,0,0,0,0,0,0,0,0,0
310,North West,Qld,2023,12,0,8,4,0,7,5,2,3,0,0,0,0,0,0,0,0,0,0,0,0
311,Northern,Qld,2023,981,258,712,527,30,513,726,103,67,0,0,0,0,0,0,0,0,0,0,0,4
312,South Coast,Qld,2023,2868,829,1880,1817,14,1512,2185,469,698,0,0,0,0,0,0,0,0,0,0,0,47
313,South West,Qld,2023,67,17,39,45,11,47,37,1,1,0,0,0,0,0,0,0,0,0,0,0,0
314,Sunshine Coast,Qld,2023,3290,1185,1968,2507,47,2017,2458,334,764,0,0,0,0,0,0,0,0,0,0,0,63
315,West Moreton,Qld,2023,743,218,572,389,17,409,552,46,88,0,0,0,0,0,0,0,0,0,0,0,22
316,Wide Bay,Qld,2023,1781,555,1237,1099,39,1002,1334,152,290,0,0,0,0,0,0,0,0,0,0,0,11
401,Eyre Peninsula,SA,2023,173,85,103,155,2,120,138,24,31,0,0,0,0,0,0,0,0,0,0,0,6
402,"Hills, Mallee & Southern",SA,2023,1012,388,529,871,9,591,809,77,231,0,0,0,0,0,0,0,0,0,0,0,27
403,Metropolitan East,SA,2023,2166,697,1062,1801,4,1081,1781,703,336,0,0,0,0,0,0,0,0,0,0,0,43
404,Metropolitan North,SA,2023,2478,785,1227,2036,28,1425,1837,642,724,0,0,0,0,0,0,0,0,0,0,0,33
405,Metropolitan South,SA,2023,3016,1037,1569,2484,17,1525,2527,537,726,0,0,0,0,0,0,0,0,0,0,0,65
406,Metropolitan West,SA,2023,1992,676,973,1695,11,1123,1545,921,247,0,0,0,0,0,0,0,0,0,0,0,46
407,Mid North,SA,2023,263,68,143,188,4,107,224,12,28,0,0,0,0,0,0,0,0,0,0,0,2
408,Riverland,SA,2023,265,231,234,262,5,206,290,66,24,0,0,0,0,0,0,0,0,0,0,0,12
409,South East,SA,2023,381,222,225,378,1,270,333,46,37,0,0,0,0,0,0,0,0,0,0,0,4
410,Flinders & Far North,SA,2023,90,31,28,93,13,58,63,4,11,0,0,0,0,0,0,0,0,0,0,0,0
411,"Yorke, Lower North & Barossa",SA,2023,978,320,529,769,10,553,743,54,168,0,0,0,0,0,0,0,0,0,0,0,10
501,Goldfields,WA,2023,57,49,65,41,12,58,48,5,16,0,0,0,0,0,0,0,0,0,0,0,0
502,Great Southern,WA,2023,234,42,180,96,2,115,161,33,56,0,0,0,0,0,0,0,0,0,0,0,4
503,Kimberley,WA,2023,52,25,51,26,64,26,51,1,5,0,0,0,0,0,0,0,0,0,0,0,2
504,Metropolitan East,WA,2023,1471,347,1188,630,24,779,1039,435,393,0,0,0,0,0,0,0,0,0,0,0,19
505,Metropolitan North,WA,2023,2398,577,1902,1073,10,1174,1801,686,624,0,0,0,0,0,0,0,0,0,0,0,39
506,Metropolitan South East,WA,2023,1803,482,1405,880,43,1060,1224,474,601,0,0,0,0,0,0,0,0,0,0,0,37
507,Metropolitan South West,WA,2023,2259,575,1787,1047,13,1203,1631,489,665,0,0,0,0,0,0,0,0,0,0,0,19
508,Mid West,WA,2023,105,13,105,13,2,51,67,11,16,0,0,0,0,0,0,0,0,0,0,0,0
509,Pilbara,WA,2023,30,16,15,31,35,16,30,0,1,0,0,0,0,0,0,0,0,0,0,0,0
510,South West,WA,2023,729,128,587,270,1,327,530,79,139,0,0,0,0,0,0,0,0,0,0,0,9
511,Wheatbelt,WA,2023,191,42,130,103,19,129,104,12,29,0,0,0,0,0,0,0,0,0,0,0,0
601,North Western,Tas,2023,731,223,453,501,32,401,553,43,79,0,0,0,0,0,0,0,0,0,0,0,14
602,Northern,Tas,2023,881,394,585,690,7,518,757,97,155,0,0,0,0,0,0,0,0,0,0,0,7
603,Southern,Tas,2023,1303,413,875,841,28,708,1008,165,213,0,0,0,0,0,0,0,0,0,0,0,24
701,Alice Springs,NT,2023,110,52,87,75,100,67,95,10,12,0,0,0,0,0,0,0,0,0,0,0,0
703,Darwin,NT,2023,180,45,119,106,68,85,140,22,33,0,0,0,0,0,0,0,0,0,0,0,4
705,Katherine,NT,2023,29,15,15,29,27,32,12,1,0,0,0,0,0,0,0,0,0,0,0,0,0
801,ACT,ACT,2023,1608,337,1025,920,8,787,1158,439,243,0,0,0,0,0,0,0,0,0,0,0,20
101,Central Coast,NSW,2020,2352,909,1336,1925,41,1381,1880,299,483,3,15,32,43,122,226,404,595,822,733,249,17
102,Central West,NSW,2020,1148,347,686,809,43,643,852,67,60,12,7,12,33,93,116,202,335,362,259,64,0
103,Far North Coast,NSW,2020,2155,989,1259,1885,30,1328,1816,163,377,5,1,16,39,138,245,369,586,795,682,224,44
104,Hunter,NSW,2020,3223,963,2296,1890,40,1788,2398,325,346,3,5,12,44,143,320,612,854,1084,836,251,22
105,Illawarra,NSW,2020,2019,725,1489,1255,39,1154,1590,496,350,1,1,11,40,94,210,373,565,696,598,144,11
106,Inner West,NSW,2020,1900,840,1165,1575,24,1205,1535,1542,138,6,5,17,31,114,232,348,568,710,549,144,16
107,Mid North Coast,NSW,2020,2667,1414,1419,2662,75,1800,2281,263,466,15,9,23,54,170,343,522,835,980,875,221,34
108,Nepean,NSW,2020,1133,332,744,721,11,580,885,260,257,2,2,11,22,71,109,256,327,307,254,95,9
109,New England,NSW,2020,940,369,583,726,49,544,765,23,66,0,1,16,22,46,103,202,328,329,187,66,9
110,Northern Sydney,NSW,2020,4718,1985,2681,4022,7,2622,4081,1459,890,3,4,10,58,175,419,765,1179,1743,1693,591,63
111,Orana Far West,NSW,2020,807,354,509,652,45,483,678,52,38,5,5,6,24,56,109,185,236,299,183,49,4
112,Riverina/Murray,NSW,2020,1613,707,914,1406,26,1018,1302,191,105,2,3,37,31,85,164,284,527,590,441,138,18
113,South East Sydney,NSW,2020,4809,1871,2508,4172,59,2790,3890,2164,583,20,19,55,87,240,444,768,1359,1757,1398,493,40
114,South West Sydney,NSW,2020,3705,1302,2269,2738,34,2102,2905,2032,417,4,12,24,75,216,419,721,1038,1254,920,286,38
115,Southern Highlands,NSW,2020,1302,594,724,1172,18,818,1078,209,183,0,3,18,29,69,167,266,358,468,376,112,30
116,Western Sydney,NSW,2020,3120,1135,1805,2450,32,1752,2503,1687,333,9,5,13,64,197,418,577,842,1082,796,232,20
201,Barwon-South Western,Vic,2020,2453,1258,1660,2051,5,1481,2230,507,367,5,13,32,88,142,241,429,709,1019,801,218,13
202,Eastern Metro,Vic,2020,5449,2349,3622,4176,9,3153,4645,2314,794,15,6,37,70,247,481,906,1598,2204,1623,547,64
203,Gippsland,Vic,2020,2030,1185,1214,2001,44,1314,1901,371,353,14,16,39,57,165,287,414,632,779,635,166,11
204,Grampians,Vic,2020,1341,586,945,982,10,752,1175,134,183,5,7,12,23,72,154,217,400,509,381,140,7
205,Hume,Vic,2020,1711,963,1112,1562,9,1142,1532,304,209,5,6,15,18,101,207,322,590,663,569,159,19
206,Loddon-Mallee,Vic,2020,1822,899,1254,1467,14,1084,1637,212,166,6,4,8,39,110,207,316,587,659,584,175,26
207,Northern Metro,Vic,2020,3470,1516,2357,2629,16,1975,3011,2316,278,7,12,17,62,179,394,576,1017,1425,1001,274,22
208,Southern Metro,Vic,2020,6108,2556,4335,4329,20,3408,5256,2423,1139,7,9,38,97,296,647,1086,1845,2259,1760,558,62
209,Western Metro,Vic,2020,2679,905,1814,1770,13,1426,2158,1684,318,11,13,33,48,151,308,456,778,921,666,183,16
301,Brisbane North,Qld,2020,2269,691,1465,1495,22,1201,1759,413,327,0,3,9,33,127,235,401,600,752,602,184,14
302,Brisbane South,Qld,2020,3090,1058,2008,2140,20,1719,2429,639,593,4,5,14,42,162,331,565,807,1112,804,278,24
303,Cabool,Qld,2020,1887,565,1269,1183,30,1016,1436,155,377,4,5,6,19,129,222,389,526,615,396,133,8
304,Central West,Qld,2020,22,16,10,28,0,20,18,1,2,0,0,0,0,0,3,6,6,19,4,0,0
305,Darling Downs,Qld,2020,1418,516,938,996,26,831,1103,103,165,4,0,5,24,89,174,287,445,469,350,81,6
306,Far North,Qld,2020,1158,511,697,972,155,802,867,249,176,3,19,17,32,114,174,286,357,374,233,58,2
307,Fitzroy,Qld,2020,660,225,514,371,21,388,497,41,60,1,2,3,19,38,98,126,185,224,149,37,3
308,Logan River Valley,Qld,2020,1265,484,858,891,50,753,996,263,334,5,11,7,34,107,210,247,362,419,251,89,7
309,Mackay,Qld,2020,425,183,294,314,11,250,358,52,35,0,0,10,5,30,41,80,140,158,110,32,2
310,North West,Qld,2020,17,4,14,7,3,10,11,4,0,0,0,0,0,1,0,6,6,3,3,2,0
311,Northern,Qld,2020,918,252,682,488,33,468,702,110,100,2,0,5,11,55,111,155,260,278,227,57,9
312,South Coast,Qld,2020,2473,1190,1898,1765,28,1556,2107,538,720,3,10,7,42,131,323,506,764,874,725,239,39
313,South West,Qld,2020,79,23,37,65,9,48,54,2,10,0,0,0,2,9,13,13,24,22,18,1,0
314,Sunshine Coast,Qld,2020,2775,1197,1615,2357,40,1755,2217,347,696,4,4,17,53,183,351,510,782,1027,802,222,17
315,West Moreton,Qld,2020,622,231,456,397,11,351,502,48,115,2,0,5,9,38,94,117,185,181,171,44,7
316,Wide Bay,Qld,2020,1637,567,996,1208,49,962,1242,127,226,2,11,14,43,90,197,346,473,522,374,118,14
401,Eyre Peninsula,SA,2020,247,112,106,253,10,165,194,35,63,1,0,3,8,22,27,48,85,75,60,25,5
402,"Hills, Mallee & Southern",SA,2020,1031,451,522,960,6,597,885,125,231,3,3,2,9,45,98,237,316,374,294,90,11
403,Metropolitan East,SA,2020,1896,706,977,1625,6,956,1646,601,314,0,2,12,18,70,143,303,425,727,637,248,17
404,Metropolitan North,SA,2020,2173,727,1118,1782,21,1228,1672,634,694,1,2,30,35,134,294,383,612,766,508,117,18
405,Metropolitan South,SA,2020,2393,817,1274,1936,12,1330,1880,375,585,0,10,17,42,137,243,407,604,826,695,216,13
406,Metropolitan West,SA,2020,1672,566,839,1399,7,910,1328,819,199,1,2,14,18,57,151,271,483,591,477,158,15
407,Mid North,SA,2020,167,59,93,133,0,85,141,10,12,0,0,0,3,5,17,35,65,51,44,6,0
408,Riverland,SA,2020,250,87,145,192,1,125,212,42,20,0,0,1,7,29,35,34,84,64,65,16,2
409,South East,SA,2020,423,199,204,418,0,261,361,31,59,0,0,0,5,38,50,78,120,184,119,26,2
410,Flinders & Far North,SA,2020,84,27,38,73,9,55,56,1,6,0,0,0,2,8,20,13,24,23,21,0,0
411,"Yorke, Lower North & Barossa",SA,2020,883,358,465,776,11,533,708,67,152,2,9,7,27,54,113,156,278,298,247,43,7
501,Goldfields,WA,2020,103,93,109,87,41,59,137,21,18,0,0,3,5,10,29,36,29,57,15,12,0
502,Great Southern,WA,2020,175,38,153,60,1,93,120,17,51,0,0,3,3,3,19,29,43,45,51,13,4
503,Kimberley,WA,2020,41,90,31,100,99,68,63,3,11,1,7,3,10,16,18,13,32,17,14,0,0
504,Metropolitan East,WA,2020,1022,354,861,515,7,598,778,397,318,2,2,6,21,73,115,169,273,375,248,85,7
505,Metropolitan North,WA,2020,2268,748,1761,1255,10,1200,1816,673,703,1,2,8,34,76,241,358,685,764,614,214,19
506,Metropolitan South East,WA,2020,1559,540,1397,702,22,877,1222,460,476,0,4,17,25,88,177,242,446,539,421,124,16
507,Metropolitan South West,WA,2020,2006,730,1479,1257,12,1116,1620,494,742,0,1,9,29,89,189,421,566,730,506,169,27
508,Mid West,WA,2020,133,74,118,89,15,95,112,8,29,0,2,2,7,6,18,35,54,40,37,6,0
509,Pilbara,WA,2020,42,32,20,54,55,43,31,0,1,0,7,8,3,16,4,15,14,2,5,0,0
510,South West,WA,2020,621,168,420,369,12,331,458,62,168,3,1,4,6,15,60,76,170,207,192,54,1
511,Wheatbelt,WA,2020,178,59,115,122,8,122,115,20,28,0,2,0,1,4,15,36,57,71,43,8,0
601,North Western,Tas,2020,640,191,441,390,20,322,509,36,98,0,2,10,10,30,61,113,178,225,168,34,0
602,Northern,Tas,2020,825,372,522,675,4,482,715,82,134,2,2,6,13,61,104,159,215,359,207,65,4
603,Southern,Tas,2020,1148,502,825,825,17,703,947,161,218,1,7,6,20,103,133,233,332,398,317,92,8
701,Alice Springs,NT,2020,79,91,42,128,112,62,108,12,4,0,8,5,14,9,25,31,29,33,12,1,3
703,Darwin,NT,2020,174,84,111,147,68,102,156,48,27,0,0,3,0,17,37,59,51,47,35,7,2
705,Katherine,NT,2020,23,29,11,41,38,28,24,2,2,0,1,0,4,3,16,11,9,6,0,2,0
801,ACT,ACT,2020,1120,350,852,618,8,621,849,341,215,0,0,0,3,68,120,194,330,374,275,97,9
101,Central Coast,NSW,2021,2381,725,1332,1774,43,1260,1846,217,447,2,4,9,33,115,235,396,610,730,701,237,34
102,Central West,NSW,2021,1040,375,637,778,37,623,792,68,94,3,3,8,18,61,146,215,302,313,252,89,5
103,Far North Coast,NSW,2021,2195,898,1183,1910,51,1379,1714,172,317,5,9,11,32,117,289,383,618,772,639,184,34
104,Hunter,NSW,2021,3412,1022,2278,2156,67,1862,2572,400,376,0,2,5,31,142,389,621,944,1140,878,239,43
105,Illawarra,NSW,2021,1958,601,1340,1219,27,1106,1453,396,368,2,3,1,13,90,192,356,562,638,525,164,13
106,Inner West,NSW,2021,1886,738,1041,1583,17,1194,1430,1419,172,5,1,12,28,106,224,348,580,643,488,176,13
107,Mid North Coast,NSW,2021,2618,1292,1419,2491,73,1629,2281,233,404,9,6,14,31,146,291,484,784,997,838,272,38
108,Nepean,NSW,2021,1315,334,763,886,18,647,1002,273,234,0,1,5,11,67,169,275,358,405,260,94,4
109,New England,NSW,2021,1023,306,602,727,60,592,737,36,65,3,3,3,20,52,122,182,307,331,236,65,5
110,Northern Sydney,NSW,2021,4755,1850,2662,3943,11,2808,3797,1517,794,2,7,4,27,194,397,729,1334,1725,1531,586,69
111,Orana Far West,NSW,2021,832,312,491,653,59,479,665,38,54,0,1,6,19,45,102,190,275,268,172,64,2
112,Riverina/Murray,NSW,2021,1704,630,879,1455,34,1037,1297,192,135,0,0,17,24,115,195,278,512,595,435,140,23
113,South East Sydney,NSW,2021,4686,1858,2468,4076,56,2692,3852,1993,637,11,10,13,57,217,500,814,1226,1651,1506,471,66
114,South West Sydney,NSW,2021,3517,1204,2132,2589,62,1992,2729,1894,391,0,5,7,24,179,438,729,998,1170,881,262,28
115,Southern Highlands,NSW,2021,1337,564,711,1190,43,800,1101,220,169,0,5,1,18,84,156,257,437,441,393,95,14
116,Western Sydney,NSW,2021,3043,1087,1673,2457,32,1669,2461,1559,338,1,3,14,31,181,394,543,866,996,815,254,32
201,Barwon-South Western,Vic,2021,2310,1182,1586,1906,12,1452,2040,395,335,6,0,20,55,131,267,445,691,919,697,242,19
202,Eastern Metro,Vic,2021,5041,2012,3185,3868,7,2906,4147,1963,752,3,0,12,31,181,440,866,1473,1920,1524,565,38
203,Gippsland,Vic,2021,2020,933,1140,1813,35,1236,1717,304,367,6,12,16,29,110,277,406,629,754,536,157,21
204,Grampians,Vic,2021,1382,638,904,1116,4,815,1205,148,149,1,3,11,16,83,167,263,394,505,413,160,4
205,Hume,Vic,2021,1598,908,1082,1424,12,1038,1468,220,187,1,0,3,15,92,168,340,549,604,549,166,19
206,Loddon-Mallee,Vic,2021,1919,789,1211,1497,17,1112,1596,210,172,3,1,7,23,91,278,312,533,717,534,196,13
207,Northern Metro,Vic,2021,2820,1247,1925,2142,16,1627,2440,1844,266,4,1,12,30,158,278,472,822,1127,901,227,35
208,Southern Metro,Vic,2021,5699,2103,3938,3864,20,3161,4641,2192,1060,3,7,24,50,288,571,977,1592,2020,1656,544,70
209,Western Metro,Vic,2021,2327,895,1664,1558,13,1293,1929,1505,254,6,5,18,27,127,278,419,640,853,646,179,24
301,Brisbane North,Qld,2021,2187,658,1362,1483,16,1219,1626,354,326,0,1,7,21,128,230,355,600,708,589,184,22
302,Brisbane South,Qld,2021,3326,1173,2110,2389,32,1881,2618,732,630,1,4,10,25,183,415,574,917,1203,883,256,28
303,Cabool,Qld,2021,2128,793,1447,1474,18,1274,1647,253,514,0,9,11,19,133,292,445,605,670,539,186,12
304,Central West,Qld,2021,24,18,20,22,3,27,15,0,1,0,0,3,1,1,4,2,9,9,12,1,0
305,Darling Downs,Qld,2021,1660,619,1033,1246,51,941,1338,105,181,1,2,4,14,101,204,367,478,599,377,121,11
306,Far North,Qld,2021,1248,586,746,1088,184,885,949,200,204,3,7,19,40,112,198,305,377,387,297,87,2
307,Fitzroy,Qld,2021,675,239,489,425,7,390,524,24,46,0,0,0,11,58,93,130,171,244,150,49,8
308,Logan River Valley,Qld,2021,1285,492,836,941,26,812,965,259,347,0,1,9,31,89,195,325,371,405,254,85,12
309,Mackay,Qld,2021,553,179,425,307,16,318,414,50,53,2,1,4,8,27,59,132,160,184,120,26,9
310,North West,Qld,2021,19,0,15,4,7,7,12,1,1,0,0,0,1,0,2,4,5,3,3,1,0
311,Northern,Qld,2021,852,283,609,526,54,443,692,93,91,2,0,1,11,46,108,187,244,296,186,49,5
312,South Coast,Qld,2021,2447,1038,1732,1753,15,1491,1994,469,720,0,0,10,20,127,300,522,677,893,692,215,29
313,South West,Qld,2021,84,13,46,51,4,41,56,1,5,1,0,0,0,6,9,12,18,32,17,2,0
314,Sunshine Coast,Qld,2021,3016,1289,1588,2717,36,1960,2345,343,735,5,12,6,27,217,348,644,868,1077,805,264,32
315,West Moreton,Qld,2021,702,222,489,435,7,387,537,55,92,0,0,1,5,31,98,121,196,228,174,63,7
316,Wide Bay,Qld,2021,1587,564,951,1200,38,963,1188,179,226,2,0,4,27,90,193,351,526,465,378,107,8
401,Eyre Peninsula,SA,2021,207,102,91,218,8,145,164,26,48,2,0,0,5,9,22,38,77,89,48,17,2
402,"Hills, Mallee & Southern",SA,2021,956,466,497,925,14,563,859,126,247,0,4,2,7,44,108,184,321,367,276,105,4
403,Metropolitan East,SA,2021,1823,728,909,1642,4,1014,1537,629,288,1,2,5,5,61,155,262,515,626,626,272,21
404,Metropolitan North,SA,2021,2128,767,1092,1803,25,1227,1668,564,722,0,10,5,39,137,259,390,596,719,526,186,28
405,Metropolitan South,SA,2021,2494,913,1308,2099,16,1364,2043,455,587,4,8,4,33,132,311,432,590,820,780,263,30
406,Metropolitan West,SA,2021,1666,627,882,1411,12,887,1406,792,220,2,6,5,18,74,177,263,478,569,510,173,18
407,Mid North,SA,2021,211,69,112,168,0,121,159,26,22,0,1,0,4,18,28,32,72,66,42,15,2
408,Riverland,SA,2021,257,101,142,216,5,172,186,48,21,0,0,1,3,17,33,47,72,76,72,29,8
409,South East,SA,2021,426,206,210,422,2,283,349,58,38,0,1,0,0,18,35,114,148,139,137,36,4
410,Flinders & Far North,SA,2021,77,48,31,94,10,58,67,15,19,3,0,0,0,6,20,21,28,36,10,1,0
411,"Yorke, Lower North & Barossa",SA,2021,865,361,457,769,12,536,690,62,171,2,2,0,17,58,102,158,266,336,214,68,3
501,Goldfields,WA,2021,98,49,79,68,23,65,82,6,17,0,1,1,4,7,13,42,27,25,21,6,0
502,Great Southern,WA,2021,188,38,149,77,7,81,145,13,47,0,2,0,1,9,11,31,58,28,63,21,2
503,Kimberley,WA,2021,50,44,45,49,74,45,49,1,1,1,1,6,7,17,10,9,22,8,12,1,0
504,Metropolitan East,WA,2021,1153,372,912,613,14,661,864,337,337,0,3,7,22,73,148,237,340,348,246,91,10
505,Metropolitan North,WA,2021,2102,649,1689,1062,17,1123,1628,641,631,1,0,6,18,90,201,346,552,746,549,219,23
506,Metropolitan South East,WA,2021,1686,447,1297,836,38,896,1237,443,497,1,4,16,18,88,189,270,407,511,471,141,17
507,Metropolitan South West,WA,2021,2226,753,1562,1417,21,1167,1812,529,720,0,0,5,22,108,212,403,634,751,606,218,20
508,Mid West,WA,2021,108,19,111,16,6,62,65,3,21,0,0,0,2,10,8,12,26,39,28,2,0
509,Pilbara,WA,2021,20,11,16,15,22,16,15,1,1,0,0,3,5,5,4,4,8,0,0,2,0
510,South West,WA,2021,518,157,406,269,7,274,401,69,119,1,0,2,5,18,38,70,151,219,139,26,6
511,Wheatbelt,WA,2021,150,60,95,115,17,113,97,7,22,0,0,3,2,14,20,46,34,42,45,4,0
601,North Western,Tas,2021,672,215,442,445,17,364,523,29,92,0,0,5,8,39,86,134,198,209,158,43,7
602,Northern,Tas,2021,850,356,556,650,11,499,707,74,142,1,0,5,9,68,78,173,243,339,209,73,8
603,Southern,Tas,2021,1222,484,852,854,17,677,1029,135,245,0,6,4,11,79,164,188,332,468,331,111,12
701,Alice Springs,NT,2021,86,98,49,135,103,67,117,7,8,0,5,8,7,21,20,47,26,20,26,4,0
703,Darwin,NT,2021,138,46,95,89,25,91,93,55,17,0,2,2,1,9,20,25,53,36,27,8,1
705,Katherine,NT,2021,40,20,25,35,37,43,17,6,0,0,0,3,5,3,8,14,15,9,0,3,0
801,ACT,ACT,2021,1253,314,891,676,6,636,931,364,219,0,0,2,4,44,126,223,300,417,347,95,9
101,Central Coast,NSW,2022,2244,673,1275,1642,24,1189,1728,288,374,0,0,0,0,0,0,0,0,0,0,0,35
102,Central West,NSW,2022,1060,290,640,710,32,589,761,70,82,0,0,0,0,0,0,0,0,0,0,0,8
103,Far North Coast,NSW,2022,1985,822,1177,1630,48,1226,1581,148,275,0,0,0,0,0,0,0,0,0,0,0,29
104,Hunter,NSW,2022,3278,849,2133,1994,44,1679,2448,332,300,0,0,0,0,0,0,0,0,0,0,0,32
105,Illawarra,NSW,2022,1914,643,1519,1038,41,1029,1528,445,308,0,0,0,0,0,0,0,0,0,0,0,20
106,Inner West,NSW,2022,1797,683,1001,1479,25,1088,1392,1323,125,0,0,0,0,0,0,0,0,0,0,0,12
107,Mid North Coast,NSW,2022,2608,1101,1398,2311,88,1664,2045,191,378,0,0,0,0,0,0,0,0,0,0,0,30
108,Nepean,NSW,2022,1328,325,817,836,25,651,1002,264,267,0,0,0,0,0,0,0,0,0,0,0,7
109,New England,NSW,2022,866,248,554,560,29,453,661,31,60,0,0,0,0,0,0,0,0,0,0,0,5
110,Northern Sydney,NSW,2022,4789,1670,2653,3806,5,2654,3805,1437,805,0,0,0,0,0,0,0,0,0,0,0,99
111,Orana Far West,NSW,2022,815,284,453,646,71,478,621,34,66,0,0,0,0,0,0,0,0,0,0,0,5
112,Riverina/Murray,NSW,2022,1643,597,883,1357,42,924,1316,171,114,0,0,0,0,0,0,0,0,0,0,0,13
113,South East Sydney,NSW,2022,4881,1751,2556,4076,38,2795,3837,2126,527,0,0,0,0,0,0,0,0,0,0,0,71
114,South West Sydney,NSW,2022,3905,1104,2163,2846,31,2163,2846,2013,445,0,0,0,0,0,0,0,0,0,0,0,27
115,Southern Highlands,NSW,2022,1167,463,667,963,22,697,933,156,172,0,0,0,0,0,0,0,0,0,0,0,4
116,Western Sydney,NSW,2022,3381,1048,1782,2647,47,1828,2601,1739,388,0,0,0,0,0,0,0,0,0,0,0,20
201,Barwon-South Western,Vic,2022,2564,1201,1608,2157,11,1519,2246,497,343,0,0,0,0,0,0,0,0,0,0,0,25
202,Eastern Metro,Vic,2022,6115,2280,3685,4710,10,3258,5137,2542,851,0,0,0,0,0,0,0,0,0,0,0,92
203,Gippsland,Vic,2022,2042,922,1100,1864,30,1323,1641,306,401,0,0,0,0,0,0,0,0,0,0,0,20
204,Grampians,Vic,2022,1454,613,972,1095,4,837,1230,174,161,0,0,0,0,0,0,0,0,0,0,0,18
205,Hume,Vic,2022,1596,842,973,1465,13,1082,1356,241,171,0,0,0,0,0,0,0,0,0,0,0,16
206,Loddon-Mallee,Vic,2022,2173,848,1366,1655,21,1325,1696,217,189,0,0,0,0,0,0,0,0,0,0,0,25
207,Northern Metro,Vic,2022,3562,1410,2105,2867,6,1961,3011,2278,357,0,0,0,0,0,0,0,0,0,0,0,38
208,Southern Metro,Vic,2022,6541,2472,4398,4615,15,3730,5283,2410,1244,0,0,0,0,0,0,0,0,0,0,0,92
209,Western Metro,Vic,2022,2977,1030,1801,2206,6,1546,2461,1924,301,0,0,0,0,0,0,0,0,0,0,0,29
301,Brisbane North,Qld,2022,2185,578,1387,1376,9,1151,1612,331,313,0,0,0,0,0,0,0,0,0,0,0,17
302,Brisbane South,Qld,2022,3644,1002,2206,2440,29,1894,2752,802,685,0,0,0,0,0,0,0,0,0,0,0,40
303,Cabool,Qld,2022,2300,681,1533,1448,36,1284,1697,244,507,0,0,0,0,0,0,0,0,0,0,0,12
304,Central West,Qld,2022,34,13,20,27,3,24,23,2,4,0,0,0,0,0,0,0,0,0,0,0,0
305,Darling Downs,Qld,2022,1588,513,960,1141,43,833,1268,83,151,0,0,0,0,0,0,0,0,0,0,0,11
306,Far North,Qld,2022,1246,537,735,1048,162,826,957,219,203,0,0,0,0,0,0,0,0,0,0,0,7
307,Fitzroy,Qld,2022,704,182,482,404,20,396,490,53,64,0,0,0,0,0,0,0,0,0,0,0,5
308,Logan River Valley,Qld,2022,1534,462,977,1019,37,830,1166,254,380,0,0,0,0,0,0,0,0,0,0,0,11
309,Mackay,Qld,2022,458,165,341,282,12,255,368,58,56,0,0,0,0,0,0,0,0,0,0,0,4
310,North West,Qld,2022,16,2,13,5,4,10,8,0,2,0,0,0,0,0,0,0,0,0,0,0,2
311,Northern,Qld,2022,972,276,660,588,58,549,699,110,85,0,0,0,0,0,0,0,0,0,0,0,11
312,South Coast,Qld,2022,2644,921,1700,1865,13,1544,2021,504,680,0,0,0,0,0,0,0,0,0,0,0,26
313,South West,Qld,2022,102,22,58,66,5,57,67,4,3,0,0,0,0,0,0,0,0,0,0,0,1
314,Sunshine Coast,Qld,2022,3057,1123,1751,2429,25,1894,2286,336,685,0,0,0,0,0,0,0,0,0,0,0,36
315,West Moreton,Qld,2022,749,188,503,434,9,412,525,38,122,0,0,0,0,0,0,0,0,0,0,0,8
316,Wide Bay,Qld,2022,1470,471,985,956,33,831,1110,101,223,0,0,0,0,0,0,0,0,0,0,0,13
401,Eyre Peninsula,SA,2022,120,107,88,139,3,95,132,12,30,0,0,0,0,0,0,0,0,0,0,0,1
402,"Hills, Mallee & Southern",SA,2022,903,357,451,809,13,509,751,89,198,0,0,0,0,0,0,0,0,0,0,0,13
403,Metropolitan East,SA,2022,1909,697,966,1640,3,1051,1555,639,333,0,0,0,0,0,0,0,0,0,0,0,27
404,Metropolitan North,SA,2022,2114,672,1055,1731,24,1214,1572,515,712,0,0,0,0,0,0,0,0,0,0,0,19
405,Metropolitan South,SA,2022,2530,847,1236,2141,9,1381,1996,416,573,0,0,0,0,0,0,0,0,0,0,0,45
406,Metropolitan West,SA,2022,1745,629,901,1473,9,985,1389,788,221,0,0,0,0,0,0,0,0,0,0,0,28
407,Mid North,SA,2022,177,64,92,149,0,103,138,15,9,0,0,0,0,0,0,0,0,0,0,0,4
408,Riverland,SA,2022,260,108,142,226,4,157,211,29,23,0,0,0,0,0,0,0,0,0,0,0,3
409,South East,SA,2022,435,218,216,437,0,272,381,66,46,0,0,0,0,0,0,0,0,0,0,0,2
410,Flinders & Far North,SA,2022,68,25,33,60,5,51,42,4,18,0,0,0,0,0,0,0,0,0,0,0,0
411,"Yorke, Lower North & Barossa",SA,2022,873,348,442,779,14,530,691,68,180,0,0,0,0,0,0,0,0,0,0,0,5
501,Goldfields,WA,2022,39,33,35,37,6,47,25,3,6,0,0,0,0,0,0,0,0,0,0,0,0
502,Great Southern,WA,2022,178,29,153,54,1,95,112,15,45,0,0,0,0,0,0,0,0,0,0,0,1
503,Kimberley,WA,2022,28,12,27,13,32,18,22,1,0,0,0,0,0,0,0,0,0,0,0,0,0
504,Metropolitan East,WA,2022,1254,312,999,567,13,686,880,392,344,0,0,0,0,0,0,0,0,0,0,0,12
505,Metropolitan North,WA,2022,2180,586,1750,1016,11,1117,1649,589,633,0,0,0,0,0,0,0,0,0,0,0,26
506,Metropolitan South East,WA,2022,1785,467,1380,872,49,973,1279,455,526,0,0,0,0,0,0,0,0,0,0,0,16
507,Metropolitan South West,WA,2022,2115,561,1563,1113,25,1052,1624,474,676,0,0,0,0,0,0,0,0,0,0,0,28
508,Mid West,WA,2022,113,18,114,17,4,55,76,8,20,0,0,0,0,0,0,0,0,0,0,0,0
509,Pilbara,WA,2022,23,3,17,9,12,15,11,0,4,0,0,0,0,0,0,0,0,0,0,0,0
510,South West,WA,2022,537,120,449,208,5,275,382,48,136,0,0,0,0,0,0,0,0,0,0,0,7
511,Wheatbelt,WA,2022,160,47,114,93,9,67,140,9,19,0,0,0,0,0,0,0,0,0,0,0,1
601,North Western,Tas,2022,653,200,426,427,19,364,489,42,90,0,0,0,0,0,0,0,0,0,0,0,1
602,Northern,Tas,2022,796,357,512,641,12,503,650,89,149,0,0,0,0,0,0,0,0,0,0,0,6
603,Southern,Tas,2022,1182,380,823,739,21,635,927,158,223,0,0,0,0,0,0,0,0,0,0,0,6
701,Alice Springs,NT,2022,64,49,31,82,77,44,69,8,6,0,0,0,0,0,0,0,0,0,0,0,1
703,Darwin,NT,2022,187,38,111,114,49,97,128,43,38,0,0,0,0,0,0,0,0,0,0,0,2
705,Katherine,NT,2022,31,17,16,32,31,26,22,0,0,0,0,0,0,0,0,0,0,0,0,0,0
801,ACT,ACT,2022,1256,298,924,630,9,612,942,310,205,0,0,0,0,0,0,0,0,0,0,0,18
101,Central Coast,NSW,2024,2761,791,1525,2027,71,1504,2048,324,473,0,1,2,21,117,281,499,776,865,677,267,46
102,Central West,NSW,2024,1147,303,634,816,35,627,823,85,79,0,0,9,4,47,107,232,309,368,272,96,6
103,Far North Coast,NSW,2024,2123,576,1315,1384,23,1134,1564,140,299,0,0,3,11,59,187,346,526,725,597,214,31
104,Hunter,NSW,2024,3979,890,2564,2305,65,2004,2865,381,403,0,2,7,15,131,349,723,1015,1249,1018,320,40
105,Illawarra,NSW,2024,2210,594,1510,1294,27,1136,1668,460,372,0,0,1,6,73,198,441,583,721,543,202,36
106,Inner West,NSW,2024,2021,673,1052,1642,21,1160,1533,1574,139,1,3,3,6,96,163,398,526,710,556,205,27
107,Mid North Coast,NSW,2024,3116,1125,1559,2682,85,1828,2411,258,430,3,6,7,34,137,299,581,769,1129,934,310,32
108,Nepean,NSW,2024,1556,336,866,1026,38,783,1109,284,254,0,0,2,5,76,175,279,442,478,314,107,14
109,New England,NSW,2024,1142,329,675,796,62,620,850,36,56,0,1,1,10,51,113,230,312,361,302,84,6
110,Northern Sydney,NSW,2024,5352,1801,2710,4443,10,3026,4127,1769,909,0,0,0,4,131,346,817,1411,1917,1735,689,103
111,Orana Far West,NSW,2024,830,376,471,735,49,484,722,43,61,0,2,1,8,33,86,150,313,322,207,73,11
112,Riverina/Murray,NSW,2024,1875,631,1016,1490,34,1029,1477,159,129,0,0,4,6,87,190,315,549,652,503,188,12
113,South East Sydney,NSW,2024,5472,1871,2690,4653,56,3116,4225,2421,648,2,4,7,27,232,490,994,1433,1960,1562,564,68
114,South West Sydney,NSW,2024,4746,1585,2489,3842,82,2656,3673,2762,464,0,4,3,27,304,575,980,1381,1600,1054,357,45
115,Southern Highlands,NSW,2024,1515,501,816,1200,29,826,1190,211,172,0,0,5,6,72,164,271,416,531,412,134,5
116,Western Sydney,NSW,2024,4058,1337,2049,3346,49,2233,3161,2287,419,2,2,3,16,189,431,833,1132,1419,965,363,40
201,Barwon-South Western,VIC,2024,3232,1569,1846,2955,15,1977,2824,556,423,0,2,1,12,173,349,620,964,1242,1013,387,37
202,Eastern Metro,VIC,2024,7367,3150,3954,6563,23,4140,6375,3327,987,0,5,5,17,259,621,1263,2193,2848,2335,857,114
203,Gippsland,VIC,2024,2179,966,1210,1935,41,1307,1838,352,366,0,8,4,14,128,273,438,688,787,607,175,23
204,Grampians,VIC,2024,1575,586,1051,1110,9,875,1286,177,170,0,0,1,2,59,171,312,457,548,463,136,12
205,Hume,VIC,2024,1812,951,1137,1626,11,1143,1620,268,219,0,4,1,4,73,183,349,569,792,580,181,27
206,Loddon-Mallee,VIC,2024,2191,936,1426,1701,27,1236,1891,202,208,0,1,5,12,90,231,411,725,757,663,205,27
207,Northern Metro,VIC,2024,4532,1967,2449,4050,11,2667,3832,3166,363,0,3,8,9,187,467,889,1354,1811,1334,386,49
208,Southern Metro,VIC,2024,8129,3372,4671,6830,29,4599,6902,3105,1451,1,4,3,44,317,856,1611,2352,2931,2367,903,112
209,Western Metro,VIC,2024,3864,1637,2024,3477,26,2238,3263,2581,402,2,4,9,22,212,498,775,1123,1477,998,336,45
301,Brisbane North,QLD,2024,2595,627,1644,1578,12,1298,1924,387,341,0,0,3,5,99,257,443,696,884,592,208,35
302,Brisbane South,QLD,2024,4212,1083,2444,2851,36,2183,3112,982,690,0,1,4,12,191,422,726,1183,1274,1070,371,41
303,Cabool,QLD,2024,2306,626,1576,1356,23,1199,1733,246,474,0,2,6,5,128,250,477,657,711,482,189,25
304,Central West,QLD,2024,40,39,34,45,1,35,44,0,4,0,0,3,1,2,11,13,10,22,15,2,0
305,Darling Downs,QLD,2024,1551,488,1012,1027,17,873,1166,100,127,0,0,1,6,83,146,332,430,536,375,115,15
306,Far North,QLD,2024,1371,526,768,1129,182,872,1025,270,194,0,4,12,29,99,187,364,396,386,318,96,6
307,Fitzroy,QLD,2024,665,164,560,269,23,364,465,31,71,0,1,1,4,31,82,137,152,212,159,42,8
308,Logan River Valley,QLD,2024,1390,369,863,896,28,724,1035,230,330,0,0,2,5,62,205,350,376,411,244,91,13
309,Mackay,QLD,2024,479,115,357,237,13,234,358,39,40,0,0,0,0,20,49,90,116,172,110,36,1
310,North West,QLD,2024,12,0,4,8,3,8,4,3,2,0,0,0,0,0,4,0,6,1,1,0,0
311,Northern,QLD,2024,947,241,759,429,49,489,699,118,94,0,2,2,6,46,117,200,273,283,199,59,1
312,South Coast,QLD,2024,2718,800,1771,1747,11,1455,2063,524,693,0,0,2,5,101,246,578,760,869,644,289,24
313,South West,QLD,2024,90,26,57,59,6,41,75,5,0,0,0,0,0,4,13,17,25,28,24,4,1
314,Sunshine Coast,QLD,2024,3485,1429,1931,2983,30,2120,2790,373,825,0,1,0,14,142,326,692,1120,1255,1000,331,33
315,West Moreton,QLD,2024,726,143,534,335,13,363,506,59,93,0,0,2,4,33,94,135,184,204,149,57,7
316,Wide Bay,QLD,2024,1480,386,1045,821,48,796,1070,111,205,2,0,1,7,54,184,289,358,519,326,105,21
401,Eyre Peninsula,SA,2024,141,71,84,128,1,107,105,16,24,0,0,0,2,4,27,30,48,57,31,9,4
402,"Hills, Mallee & Southern",SA,2024,1241,354,588,1007,12,683,912,116,274,0,0,2,8,67,125,205,328,369,372,94,25
403,Metropolitan East,SA,2024,1864,618,941,1541,1,918,1563,640,315,0,0,0,2,46,122,326,454,658,567,259,48
404,Metropolitan North,SA,2024,2500,792,1245,2047,28,1389,1903,667,673,0,2,1,6,108,290,531,714,827,579,209,25
405,Metropolitan South,SA,2024,2909,967,1501,2375,16,1506,2370,509,662,0,0,1,11,129,306,556,722,908,824,367,52
406,Metropolitan West,SA,2024,1849,627,901,1575,17,1005,1471,878,199,0,3,7,4,75,172,295,443,720,528,195,34
407,Mid North,SA,2024,211,91,143,159,0,95,207,13,13,0,0,0,0,10,18,37,80,72,62,22,1
408,Riverland,SA,2024,284,88,134,238,0,141,231,20,40,0,0,0,5,10,22,60,71,112,67,23,2
409,South East,SA,2024,411,217,216,412,6,261,367,49,66,2,2,0,0,12,62,94,141,154,128,32,1
410,Flinders & Far North,SA,2024,139,24,65,98,15,56,107,5,14,0,0,0,5,9,11,23,42,49,15,9,0
411,"Yorke, Lower North & Barossa",SA,2024,845,295,432,708,6,469,671,57,139,0,0,0,3,37,74,151,252,295,217,97,14
501,Goldfields,WA,2024,145,52,118,79,25,88,109,9,26,0,0,0,2,9,18,30,48,43,39,8,0
502,Great Southern,WA,2024,236,36,186,86,5,127,145,18,57,0,0,1,1,5,30,32,49,68,57,27,2
503,Kimberley,WA,2024,66,19,46,39,61,34,51,0,3,0,1,5,7,17,19,12,16,7,1,0,0
504,Metropolitan East,WA,2024,1592,361,1214,739,23,861,1092,429,399,0,0,5,4,92,158,245,436,494,357,139,23
505,Metropolitan North,WA,2024,2522,576,1895,1203,10,1259,1838,701,682,0,0,1,9,99,232,429,627,803,628,241,29
506,Metropolitan South East,WA,2024,1800,420,1335,885,38,898,1322,502,509,0,3,6,9,75,204,342,427,565,373,190,26
507,Metropolitan South West,WA,2024,2385,526,1701,1210,21,1200,1711,510,676,0,0,2,7,82,203,407,664,718,612,186,30
508,Mid West,WA,2024,113,12,117,8,4,45,80,6,22,0,0,0,0,3,17,16,33,30,22,3,1
509,Pilbara,WA,2024,36,18,26,28,33,24,30,4,2,0,0,3,2,14,11,9,12,3,0,0,0
510,South West,WA,2024,629,122,531,220,5,301,450,61,162,0,0,0,2,19,35,124,147,212,150,55,7
511,Wheatbelt,WA,2024,182,54,123,113,12,111,125,15,44,0,0,0,1,12,11,38,69,56,33,15,1
601,North Western,TAS,2024,760,278,461,577,26,436,602,52,97,0,0,1,7,26,86,162,219,277,197,60,3
602,Northern,TAS,2024,884,420,569,735,8,528,776,81,142,2,0,3,6,30,120,188,283,362,215,92,3
603,Southern,TAS,2024,1340,487,847,980,35,778,1049,166,216,0,3,1,4,64,155,293,380,442,333,138,14
701,Alice Springs,NT,2024,94,56,82,68,111,47,102,0,4,0,1,4,14,13,22,39,23,25,8,1,0
703,Darwin,NT,2024,163,39,118,84,43,96,106,40,23,0,0,1,8,7,32,33,46,38,31,6,0
705,Katherine,NT,2024,32,25,18,39,41,38,19,3,4,0,0,3,4,6,16,17,6,5,0,0,0
801,ACT,ACT,2024,1459,345,928,876,14,776,1028,389,210,0,0,2,0,54,111,286,356,475,404,100,16
