SA3_CODE_2021,snapshot_year,sa3_name,state,mmm_code,n_facilities,overall_rating,quality_score,residents_exp,staffing,compliance,quality_measures,rn_mins_actual,total_mins_actual
10102,2023,Queanbeyan,NSW,MM1,3,3.333,3.333,3.333,2.667,4.333,3.0,,
10102,2024,Queanbeyan,NSW,MM1,3,4.0,3.833,3.333,3.333,4.667,4.0,44.333,203.667
10102,2025,Queanbeyan,NSW,MM1,3,4.0,3.5,3.667,2.667,4.667,3.0,44.333,223.667
10103,2023,Snowy Mountains,NSW,MM4,2,4.0,3.625,3.5,3.0,4.5,3.5,,
10103,2024,Snowy Mountains,NSW,MM4,2,4.0,3.75,4.0,2.0,4.0,5.0,44.5,233.0
10103,2025,Snowy Mountains,NSW,MM4,2,3.5,3.75,3.5,3.0,4.0,4.5,51.0,215.0
10104,2023,South Coast,NSW,MM5,13,3.727,3.611,3.0,2.667,4.667,4.0,,
10104,2024,South Coast,NSW,MM5,13,3.769,3.75,3.692,2.769,4.846,3.692,39.385,197.231
10104,2025,South Coast,NSW,MM5,13,4.0,3.981,4.231,3.308,4.846,3.538,47.615,213.231
10105,2023,Goulburn - Mulwaree,NSW,MM5,6,3.833,3.667,3.833,3.667,4.167,3.0,,
10105,2024,Goulburn - Mulwaree,NSW,MM5,6,3.667,3.708,3.5,3.333,4.5,3.5,41.0,206.0
10105,2025,Goulburn - Mulwaree,NSW,MM5,6,3.667,3.583,4.0,3.167,4.5,2.667,47.167,216.167
10106,2023,Young - Yass,NSW,MM4,6,3.2,3.694,3.833,3.333,3.8,3.667,,
10106,2024,Young - Yass,NSW,MM4,6,3.667,3.625,3.667,3.333,4.333,3.167,46.667,212.167
10106,2025,Young - Yass,NSW,MM4,6,3.833,3.667,3.667,3.667,4.5,2.833,52.5,223.667
10201,2023,Gosford,NSW,MM1,13,3.333,3.417,3.417,2.231,4.385,3.615,,
10201,2024,Gosford,NSW,MM1,15,3.5,3.518,3.214,2.929,4.571,3.357,42.8,212.6
10201,2025,Gosford,NSW,MM1,16,3.692,3.596,3.462,2.769,4.769,3.385,45.0,215.385
10202,2023,Wyong,NSW,MM1,20,3.1,3.088,3.3,2.15,4.05,2.85,,
10202,2024,Wyong,NSW,MM1,20,3.45,3.4,3.55,2.35,4.35,3.35,39.9,193.7
10202,2025,Wyong,NSW,MM1,20,3.706,3.632,3.588,3.059,4.706,3.176,46.412,215.824
10301,2023,Bathurst,NSW,MM3,6,3.333,3.333,3.5,2.5,4.5,2.833,,
10301,2024,Bathurst,NSW,MM3,6,3.5,3.458,3.0,3.0,4.667,3.167,41.667,202.667
10301,2025,Bathurst,NSW,MM3,6,3.667,3.667,3.167,3.0,4.833,3.667,46.0,205.0
10302,2023,Lachlan Valley,NSW,MM5,8,3.5,3.469,3.75,2.375,4.5,3.25,,
10302,2024,Lachlan Valley,NSW,MM5,10,3.875,3.5,4.0,2.5,4.5,3.0,31.2,156.6
10302,2025,Lachlan Valley,NSW,MM5,8,3.75,3.656,3.625,3.125,4.75,3.125,48.0,219.75
10303,2023,Lithgow - Mudgee,NSW,MM4,7,3.667,3.44,3.714,2.714,4.143,3.167,,
10303,2024,Lithgow - Mudgee,NSW,MM4,7,3.857,3.857,4.143,3.286,4.429,3.571,46.571,207.571
10303,2025,Lithgow - Mudgee,NSW,MM4,7,4.0,3.893,4.429,3.286,4.714,3.143,55.429,223.0
10304,2023,Orange,NSW,MM3,9,3.0,3.222,3.667,2.333,3.333,3.556,,
10304,2024,Orange,NSW,MM3,10,3.9,3.75,3.6,3.9,4.0,3.5,53.4,210.2
10304,2025,Orange,NSW,MM3,10,4.1,4.05,3.7,4.4,4.3,3.8,57.6,221.8
10401,2023,Clarence Valley,NSW,MM3,8,3.625,3.469,3.625,2.0,4.875,3.375,,
10401,2024,Clarence Valley,NSW,MM3,9,3.778,3.667,3.667,2.889,4.667,3.444,40.0,209.0
10401,2025,Clarence Valley,NSW,MM3,9,4.0,3.75,3.75,3.125,4.875,3.25,46.625,218.625
10402,2023,Coffs Harbour,NSW,MM5,13,3.273,3.545,3.273,2.333,4.231,3.833,,
10402,2024,Coffs Harbour,NSW,MM5,13,3.5,3.521,3.667,2.5,4.417,3.5,37.154,220.308
10402,2025,Coffs Harbour,NSW,MM3,12,3.778,3.553,3.8,2.455,4.818,3.0,41.636,224.364
10501,2023,Bourke - Cobar - Coonamble,NSW,MM6,4,4.0,3.875,4.0,3.5,4.5,3.5,,
10501,2024,Bourke - Cobar - Coonamble,NSW,MM6,4,3.5,3.75,4.0,3.5,4.0,3.5,42.75,194.5
10501,2025,Bourke - Cobar - Coonamble,NSW,MM6,3,3.667,3.917,4.0,2.667,4.333,4.667,44.667,194.0
10502,2023,Broken Hill and Far West,NSW,MM3,3,2.667,3.083,3.0,3.333,3.0,3.0,,
10502,2024,Broken Hill and Far West,NSW,MM3,3,3.667,3.917,3.667,4.667,3.667,3.667,52.667,250.333
10502,2025,Broken Hill and Far West,NSW,MM3,3,,,,,,,,
10503,2023,Dubbo,NSW,MM3,13,3.5,3.385,3.615,2.417,3.917,3.417,,
10503,2024,Dubbo,NSW,MM3,13,3.769,3.635,3.923,3.0,4.231,3.385,43.308,221.308
10503,2025,Dubbo,NSW,MM3,12,4.0,3.833,4.417,3.273,4.417,3.167,45.583,208.167
10601,2023,Lower Hunter,NSW,MM3,10,3.7,3.525,3.7,2.3,4.4,3.7,,
10601,2024,Lower Hunter,NSW,MM3,10,3.9,3.775,4.2,2.9,4.7,3.3,42.1,212.8
10601,2025,Lower Hunter,NSW,MM4,8,4.0,4.0,4.167,3.333,4.833,3.667,48.667,226.667
10602,2023,Maitland,NSW,MM1,6,3.5,3.542,3.5,2.833,4.333,3.5,,
10602,2024,Maitland,NSW,MM1,7,3.857,3.643,3.857,3.143,4.571,3.0,46.571,215.571
10602,2025,Maitland,NSW,MM1,7,4.0,3.875,4.167,3.333,4.5,3.5,47.0,216.0
10603,2023,Port Stephens,NSW,MM4,7,3.286,3.25,3.429,2.143,4.286,3.143,,
10603,2024,Port Stephens,NSW,MM4,7,3.571,3.393,3.714,2.429,4.571,2.857,42.143,213.143
10603,2025,Port Stephens,NSW,MM4,7,3.833,3.458,4.167,2.5,4.5,2.667,44.5,225.5
10604,2023,Upper Hunter,NSW,MM4,5,3.6,3.5,4.0,2.2,3.6,4.2,,
10604,2024,Upper Hunter,NSW,MM4,5,3.8,3.65,4.4,2.6,4.2,3.4,45.4,237.6
10604,2025,Upper Hunter,NSW,MM4,5,4.333,4.188,4.5,3.333,4.75,3.333,43.25,169.5
10701,2023,Dapto - Port Kembla,NSW,MM1,8,3.333,3.125,3.333,2.0,4.5,2.667,,
10701,2024,Dapto - Port Kembla,NSW,MM1,9,3.222,3.306,3.333,2.667,4.556,2.667,40.667,209.0
10701,2025,Dapto - Port Kembla,NSW,MM1,9,3.778,3.722,3.667,3.0,4.667,3.556,47.889,219.667
10703,2023,Kiama - Shellharbour,NSW,MM2,7,3.429,3.393,3.857,2.857,3.857,3.0,,
10703,2024,Kiama - Shellharbour,NSW,MM2,7,3.571,3.464,3.286,3.286,3.714,3.571,36.857,213.429
10703,2025,Kiama - Shellharbour,NSW,MM2,7,4.0,3.708,3.667,3.5,4.5,3.167,47.833,223.667
10704,2023,Wollongong,NSW,MM1,10,3.333,3.278,3.778,2.444,4.0,2.889,,
10704,2024,Wollongong,NSW,MM1,11,3.455,3.386,3.455,2.364,4.455,3.273,34.545,197.273
10704,2025,Wollongong,NSW,MM1,11,3.6,3.705,3.545,2.9,4.545,3.727,43.909,228.545
10801,2023,Great Lakes,NSW,MM3,5,3.4,3.4,3.8,2.0,4.0,3.8,,
10801,2024,Great Lakes,NSW,MM3,6,4.0,3.875,4.0,2.4,4.333,4.6,100.333,352.5
10801,2025,Great Lakes,NSW,MM3,6,4.0,4.083,4.167,3.167,4.5,4.5,46.833,215.0
10802,2023,Kempsey - Nambucca,NSW,MM4,9,3.111,3.139,3.444,2.111,4.0,3.0,,
10802,2024,Kempsey - Nambucca,NSW,MM4,9,3.75,3.5,3.625,2.5,4.625,3.25,31.222,183.778
10802,2025,Kempsey - Nambucca,NSW,MM4,9,4.0,3.4,4.0,3.0,4.6,2.0,36.6,168.6
10804,2023,Port Macquarie,NSW,MM3,12,3.5,3.354,3.5,2.0,4.167,3.75,,
10804,2024,Port Macquarie,NSW,MM3,14,3.727,3.705,3.818,2.818,4.455,3.727,60.071,290.643
10804,2025,Port Macquarie,NSW,MM3,14,3.846,3.769,4.154,3.077,4.538,3.308,45.846,213.615
10805,2023,Taree - Gloucester,NSW,MM3,9,3.0,3.111,3.444,1.778,3.778,3.444,,
10805,2024,Taree - Gloucester,NSW,MM3,9,3.333,3.333,3.444,2.222,4.0,3.667,35.778,199.0
10805,2025,Taree - Gloucester,NSW,MM3,9,3.875,3.812,3.75,3.125,4.5,3.875,49.375,211.5
10901,2023,Albury,NSW,MM2,11,3.455,3.432,3.545,2.273,4.364,3.545,,
10901,2024,Albury,NSW,MM2,12,3.917,3.896,4.0,3.833,4.5,3.25,53.75,215.5
10901,2025,Albury,NSW,MM2,12,4.182,4.159,4.182,3.818,4.818,3.818,62.909,229.182
10902,2023,Lower Murray,NSW,MM5,3,3.667,3.583,4.0,1.667,4.333,4.333,,
10902,2024,Lower Murray,NSW,MM5,3,4.0,3.917,4.0,3.667,4.667,3.333,59.0,256.0
10902,2025,Lower Murray,NSW,MM5,3,4.0,3.917,4.333,3.667,4.0,3.667,76.333,248.667
10903,2023,Upper Murray exc. Albury,NSW,MM3,10,3.6,3.45,4.0,2.0,4.5,3.3,,
10903,2024,Upper Murray exc. Albury,NSW,MM3,11,3.9,3.841,4.091,3.0,4.4,3.909,45.545,223.182
10903,2025,Upper Murray exc. Albury,NSW,MM3,10,4.1,4.125,4.3,3.7,4.6,3.9,47.0,227.5
11001,2023,Armidale,NSW,MM3,7,3.571,3.571,3.429,2.714,4.571,3.571,,
11001,2024,Armidale,NSW,MM3,7,3.571,3.679,3.857,2.857,4.571,3.429,42.143,201.429
11001,2025,Armidale,NSW,MM3,7,4.0,3.75,3.857,3.0,4.667,3.333,46.0,212.0
11002,2023,Inverell - Tenterfield,NSW,MM4,7,3.714,3.607,4.0,2.571,4.286,3.571,,
11002,2024,Inverell - Tenterfield,NSW,MM4,9,4.0,3.917,4.222,3.444,4.714,3.444,36.667,225.667
11002,2025,Inverell - Tenterfield,NSW,MM4,9,4.0,3.806,3.889,3.0,4.556,3.778,40.778,232.889
11003,2023,Moree - Narrabri,NSW,MM4,4,3.75,3.75,4.0,3.0,4.5,3.5,,
11003,2024,Moree - Narrabri,NSW,MM4,4,4.25,4.0,4.0,4.5,4.75,2.75,53.25,231.0
11003,2025,Moree - Narrabri,NSW,MM4,4,4.0,4.0,4.0,4.25,4.75,3.0,58.0,234.25
11004,2023,Tamworth - Gunnedah,NSW,MM3,11,3.545,3.386,3.545,2.455,4.091,3.455,,
11004,2024,Tamworth - Gunnedah,NSW,MM3,12,3.636,3.523,4.0,2.455,4.364,3.273,34.667,190.0
11004,2025,Tamworth - Gunnedah,NSW,MM3,11,4.0,3.667,3.667,3.0,4.6,3.4,47.8,216.9
11101,2023,Lake Macquarie - East,NSW,MM1,11,3.4,3.2,3.3,2.2,4.6,2.7,,
11101,2024,Lake Macquarie - East,NSW,MM1,12,3.636,3.477,3.818,2.545,4.636,2.909,45.75,239.25
11101,2025,Lake Macquarie - East,NSW,MM1,12,3.818,3.636,3.727,2.818,4.727,3.273,43.455,216.818
11102,2023,Lake Macquarie - West,NSW,MM1,11,2.909,2.955,3.273,1.818,3.727,3.0,,
11102,2024,Lake Macquarie - West,NSW,MM1,12,3.75,3.542,3.667,2.583,4.167,3.75,39.667,204.5
11102,2025,Lake Macquarie - West,NSW,MM1,12,3.917,3.667,3.917,2.833,4.5,3.417,47.0,218.167
11103,2023,Newcastle,NSW,MM1,22,3.238,3.274,3.19,2.143,4.048,3.714,,
11103,2024,Newcastle,NSW,MM1,22,3.682,3.557,3.864,2.818,4.227,3.318,41.227,203.409
11103,2025,Newcastle,NSW,MM1,22,3.85,3.712,3.8,3.15,4.35,3.55,47.45,217.3
11201,2023,Richmond Valley - Coastal,NSW,MM3,11,3.273,3.227,3.455,2.273,3.909,3.273,,
11201,2024,Richmond Valley - Coastal,NSW,MM3,12,3.545,3.375,3.667,2.273,4.273,3.364,41.833,198.333
11201,2025,Richmond Valley - Coastal,NSW,MM3,12,4.0,3.773,4.0,3.091,4.545,3.455,45.909,210.909
11202,2023,Richmond Valley - Hinterland,NSW,MM4,9,3.444,3.417,3.333,2.333,4.444,3.556,,
11202,2024,Richmond Valley - Hinterland,NSW,MM4,9,3.667,3.722,3.667,3.0,4.556,3.667,40.333,221.667
11202,2025,Richmond Valley - Hinterland,NSW,MM4,9,3.889,3.722,3.889,3.0,4.889,3.111,46.889,226.333
11203,2023,Tweed Valley,NSW,MM1,12,3.417,3.333,3.667,1.917,4.5,3.25,,
11203,2024,Tweed Valley,NSW,MM1,14,3.75,3.667,3.667,2.917,4.667,3.417,41.357,202.929
11203,2025,Tweed Valley,NSW,MM1,14,3.857,3.821,4.0,3.0,4.643,3.643,47.643,216.929
11301,2023,Griffith - Murrumbidgee (West),NSW,MM5,10,3.6,3.425,4.1,2.1,4.3,3.2,,
11301,2024,Griffith - Murrumbidgee (West),NSW,MM5,10,3.9,3.725,3.9,2.9,4.5,3.6,35.6,195.1
11301,2025,Griffith - Murrumbidgee (West),NSW,MM5,10,4.0,3.892,4.1,3.1,4.7,3.556,45.9,222.9
11302,2023,Tumut - Tumbarumba,NSW,MM4,2,3.5,3.375,3.5,3.5,4.5,2.0,,
11302,2024,Tumut - Tumbarumba,NSW,MM4,2,4.0,3.75,3.5,3.5,5.0,3.0,52.5,227.0
11302,2025,Tumut - Tumbarumba,NSW,MM4,2,4.5,4.5,4.0,5.0,5.0,4.0,62.0,242.5
11303,2023,Wagga Wagga,NSW,MM3,16,3.267,3.349,3.688,2.625,3.8,3.312,,
11303,2024,Wagga Wagga,NSW,MM3,16,3.733,3.633,3.8,3.267,4.2,3.267,37.875,204.312
11303,2025,Wagga Wagga,NSW,MM3,16,3.857,3.745,3.938,3.071,4.375,3.5,41.0,196.562
11401,2023,Shoalhaven,NSW,MM3,15,3.4,3.35,3.6,2.533,4.067,3.2,,
11401,2024,Shoalhaven,NSW,MM3,17,3.588,3.529,3.529,2.824,4.471,3.294,41.588,211.412
11401,2025,Shoalhaven,NSW,MM3,16,3.8,3.672,3.75,3.0,4.562,3.333,46.875,212.875
11402,2023,Southern Highlands,NSW,MM3,6,3.333,3.5,3.167,3.167,4.167,3.5,,
11402,2024,Southern Highlands,NSW,MM3,6,3.667,3.875,3.667,3.333,4.167,4.333,41.0,225.833
11402,2025,Southern Highlands,NSW,MM3,6,3.833,3.875,3.667,2.833,4.833,4.167,46.167,211.167
11501,2023,Baulkham Hills,NSW,MM1,12,3.583,3.438,3.583,2.167,4.25,3.75,,
11501,2024,Baulkham Hills,NSW,MM1,17,3.824,3.735,3.706,2.824,4.588,3.824,41.471,205.412
11501,2025,Baulkham Hills,NSW,MM1,17,3.938,3.735,3.765,2.812,4.812,3.688,45.375,218.562
11502,2023,Dural - Wisemans Ferry,NSW,MM1,3,3.333,3.583,3.667,3.667,3.667,3.333,,
11502,2024,Dural - Wisemans Ferry,NSW,MM1,4,3.75,3.812,3.25,3.5,4.25,4.25,44.5,216.25
11502,2025,Dural - Wisemans Ferry,NSW,MM1,4,4.0,3.812,4.25,2.75,4.5,3.75,44.25,223.5
11503,2023,Hawkesbury,NSW,MM2,1,4.0,4.0,5.0,4.0,3.0,4.0,,
11503,2024,Hawkesbury,NSW,MM2,1,4.0,4.0,3.0,5.0,4.0,4.0,55.0,244.0
11503,2025,Hawkesbury,NSW,MM2,1,4.0,4.25,4.0,4.0,4.0,5.0,55.0,226.0
11601,2023,Blacktown,NSW,MM1,9,3.778,3.778,3.667,2.667,4.667,4.111,,
11601,2024,Blacktown,NSW,MM1,9,3.667,3.75,3.111,3.0,4.778,4.111,42.222,206.444
11601,2025,Blacktown,NSW,MM1,9,3.875,3.844,3.375,3.0,4.875,4.125,45.625,220.75
11602,2023,Blacktown - North,NSW,MM1,2,4.0,4.0,5.0,2.0,5.0,4.0,,
11602,2024,Blacktown - North,NSW,MM1,3,4.0,3.833,3.333,3.333,4.667,4.0,50.667,225.333
11602,2025,Blacktown - North,NSW,MM1,3,3.667,3.917,3.667,3.0,4.667,4.333,46.0,223.667
11603,2023,Mount Druitt,NSW,MM1,7,3.714,3.714,4.0,3.143,4.286,3.429,,
11603,2024,Mount Druitt,NSW,MM1,9,3.556,3.556,3.444,2.889,4.444,3.444,41.0,211.556
11603,2025,Mount Druitt,NSW,MM1,9,3.875,3.917,3.778,3.125,4.556,4.111,45.444,220.222
11701,2023,Botany,NSW,MM1,2,3.5,3.125,3.0,2.5,4.0,3.0,,
11701,2024,Botany,NSW,MM1,2,4.0,3.75,4.0,3.0,4.5,3.5,45.5,217.0
11701,2025,Botany,NSW,MM1,2,3.5,3.625,4.0,3.0,4.5,3.0,48.0,225.5
11702,2023,Marrickville - Sydenham - Petersham,NSW,MM1,4,3.5,3.688,3.25,2.25,5.0,4.25,,
11702,2024,Marrickville - Sydenham - Petersham,NSW,MM1,5,4.0,3.8,3.2,2.8,4.8,4.4,40.4,191.6
11702,2025,Marrickville - Sydenham - Petersham,NSW,MM1,5,4.0,4.0,3.8,3.2,4.8,4.2,44.2,208.6
11703,2023,Sydney Inner City,NSW,MM1,8,4.125,4.0,3.0,3.625,4.875,4.5,,
11703,2024,Sydney Inner City,NSW,MM1,9,4.0,4.0,3.333,3.444,4.889,4.333,44.444,193.556
11703,2025,Sydney Inner City,NSW,MM1,9,4.0,3.938,3.375,2.875,5.0,4.5,44.0,196.875
11801,2023,Eastern Suburbs - North,NSW,MM1,13,3.538,3.558,3.231,2.462,4.385,4.154,,
11801,2024,Eastern Suburbs - North,NSW,MM1,14,3.769,3.762,3.385,3.0,4.571,4.071,43.214,202.0
11801,2025,Eastern Suburbs - North,NSW,MM1,14,3.923,3.887,3.5,3.214,4.714,4.154,48.5,223.929
11802,2023,Eastern Suburbs - South,NSW,MM1,13,3.615,3.538,3.385,2.846,4.077,3.846,,
11802,2024,Eastern Suburbs - South,NSW,MM1,14,3.643,3.714,3.429,3.143,4.429,3.857,45.929,210.0
11802,2025,Eastern Suburbs - South,NSW,MM1,14,3.846,3.827,3.538,3.462,4.692,3.615,49.538,222.308
11901,2023,Bankstown,NSW,MM1,14,3.429,3.411,3.286,2.571,3.929,3.857,,
11901,2024,Bankstown,NSW,MM1,16,3.625,3.672,3.312,2.75,4.375,4.25,42.375,211.5
11901,2025,Bankstown,NSW,MM1,17,3.812,3.75,3.562,2.938,4.438,4.062,47.062,232.125
11902,2023,Canterbury,NSW,MM1,10,3.667,3.556,3.333,3.0,4.222,3.667,,
11902,2024,Canterbury,NSW,MM1,11,3.909,3.886,3.818,3.273,4.364,4.091,46.818,220.545
11902,2025,Canterbury,NSW,MM1,11,3.818,3.773,3.818,3.091,4.545,3.636,48.091,221.455
11903,2023,Hurstville,NSW,MM1,15,3.533,3.533,3.267,2.667,4.6,3.6,,
11903,2024,Hurstville,NSW,MM1,16,4.0,3.828,3.625,2.688,4.812,4.188,41.188,205.062
11903,2025,Hurstville,NSW,MM1,16,4.062,3.953,3.5,2.875,4.875,4.562,46.0,222.875
11904,2023,Kogarah - Rockdale,NSW,MM1,18,3.389,3.431,3.278,2.333,4.167,3.944,,
11904,2024,Kogarah - Rockdale,NSW,MM1,19,3.684,3.711,3.632,2.789,4.421,4.0,43.526,206.789
11904,2025,Kogarah - Rockdale,NSW,MM1,19,3.75,3.688,3.5,2.938,4.75,3.562,46.5,220.188
12001,2023,Canada Bay,NSW,MM1,7,3.714,3.607,3.0,3.0,4.714,3.714,,
12001,2024,Canada Bay,NSW,MM1,8,3.857,3.714,3.429,3.143,4.714,3.571,39.125,196.25
12001,2025,Canada Bay,NSW,MM1,8,3.8,3.569,3.4,3.0,4.5,3.333,46.167,226.833
12002,2023,Leichhardt,NSW,MM1,4,3.5,3.438,3.0,2.0,4.75,4.0,,
12002,2024,Leichhardt,NSW,MM1,4,3.75,3.562,3.25,2.5,5.0,3.5,41.0,214.25
12002,2025,Leichhardt,NSW,MM1,4,4.0,3.812,3.5,3.0,5.0,3.75,47.0,229.0
12003,2023,Strathfield - Burwood - Ashfield,NSW,MM1,23,3.478,3.576,3.304,2.609,4.261,4.13,,
12003,2024,Strathfield - Burwood - Ashfield,NSW,MM1,23,3.818,3.807,3.455,3.0,4.5,4.273,42.261,200.609
12003,2025,Strathfield - Burwood - Ashfield,NSW,MM1,21,3.95,3.913,3.571,3.05,4.762,4.19,45.857,216.19
12101,2023,Chatswood - Lane Cove,NSW,MM1,12,3.636,3.625,3.417,2.727,4.273,4.273,,
12101,2024,Chatswood - Lane Cove,NSW,MM1,13,3.833,3.731,3.75,2.917,4.385,3.75,51.462,226.308
12101,2025,Chatswood - Lane Cove,NSW,MM1,13,4.0,3.865,3.833,3.077,4.538,4.0,49.615,219.462
12102,2023,Hornsby,NSW,MM1,5,3.4,3.55,3.2,2.8,4.0,4.2,,
12102,2024,Hornsby,NSW,MM1,7,4.0,3.875,3.667,3.5,4.167,4.167,64.571,241.714
12102,2025,Hornsby,NSW,MM1,7,4.0,3.964,4.0,3.286,4.333,4.143,51.429,231.429
12103,2023,Ku-ring-gai,NSW,MM1,19,3.529,3.529,3.353,2.765,4.176,3.824,,
12103,2024,Ku-ring-gai,NSW,MM1,22,3.75,3.563,3.571,3.095,4.5,3.143,43.955,217.455
12103,2025,Ku-ring-gai,NSW,MM1,21,3.7,3.625,3.65,2.8,4.5,3.55,45.35,220.1
12104,2023,North Sydney - Mosman,NSW,MM1,8,3.875,3.906,3.125,3.75,4.75,4.0,,
12104,2024,North Sydney - Mosman,NSW,MM1,8,3.75,3.812,3.5,3.125,4.875,3.75,47.75,227.875
12104,2025,North Sydney - Mosman,NSW,MM1,8,4.0,3.95,3.6,3.0,4.8,4.4,47.4,232.0
12201,2023,Manly,NSW,MM1,2,3.5,3.25,3.5,2.0,4.0,3.5,,
12201,2024,Manly,NSW,MM1,2,3.5,3.875,4.0,2.5,4.5,4.5,40.0,191.0
12201,2025,Manly,NSW,MM1,2,4.0,4.0,4.0,3.0,4.5,4.5,45.5,213.0
12202,2023,Pittwater,NSW,MM1,7,3.714,3.964,3.571,3.0,4.714,4.571,,
12202,2024,Pittwater,NSW,MM1,8,4.25,4.0,4.5,3.25,4.625,3.625,48.0,205.375
12202,2025,Pittwater,NSW,MM1,8,4.143,4.143,4.429,3.286,4.714,4.143,49.143,219.286
12203,2023,Warringah,NSW,MM1,15,3.4,3.4,3.467,2.533,3.933,3.667,,
12203,2024,Warringah,NSW,MM1,15,3.667,3.667,3.733,2.667,4.533,3.733,42.667,207.0
12203,2025,Warringah,NSW,MM1,15,3.929,3.75,3.643,3.071,4.5,3.786,47.929,222.286
12301,2023,Camden,NSW,MM1,5,3.4,3.3,2.8,2.2,4.6,3.6,,
12301,2024,Camden,NSW,MM1,5,3.8,3.75,3.0,2.6,4.6,4.8,40.4,212.4
12301,2025,Camden,NSW,MM1,6,4.0,3.75,3.0,3.4,4.8,3.8,46.2,238.6
12302,2023,Campbelltown (NSW),NSW,MM1,6,3.667,3.375,3.167,2.833,4.167,3.333,,
12302,2024,Campbelltown (NSW),NSW,MM1,8,3.429,3.594,2.857,3.25,4.375,3.75,44.25,219.75
12302,2025,Campbelltown (NSW),NSW,MM1,8,3.875,3.656,3.5,2.75,4.625,3.75,44.75,223.125
12303,2023,Wollondilly,NSW,MM5,3,3.5,3.25,3.333,2.0,4.5,3.5,,
12303,2024,Wollondilly,NSW,MM5,3,3.0,3.083,2.667,3.333,4.333,2.0,43.0,207.0
12303,2025,Wollondilly,NSW,MM5,3,4.0,3.667,3.333,3.0,4.667,3.667,45.667,217.0
12401,2023,Blue Mountains,NSW,MM1,7,3.714,3.571,3.429,2.714,4.143,4.0,,
12401,2024,Blue Mountains,NSW,MM1,7,3.857,3.607,3.571,2.857,4.571,3.429,42.857,204.429
12401,2025,Blue Mountains,NSW,MM1,7,3.714,3.607,3.571,2.857,4.571,3.429,46.429,209.143
12403,2023,Penrith,NSW,MM1,9,3.222,3.139,3.111,2.444,4.0,3.0,,
12403,2024,Penrith,NSW,MM1,11,3.727,3.568,3.364,2.818,4.091,4.0,41.364,209.636
12403,2025,Penrith,NSW,MM1,11,3.636,3.614,3.364,3.0,4.545,3.545,45.636,220.273
12404,2023,Richmond - Windsor,NSW,MM1,4,3.0,3.062,4.25,2.25,3.25,2.5,,
12404,2024,Richmond - Windsor,NSW,MM1,4,3.5,3.188,3.5,3.25,3.5,2.5,42.0,205.75
12404,2025,Richmond - Windsor,NSW,MM1,4,3.5,3.5,3.5,3.0,4.0,3.5,44.0,224.25
12405,2023,St Marys,NSW,MM1,2,3.5,3.25,3.5,3.0,4.5,2.0,,
12405,2024,St Marys,NSW,MM1,2,3.5,3.625,2.5,3.5,4.5,4.0,43.0,230.0
12405,2025,St Marys,NSW,MM1,2,4.0,3.5,4.0,2.5,4.5,3.0,42.5,199.5
12501,2023,Auburn,NSW,MM1,5,3.5,3.533,3.4,2.8,4.4,3.5,,
12501,2024,Auburn,NSW,MM1,5,3.8,3.75,3.0,3.2,4.6,4.2,52.0,232.2
12501,2025,Auburn,NSW,MM1,5,3.8,3.8,3.2,3.6,4.8,3.6,52.4,234.6
12502,2023,Carlingford,NSW,MM1,2,3.5,3.125,3.0,2.5,4.0,3.0,,
12502,2024,Carlingford,NSW,MM1,2,3.5,3.375,3.5,2.5,4.5,3.0,40.5,204.0
12502,2025,Carlingford,NSW,MM1,2,4.0,3.75,4.0,3.0,4.5,3.5,45.5,226.0
12503,2023,Merrylands - Guildford,NSW,MM1,6,3.333,3.375,3.167,2.333,4.167,3.833,,
12503,2024,Merrylands - Guildford,NSW,MM1,6,3.5,3.667,3.167,2.833,4.5,4.167,41.167,208.0
12503,2025,Merrylands - Guildford,NSW,MM1,6,3.833,3.667,3.833,3.167,4.667,3.0,47.833,227.0
12504,2023,Parramatta,NSW,MM1,17,3.529,3.618,3.471,3.118,4.235,3.647,,
12504,2024,Parramatta,NSW,MM1,21,3.75,3.702,3.333,3.2,4.55,3.7,48.857,219.048
12504,2025,Parramatta,NSW,MM1,21,4.0,3.888,3.85,3.1,4.7,3.9,48.6,227.3
12601,2023,Pennant Hills - Epping,NSW,MM1,3,3.333,3.083,2.333,3.0,3.333,3.667,,
12601,2024,Pennant Hills - Epping,NSW,MM1,4,3.667,3.75,3.333,3.0,4.333,4.333,48.75,214.75
12601,2025,Pennant Hills - Epping,NSW,MM1,5,4.0,3.812,4.0,3.0,4.5,3.75,46.25,221.25
12602,2023,Ryde - Hunters Hill,NSW,MM1,17,3.588,3.647,3.118,2.765,4.647,4.059,,
12602,2024,Ryde - Hunters Hill,NSW,MM1,17,3.882,3.926,3.706,3.118,4.882,4.0,44.882,202.118
12602,2025,Ryde - Hunters Hill,NSW,MM1,17,4.062,4.016,3.938,3.188,4.938,4.0,47.438,214.75
12701,2023,Bringelly - Green Valley,NSW,MM1,5,3.4,3.4,3.4,2.8,3.8,3.6,,
12701,2024,Bringelly - Green Valley,NSW,MM1,5,3.8,3.65,3.4,2.8,4.2,4.2,42.2,215.2
12701,2025,Bringelly - Green Valley,NSW,MM1,5,4.0,3.9,4.0,3.0,4.6,4.0,45.2,216.6
12702,2023,Fairfield,NSW,MM1,13,3.615,3.577,3.385,2.692,4.231,4.0,,
12702,2024,Fairfield,NSW,MM1,13,3.769,3.731,3.615,2.538,4.462,4.308,43.538,218.154
12702,2025,Fairfield,NSW,MM1,13,4.0,3.897,3.846,2.833,4.692,4.154,46.231,227.154
12703,2023,Liverpool,NSW,MM1,9,3.375,3.438,3.375,2.25,4.5,3.625,,
12703,2024,Liverpool,NSW,MM1,9,3.556,3.583,3.222,2.778,4.556,3.778,42.222,217.0
12703,2025,Liverpool,NSW,MM1,7,3.714,3.571,3.429,3.0,4.571,3.286,46.571,223.857
12801,2023,Cronulla - Miranda - Caringbah,NSW,MM1,11,3.455,3.455,3.091,2.727,4.091,3.909,,
12801,2024,Cronulla - Miranda - Caringbah,NSW,MM1,12,3.667,3.667,3.917,2.917,4.25,3.583,41.083,204.333
12801,2025,Cronulla - Miranda - Caringbah,NSW,MM1,12,3.9,3.841,4.091,3.1,4.455,3.636,40.909,199.636
12802,2023,Sutherland - Menai - Heathcote,NSW,MM1,11,3.455,3.341,3.091,2.727,4.273,3.273,,
12802,2024,Sutherland - Menai - Heathcote,NSW,MM1,12,3.727,3.705,3.727,2.909,4.455,3.727,42.833,203.333
12802,2025,Sutherland - Menai - Heathcote,NSW,MM1,12,3.917,3.708,3.667,2.833,4.667,3.667,47.333,228.167
20101,2023,Ballarat,VIC,MM2,17,3.667,3.583,3.267,3.933,4.533,2.6,,
20101,2024,Ballarat,VIC,MM2,17,3.625,3.529,3.125,3.882,4.647,2.412,60.412,236.588
20101,2025,Ballarat,VIC,MM2,17,3.933,3.833,3.667,4.2,4.667,2.8,67.6,239.733
20102,2023,Creswick - Daylesford - Ballan,VIC,MM5,8,4.25,4.188,3.75,4.125,4.375,4.5,,
20102,2024,Creswick - Daylesford - Ballan,VIC,MM5,8,3.375,3.562,3.625,2.125,4.625,3.875,52.875,217.5
20102,2025,Creswick - Daylesford - Ballan,VIC,MM5,8,4.25,4.156,4.0,4.0,4.75,3.875,60.5,220.875
20103,2023,Maryborough - Pyrenees,VIC,MM4,8,4.167,4.417,3.875,4.167,4.875,4.625,,
20103,2024,Maryborough - Pyrenees,VIC,MM4,8,4.25,4.25,4.125,4.125,5.0,3.75,76.625,224.25
20103,2025,Maryborough - Pyrenees,VIC,MM4,7,4.286,4.107,4.0,4.143,5.0,3.286,106.429,259.143
20201,2023,Bendigo,VIC,MM2,12,3.583,3.542,3.417,3.25,4.25,3.25,,
20201,2024,Bendigo,VIC,MM2,14,3.615,3.615,3.538,3.077,4.385,3.462,44.571,201.857
20201,2025,Bendigo,VIC,MM2,15,3.833,3.853,3.462,3.583,4.462,3.846,62.462,212.615
20202,2023,Heathcote - Castlemaine - Kyneton,VIC,MM5,8,3.875,3.906,3.625,3.875,4.125,4.0,,
20202,2024,Heathcote - Castlemaine - Kyneton,VIC,MM5,9,3.875,3.972,3.875,3.667,4.444,3.778,53.556,208.444
20202,2025,Heathcote - Castlemaine - Kyneton,VIC,MM5,8,4.0,3.812,3.75,3.625,4.875,3.0,58.625,220.125
20203,2023,Loddon - Elmore,VIC,MM5,4,4.25,4.375,3.25,5.0,5.0,4.25,,
20203,2024,Loddon - Elmore,VIC,MM5,4,4.333,4.167,3.667,3.0,5.0,5.0,75.25,247.0
20203,2025,Loddon - Elmore,VIC,MM5,3,4.667,4.583,4.0,5.0,5.0,4.333,133.667,312.333
20301,2023,Barwon - West,VIC,MM2,1,3.0,3.25,3.0,2.0,5.0,3.0,,
20301,2024,Barwon - West,VIC,MM2,1,3.0,3.25,3.0,2.0,5.0,3.0,35.0,193.0
20301,2025,Barwon - West,VIC,MM2,1,4.0,4.0,4.0,3.0,5.0,4.0,48.0,205.0
20302,2023,Geelong,VIC,MM1,25,3.708,3.58,3.48,2.833,4.458,3.5,,
20302,2024,Geelong,VIC,MM1,26,3.68,3.5,3.423,2.68,4.64,3.32,41.115,199.5
20302,2025,Geelong,VIC,MM1,26,4.045,3.864,3.909,3.182,4.818,3.545,49.682,214.364
20303,2023,Surf Coast - Bellarine Peninsula,VIC,MM4,12,3.455,3.455,3.091,2.364,4.636,3.727,,
20303,2024,Surf Coast - Bellarine Peninsula,VIC,MM4,12,3.545,3.583,3.5,2.545,4.75,3.364,43.667,204.917
20303,2025,Surf Coast - Bellarine Peninsula,VIC,MM4,12,3.8,3.7,3.9,2.8,4.7,3.4,52.3,203.7
20401,2023,Upper Goulburn Valley,VIC,MM4,14,3.786,3.696,3.571,3.214,4.643,3.357,,
20401,2024,Upper Goulburn Valley,VIC,MM4,14,3.667,3.679,3.333,3.308,4.615,3.385,52.5,210.643
20401,2025,Upper Goulburn Valley,VIC,MM4,14,4.0,3.893,3.462,4.0,4.571,3.571,52.929,173.357
20402,2023,Wangaratta - Benalla,VIC,MM3,7,3.429,3.393,3.286,2.714,4.143,3.429,,
20402,2024,Wangaratta - Benalla,VIC,MM3,8,3.625,3.594,3.5,3.125,4.5,3.25,39.875,196.0
20402,2025,Wangaratta - Benalla,VIC,MM3,8,3.875,3.719,3.875,3.125,4.5,3.375,50.375,212.125
20403,2023,Wodonga - Alpine,VIC,MM5,8,3.5,3.375,3.375,2.875,4.375,2.875,,
20403,2024,Wodonga - Alpine,VIC,MM5,9,3.778,3.722,3.222,3.667,4.556,3.444,57.778,217.333
20403,2025,Wodonga - Alpine,VIC,MM5,9,3.875,3.63,3.667,3.333,4.625,3.111,68.778,227.222
20501,2023,Baw Baw,VIC,MM4,6,4.0,3.792,3.833,3.667,4.0,3.667,,
20501,2024,Baw Baw,VIC,MM4,7,4.0,4.0,3.833,3.857,4.286,3.833,86.571,318.143
20501,2025,Baw Baw,VIC,MM4,7,4.0,4.0,4.0,3.667,4.667,3.667,48.0,216.5
20502,2023,Gippsland - East,VIC,MM4,10,3.5,3.4,3.5,2.4,4.7,3.0,,
20502,2024,Gippsland - East,VIC,MM4,10,3.9,3.6,3.3,3.1,4.8,3.2,58.0,226.2
20502,2025,Gippsland - East,VIC,MM4,9,4.0,3.719,3.625,2.75,4.75,3.75,49.625,214.625
20503,2023,Gippsland - South West,VIC,MM4,14,3.692,3.655,3.786,2.786,4.714,3.308,,
20503,2024,Gippsland - South West,VIC,MM4,14,4.077,3.962,4.0,3.385,4.692,3.769,44.857,185.571
20503,2025,Gippsland - South West,VIC,MM4,14,4.0,3.854,3.667,3.833,4.75,3.167,67.083,214.167
20504,2023,Latrobe Valley,VIC,MM3,10,3.8,3.65,3.7,2.8,4.4,3.7,,
20504,2024,Latrobe Valley,VIC,MM3,12,3.636,3.625,3.25,2.818,4.545,3.818,52.75,214.5
20504,2025,Latrobe Valley,VIC,MM3,12,4.0,3.75,3.636,3.455,4.636,3.273,73.545,235.636
20505,2023,Wellington,VIC,MM4,8,4.0,3.906,3.875,2.875,4.375,4.5,,
20505,2024,Wellington,VIC,MM4,9,3.875,3.719,3.5,3.5,4.625,3.25,53.889,209.444
20505,2025,Wellington,VIC,MM4,9,4.0,3.852,3.667,3.75,4.556,3.444,63.0,221.556
20601,2023,Brunswick - Coburg,VIC,MM1,7,3.571,3.536,2.857,2.714,4.857,3.714,,
20601,2024,Brunswick - Coburg,VIC,MM1,7,3.714,3.75,3.143,3.143,4.857,3.857,42.714,209.143
20601,2025,Brunswick - Coburg,VIC,MM1,7,3.833,3.792,3.167,3.5,4.833,3.667,54.5,219.5
20602,2023,Darebin - South,VIC,MM1,5,3.6,3.6,3.2,3.2,4.6,3.4,,
20602,2024,Darebin - South,VIC,MM1,6,3.8,3.55,3.6,2.6,4.6,3.4,41.0,182.0
20602,2025,Darebin - South,VIC,MM1,6,3.667,3.667,3.333,3.333,4.667,3.333,47.333,215.167
20603,2023,Essendon,VIC,MM1,8,3.857,3.821,3.714,2.429,4.714,4.429,,
20603,2024,Essendon,VIC,MM1,9,3.875,3.907,3.75,3.222,4.667,4.0,44.333,224.111
20603,2025,Essendon,VIC,MM1,9,3.889,3.75,3.333,3.111,4.778,3.778,47.778,217.222
20604,2023,Melbourne City,VIC,MM1,6,3.333,3.292,3.0,2.5,4.0,3.667,,
20604,2024,Melbourne City,VIC,MM1,6,3.667,3.667,3.167,3.167,4.5,3.833,43.667,216.167
20604,2025,Melbourne City,VIC,MM1,6,3.833,3.667,3.333,3.167,4.667,3.5,50.167,222.833
20605,2023,Port Phillip,VIC,MM1,5,3.2,3.4,3.0,2.2,4.6,3.8,,
20605,2024,Port Phillip,VIC,MM1,7,4.0,3.857,3.571,3.429,4.571,3.857,41.571,221.429
20605,2025,Port Phillip,VIC,MM1,7,3.714,3.964,3.571,3.143,4.571,4.571,45.857,216.0
20606,2023,Stonnington - West,VIC,MM1,4,3.5,3.5,3.25,2.75,5.0,3.0,,
20606,2024,Stonnington - West,VIC,MM1,4,3.75,3.562,3.0,3.25,5.0,3.0,57.5,226.5
20606,2025,Stonnington - West,VIC,MM1,4,4.0,4.062,3.75,3.75,5.0,3.75,65.25,243.0
20607,2023,Yarra,VIC,MM1,3,4.0,4.0,3.333,3.0,5.0,4.667,,
20607,2024,Yarra,VIC,MM1,3,4.0,3.917,3.0,3.667,5.0,4.0,44.0,225.333
20607,2025,Yarra,VIC,MM1,3,3.667,3.833,2.667,3.333,5.0,4.333,47.333,234.0
20701,2023,Boroondara,VIC,MM1,27,3.654,3.648,3.308,3.0,4.481,3.741,,
20701,2024,Boroondara,VIC,MM1,29,3.87,3.793,3.304,3.522,4.565,3.783,45.724,175.241
20701,2025,Boroondara,VIC,MM1,29,3.769,3.708,3.192,3.429,4.571,3.571,89.857,261.143
20702,2023,Manningham - West,VIC,MM1,15,3.286,3.214,3.0,2.357,4.357,3.143,,
20702,2024,Manningham - West,VIC,MM1,19,3.6,3.5,3.067,2.867,4.4,3.667,38.474,180.474
20702,2025,Manningham - West,VIC,MM1,20,3.5,3.526,3.111,3.158,4.444,3.316,49.789,219.737
20703,2023,Whitehorse - West,VIC,MM1,8,3.286,3.594,2.857,2.286,4.875,3.571,,
20703,2024,Whitehorse - West,VIC,MM1,9,3.75,3.656,3.0,3.0,4.75,3.875,37.0,186.111
20703,2025,Whitehorse - West,VIC,MM1,9,3.778,3.583,3.111,2.889,4.778,3.556,45.222,216.0
20801,2023,Bayside,VIC,MM1,13,3.538,3.423,3.231,2.538,4.692,3.231,,
20801,2024,Bayside,VIC,MM1,15,3.846,3.712,3.462,3.0,4.692,3.692,34.2,161.333
20801,2025,Bayside,VIC,MM1,16,3.846,3.806,3.692,3.333,4.643,3.467,50.667,213.133
20802,2023,Glen Eira,VIC,MM1,17,3.765,3.676,3.294,2.941,4.706,3.765,,
20802,2024,Glen Eira,VIC,MM1,18,3.588,3.515,3.176,2.882,4.706,3.294,40.722,194.222
20802,2025,Glen Eira,VIC,MM1,18,3.938,3.775,3.588,3.176,4.824,3.5,50.882,218.353
20803,2023,Kingston,VIC,MM1,14,3.643,3.589,3.214,2.786,4.786,3.571,,
20803,2024,Kingston,VIC,MM1,16,3.75,3.75,3.25,3.167,4.667,3.917,36.312,156.562
20803,2025,Kingston,VIC,MM1,15,3.636,3.523,3.182,3.0,4.455,3.455,50.455,224.818
20804,2023,Stonnington - East,VIC,MM1,7,3.571,3.464,3.143,2.714,4.571,3.429,,
20804,2024,Stonnington - East,VIC,MM1,7,3.5,3.583,3.0,3.167,4.833,3.333,36.571,181.714
20804,2025,Stonnington - East,VIC,MM1,7,3.857,3.714,3.429,3.143,4.714,3.571,46.714,215.857
20901,2023,Banyule,VIC,MM1,12,3.167,3.229,3.167,2.25,4.25,3.25,,
20901,2024,Banyule,VIC,MM1,13,3.545,3.5,3.273,2.909,4.636,3.182,41.769,182.231
20901,2025,Banyule,VIC,MM1,13,3.889,3.598,3.3,3.182,4.545,3.4,45.545,211.273
20902,2023,Darebin - North,VIC,MM1,8,3.714,3.438,3.0,2.714,4.571,3.714,,
20902,2024,Darebin - North,VIC,MM1,9,3.286,3.464,3.143,2.571,4.571,3.571,31.778,162.667
20902,2025,Darebin - North,VIC,MM1,9,3.833,3.655,3.5,3.286,4.429,3.429,47.286,220.143
20903,2023,Nillumbik - Kinglake,VIC,MM1,5,3.4,3.35,2.8,2.2,4.8,3.6,,
20903,2024,Nillumbik - Kinglake,VIC,MM1,5,3.6,3.45,3.0,3.0,4.8,3.0,44.0,201.4
20903,2025,Nillumbik - Kinglake,VIC,MM1,5,4.0,3.625,3.0,3.25,5.0,3.25,49.5,219.0
20904,2023,Whittlesea - Wallan,VIC,MM1,19,3.556,3.605,3.579,2.722,4.444,3.444,,
20904,2024,Whittlesea - Wallan,VIC,MM1,19,3.889,3.611,3.5,3.0,4.667,3.278,42.368,199.211
20904,2025,Whittlesea - Wallan,VIC,MM1,19,3.824,3.645,3.316,3.0,4.684,3.474,41.158,196.316
21001,2023,Keilor,VIC,MM1,8,3.667,3.56,3.0,3.0,4.429,3.833,,
21001,2024,Keilor,VIC,MM1,8,3.833,3.762,3.333,3.429,4.571,3.714,41.125,195.5
21001,2025,Keilor,VIC,MM1,8,3.875,3.781,3.375,3.625,4.5,3.625,53.5,233.875
21002,2023,Macedon Ranges,VIC,MM3,1,4.0,4.0,4.0,3.0,5.0,4.0,,
21002,2024,Macedon Ranges,VIC,MM3,3,4.0,3.75,4.0,2.5,4.5,4.0,25.0,139.0
21002,2025,Macedon Ranges,VIC,MM3,4,3.667,3.917,4.0,3.667,4.333,3.667,52.667,220.0
21003,2023,Moreland - North,VIC,MM1,11,3.545,3.455,3.091,2.909,4.455,3.364,,
21003,2024,Moreland - North,VIC,MM1,11,3.375,3.406,3.0,2.25,4.75,3.625,29.182,148.182
21003,2025,Moreland - North,VIC,MM1,11,3.625,3.608,2.875,3.0,4.7,3.7,47.8,225.6
21004,2023,Sunbury,VIC,MM1,1,3.0,2.75,3.0,1.0,4.0,3.0,,
21004,2024,Sunbury,VIC,MM1,2,3.0,3.125,3.0,2.5,4.5,2.5,39.0,194.5
21004,2025,Sunbury,VIC,MM1,2,3.0,3.25,3.0,3.0,4.0,3.0,46.0,204.0
21005,2023,Tullamarine - Broadmeadows,VIC,MM1,10,3.5,3.45,3.1,2.6,4.4,3.7,,
21005,2024,Tullamarine - Broadmeadows,VIC,MM1,10,3.667,3.725,3.4,3.1,4.556,3.9,48.5,210.2
21005,2025,Tullamarine - Broadmeadows,VIC,MM1,10,3.857,3.907,3.444,3.25,4.778,4.0,42.667,199.0
21101,2023,Knox,VIC,MM1,20,3.45,3.45,2.9,2.85,4.4,3.65,,
21101,2024,Knox,VIC,MM1,20,3.65,3.6,3.25,2.8,4.55,3.8,40.85,188.5
21101,2025,Knox,VIC,MM1,21,3.778,3.741,3.474,3.222,4.684,3.526,47.211,203.053
21103,2023,Maroondah,VIC,MM1,14,3.5,3.375,3.214,2.429,4.5,3.357,,
21103,2024,Maroondah,VIC,MM1,14,3.538,3.5,3.385,2.462,4.615,3.538,37.214,185.429
21103,2025,Maroondah,VIC,MM1,15,3.692,3.654,3.231,3.308,4.462,3.615,49.846,222.846
21104,2023,Whitehorse - East,VIC,MM1,5,3.0,3.1,3.0,1.8,4.0,3.6,,
21104,2024,Whitehorse - East,VIC,MM1,5,3.75,3.812,3.25,2.5,4.5,5.0,29.2,163.2
21104,2025,Whitehorse - East,VIC,MM1,5,3.75,3.817,3.2,3.6,4.4,4.0,48.8,217.4
21105,2023,Yarra Ranges,VIC,MM5,13,3.273,3.562,3.167,2.182,4.75,3.909,,
21105,2024,Yarra Ranges,VIC,MM5,14,3.818,3.694,3.273,3.25,4.75,3.417,42.714,201.714
21105,2025,Yarra Ranges,VIC,MM5,14,3.727,3.788,3.091,3.385,4.615,4.0,55.308,223.692
21201,2023,Cardinia,VIC,MM4,9,3.222,3.333,3.111,2.444,4.111,3.667,,
21201,2024,Cardinia,VIC,MM4,9,3.5,3.531,3.375,2.875,4.5,3.375,42.222,184.667
21201,2025,Cardinia,VIC,MM4,9,4.0,3.843,4.0,3.333,4.556,3.556,55.222,221.556
21202,2023,Casey - North,VIC,MM1,10,3.3,3.225,2.9,2.1,4.6,3.3,,
21202,2024,Casey - North,VIC,MM1,10,3.3,3.35,3.2,2.3,4.7,3.2,38.8,197.9
21202,2025,Casey - North,VIC,MM1,10,3.875,3.688,3.625,3.125,4.875,3.125,52.25,215.25
21203,2023,Casey - South,VIC,MM1,6,3.0,2.95,2.8,1.2,4.4,3.4,,
21203,2024,Casey - South,VIC,MM1,7,3.167,3.208,3.333,1.667,4.5,3.333,32.714,199.0
21203,2025,Casey - South,VIC,MM1,7,3.571,3.571,3.571,3.0,4.429,3.286,47.714,218.571
21204,2023,Dandenong,VIC,MM1,18,3.389,3.375,2.944,2.0,4.722,3.833,,
21204,2024,Dandenong,VIC,MM1,19,3.579,3.579,3.263,2.632,4.842,3.579,41.789,209.053
21204,2025,Dandenong,VIC,MM1,19,3.933,3.917,3.6,3.067,4.867,4.133,50.0,220.667
21205,2023,Monash,VIC,MM1,23,3.391,3.359,2.826,2.478,4.348,3.783,,
21205,2024,Monash,VIC,MM1,23,3.55,3.5,3.1,2.75,4.6,3.55,36.304,178.174
21205,2025,Monash,VIC,MM1,23,3.8,3.679,3.333,3.0,4.7,3.714,46.714,212.905
21301,2023,Brimbank,VIC,MM1,16,3.438,3.344,3.188,2.375,4.5,3.312,,
21301,2024,Brimbank,VIC,MM1,16,3.571,3.571,3.571,2.786,4.786,3.143,38.25,186.25
21301,2025,Brimbank,VIC,MM1,16,3.875,3.734,3.75,3.312,4.688,3.188,50.375,231.438
21302,2023,Hobsons Bay,VIC,MM1,9,3.111,3.194,2.889,2.0,4.222,3.667,,
21302,2024,Hobsons Bay,VIC,MM1,9,3.333,3.306,3.444,2.333,4.444,3.0,34.444,198.667
21302,2025,Hobsons Bay,VIC,MM1,9,3.714,3.536,3.143,2.571,4.714,3.714,40.0,210.0
21303,2023,Maribyrnong,VIC,MM1,7,3.286,3.393,2.857,2.143,4.571,4.0,,
21303,2024,Maribyrnong,VIC,MM1,7,3.714,3.643,3.143,3.143,4.714,3.571,44.143,210.286
21303,2025,Maribyrnong,VIC,MM1,7,3.667,3.708,3.167,3.167,4.667,3.833,48.167,223.0
21304,2023,Melton - Bacchus Marsh,VIC,MM1,6,3.4,3.45,3.2,2.8,4.4,3.4,,
21304,2024,Melton - Bacchus Marsh,VIC,MM1,7,4.167,3.917,3.667,3.333,4.667,4.0,48.143,219.286
21304,2025,Melton - Bacchus Marsh,VIC,MM1,7,4.0,3.893,3.714,3.143,4.714,4.0,62.286,232.429
21305,2023,Wyndham,VIC,MM1,10,3.222,3.167,3.0,2.0,4.222,3.444,,
21305,2024,Wyndham,VIC,MM1,11,3.6,3.515,3.4,2.455,4.364,3.909,40.0,206.636
21305,2025,Wyndham,VIC,MM1,11,3.778,3.717,3.6,3.0,4.6,3.667,47.6,218.5
21401,2023,Frankston,VIC,MM1,14,3.5,3.571,3.357,2.143,4.714,4.071,,
21401,2024,Frankston,VIC,MM1,14,3.615,3.615,3.615,2.615,4.692,3.538,35.357,186.5
21401,2025,Frankston,VIC,MM1,14,4.0,3.819,3.545,3.333,4.833,3.583,48.667,213.5
21402,2023,Mornington Peninsula,VIC,MM1,23,3.609,3.446,3.217,2.783,4.391,3.391,,
21402,2024,Mornington Peninsula,VIC,MM1,25,3.818,3.79,3.5,3.087,4.652,3.87,44.56,228.96
21402,2025,Mornington Peninsula,VIC,MM1,25,4.0,3.702,3.842,3.19,4.684,3.333,50.143,239.143
21501,2023,Grampians,VIC,MM5,31,4.133,4.07,3.7,4.355,4.677,3.548,,
21501,2024,Grampians,VIC,MM5,31,4.065,3.984,3.452,4.355,4.935,3.194,89.161,258.484
21501,2025,Grampians,VIC,MM5,26,4.04,3.99,3.68,4.32,4.92,3.04,92.48,258.92
21502,2023,Mildura,VIC,MM3,7,3.571,3.321,3.0,2.0,4.714,3.571,,
21502,2024,Mildura,VIC,MM3,7,3.571,3.464,2.857,2.429,4.857,3.714,35.286,194.429
21502,2025,Mildura,VIC,MM3,7,3.8,3.55,3.8,2.0,4.8,3.6,39.4,205.4
21503,2023,Murray River - Swan Hill,VIC,MM4,14,3.857,3.821,3.786,3.286,4.571,3.643,,
21503,2024,Murray River - Swan Hill,VIC,MM4,14,4.286,4.143,3.786,4.0,4.714,4.071,81.429,242.929
21503,2025,Murray River - Swan Hill,VIC,MM4,14,4.429,4.25,4.357,4.214,4.786,3.643,93.214,244.0
21601,2023,Campaspe,VIC,MM3,9,3.429,3.611,3.286,3.556,4.0,3.333,,
21601,2024,Campaspe,VIC,MM3,10,3.625,3.75,3.375,3.7,4.3,3.4,67.6,252.1
21601,2025,Campaspe,VIC,MM3,8,3.875,3.812,3.75,3.75,4.5,3.25,58.75,230.25
21602,2023,Moira,VIC,MM4,9,3.667,3.583,3.889,2.778,4.556,3.111,,
21602,2024,Moira,VIC,MM4,9,3.889,3.861,3.333,4.0,4.667,3.444,56.333,219.556
21602,2025,Moira,VIC,MM4,9,4.25,3.972,4.0,4.0,4.875,3.222,65.889,219.333
21603,2023,Shepparton,VIC,MM3,11,3.2,3.455,3.364,2.1,4.7,3.2,,
21603,2024,Shepparton,VIC,MM3,11,3.455,3.386,3.182,2.727,4.545,3.091,50.636,217.727
21603,2025,Shepparton,VIC,MM3,11,3.727,3.682,3.545,3.0,4.636,3.545,54.818,220.909
21701,2023,Glenelg - Southern Grampians,VIC,MM5,12,4.0,3.896,3.583,3.583,4.833,3.583,,
21701,2024,Glenelg - Southern Grampians,VIC,MM5,12,3.917,3.938,3.583,3.667,4.917,3.583,55.0,213.083
21701,2025,Glenelg - Southern Grampians,VIC,MM5,10,4.25,4.074,4.0,4.0,5.0,3.444,69.778,251.111
21703,2023,Colac - Corangamite,VIC,MM4,12,4.083,4.021,3.917,3.75,4.833,3.583,,
21703,2024,Colac - Corangamite,VIC,MM4,12,4.333,4.208,3.75,4.0,4.917,4.167,72.417,225.583
21703,2025,Colac - Corangamite,VIC,MM4,9,4.143,4.0,4.0,4.125,4.875,2.857,86.625,228.75
21704,2023,Warrnambool,VIC,MM5,8,3.5,3.406,3.375,2.125,4.625,3.5,,
21704,2024,Warrnambool,VIC,MM5,8,3.375,3.312,3.625,2.5,4.75,2.375,39.375,192.375
21704,2025,Warrnambool,VIC,MM5,8,4.0,3.521,3.5,3.125,5.0,3.0,52.875,214.5
30101,2023,Capalaba,QLD,MM1,6,3.5,3.458,3.167,2.5,4.833,3.333,,
30101,2024,Capalaba,QLD,MM1,7,3.667,3.583,3.667,2.667,4.833,3.167,38.143,204.429
30101,2025,Capalaba,QLD,MM1,6,3.6,3.6,3.8,3.2,4.2,3.2,47.6,219.6
30102,2023,Cleveland - Stradbroke,QLD,MM1,9,3.556,3.472,3.111,3.111,4.667,3.0,,
30102,2024,Cleveland - Stradbroke,QLD,MM1,10,3.778,3.722,3.667,3.444,4.667,3.111,53.8,227.0
30102,2025,Cleveland - Stradbroke,QLD,MM1,11,3.875,3.781,3.375,3.625,4.5,3.625,63.5,244.375
30103,2023,Wynnum - Manly,QLD,MM1,5,3.8,3.5,3.8,2.6,4.8,2.8,,
30103,2024,Wynnum - Manly,QLD,MM1,5,3.8,3.6,3.4,3.0,4.8,3.2,42.4,203.2
30103,2025,Wynnum - Manly,QLD,MM1,5,4.0,3.75,3.5,3.25,5.0,3.25,47.0,225.75
30201,2023,Bald Hills - Everton Park,QLD,MM1,4,4.0,3.562,3.75,2.75,4.667,4.0,,
30201,2024,Bald Hills - Everton Park,QLD,MM1,4,4.0,3.604,3.667,2.5,4.5,3.75,42.5,191.0
30201,2025,Bald Hills - Everton Park,QLD,MM1,4,4.25,3.875,4.0,3.25,4.75,3.5,47.75,210.75
30202,2023,Chermside,QLD,MM1,6,3.833,3.667,3.5,2.833,5.0,3.333,,
30202,2024,Chermside,QLD,MM1,7,3.0,3.25,3.5,2.0,4.5,3.0,11.571,54.571
30202,2025,Chermside,QLD,MM1,7,3.4,3.306,3.4,3.167,4.0,2.667,48.5,228.5
30203,2023,Nundah,QLD,MM1,2,3.5,3.375,3.5,2.5,4.0,3.5,,
30203,2024,Nundah,QLD,MM1,3,3.667,3.667,4.0,3.333,4.333,3.0,73.667,240.0
30203,2025,Nundah,QLD,MM1,3,3.667,3.75,3.333,3.667,4.333,3.667,78.0,241.0
30204,2023,Sandgate,QLD,MM1,7,4.0,3.714,4.0,3.143,4.571,3.143,,
30204,2024,Sandgate,QLD,MM1,7,4.143,3.929,3.857,3.429,4.714,3.714,50.429,209.714
30204,2025,Sandgate,QLD,MM1,7,4.143,3.893,3.857,3.429,4.714,3.571,54.429,221.857
30301,2023,Carindale,QLD,MM1,4,3.75,3.812,4.0,2.5,4.75,4.0,,
30301,2024,Carindale,QLD,MM1,4,4.0,3.75,3.75,3.0,4.75,3.5,44.5,206.75
30301,2025,Carindale,QLD,MM1,5,4.0,4.0,4.0,3.667,5.0,3.333,50.333,230.0
30302,2023,Holland Park - Yeronga,QLD,MM1,7,3.857,3.857,3.429,3.0,4.857,4.143,,
30302,2024,Holland Park - Yeronga,QLD,MM1,8,4.0,3.875,3.625,3.125,5.0,3.75,45.875,216.5
30302,2025,Holland Park - Yeronga,QLD,MM1,8,4.0,3.917,3.5,3.667,5.0,3.5,52.667,234.0
30303,2023,Mt Gravatt,QLD,MM1,7,3.429,3.321,3.143,2.714,4.286,3.143,,
30303,2024,Mt Gravatt,QLD,MM1,7,3.571,3.607,3.571,2.429,4.571,3.857,40.286,195.714
30303,2025,Mt Gravatt,QLD,MM1,7,4.0,3.875,4.0,3.25,4.75,3.5,48.25,218.5
30304,2023,Nathan,QLD,MM1,1,3.0,3.25,3.0,2.0,5.0,3.0,,
30304,2024,Nathan,QLD,MM1,1,4.0,4.0,3.0,3.0,5.0,5.0,46.0,237.0
30304,2025,Nathan,QLD,MM1,1,4.0,3.75,3.0,3.0,5.0,4.0,47.0,226.0
30305,2023,Rocklea - Acacia Ridge,QLD,MM1,11,3.727,3.5,3.545,2.364,4.818,3.273,,
30305,2024,Rocklea - Acacia Ridge,QLD,MM1,11,3.909,3.727,3.455,3.0,4.818,3.636,42.364,201.182
30305,2025,Rocklea - Acacia Ridge,QLD,MM1,11,4.0,3.944,3.556,3.556,4.778,3.889,48.333,219.556
30401,2023,Centenary,QLD,MM1,7,3.857,3.607,3.714,2.143,5.0,3.571,,
30401,2024,Centenary,QLD,MM1,7,3.0,3.25,4.0,1.0,5.0,3.0,5.0,23.714
30401,2025,Centenary,QLD,MM1,7,,3.556,,3.5,4.0,3.167,52.333,240.833
30402,2023,Kenmore - Brookfield - Moggill,QLD,MM1,5,3.75,3.517,3.4,2.6,4.6,3.5,,
30402,2024,Kenmore - Brookfield - Moggill,QLD,MM1,5,3.8,3.8,3.2,3.2,4.6,4.2,42.8,210.4
30402,2025,Kenmore - Brookfield - Moggill,QLD,MM1,5,4.0,3.5,3.333,3.0,5.0,2.667,46.0,213.333
30403,2023,Sherwood - Indooroopilly,QLD,MM1,3,3.333,3.333,4.0,2.333,4.667,2.333,,
30403,2024,Sherwood - Indooroopilly,QLD,MM1,3,4.0,3.875,3.5,3.5,4.5,4.0,27.667,135.667
30403,2025,Sherwood - Indooroopilly,QLD,MM1,2,4.0,3.875,3.5,3.0,5.0,4.0,46.5,220.5
30404,2023,The Gap - Enoggera,QLD,MM1,4,3.75,3.562,3.75,2.75,4.75,3.0,,
30404,2024,The Gap - Enoggera,QLD,MM1,5,4.0,3.75,3.6,3.4,4.8,3.2,43.4,203.4
30404,2025,The Gap - Enoggera,QLD,MM1,5,3.8,3.75,3.6,3.2,4.8,3.4,46.8,214.6
30501,2023,Brisbane Inner,QLD,MM1,4,3.5,3.688,3.0,2.75,4.25,4.75,,
30501,2024,Brisbane Inner,QLD,MM1,4,4.0,4.062,4.333,2.75,4.75,4.5,49.75,208.5
30501,2025,Brisbane Inner,QLD,MM1,4,4.333,4.25,4.333,4.0,4.667,4.0,49.667,222.0
30502,2023,Brisbane Inner - East,QLD,MM1,1,3.0,3.0,2.0,1.0,5.0,4.0,,
30502,2024,Brisbane Inner - East,QLD,MM1,2,4.0,3.875,3.5,3.0,5.0,4.0,42.0,204.5
30503,2023,Brisbane Inner - North,QLD,MM1,8,3.625,3.312,3.375,2.875,4.25,2.75,,
30503,2024,Brisbane Inner - North,QLD,MM1,9,4.0,3.694,4.111,3.0,4.667,3.0,44.556,209.444
30503,2025,Brisbane Inner - North,QLD,MM1,9,4.0,3.781,3.75,3.75,4.625,3.0,51.5,217.625
30504,2023,Brisbane Inner - West,QLD,MM1,3,4.0,3.917,4.333,2.667,5.0,3.667,,
30504,2024,Brisbane Inner - West,QLD,MM1,4,4.0,3.854,4.0,3.25,4.75,3.75,47.75,195.5
30504,2025,Brisbane Inner - West,QLD,MM1,4,4.0,4.0,3.667,3.667,5.0,3.667,50.0,200.333
30601,2023,Cairns - North,QLD,MM2,3,3.333,3.25,3.333,1.667,5.0,3.0,,
30601,2024,Cairns - North,QLD,MM2,3,4.0,3.667,3.333,2.333,5.0,4.0,41.333,196.667
30601,2025,Cairns - North,QLD,MM2,3,4.0,3.583,4.0,2.0,5.0,3.333,44.667,208.667
30602,2023,Cairns - South,QLD,MM2,9,3.333,3.333,3.333,2.0,4.333,3.667,,
30602,2024,Cairns - South,QLD,MM2,9,3.556,3.611,3.556,2.444,4.444,4.0,39.667,204.444
30602,2025,Cairns - South,QLD,MM2,9,3.75,3.688,3.625,2.875,4.625,3.625,44.875,216.5
30603,2023,Innisfail - Cassowary Coast,QLD,MM5,3,3.333,3.417,3.667,2.0,4.333,3.667,,
30603,2024,Innisfail - Cassowary Coast,QLD,MM4,4,4.333,3.833,3.75,3.5,5.0,3.5,43.0,232.5
30603,2025,Innisfail - Cassowary Coast,QLD,MM4,4,4.0,3.729,3.5,4.0,4.75,2.75,44.0,170.25
30604,2023,Port Douglas - Daintree,QLD,MM5,2,3.5,3.625,4.0,3.0,3.5,4.0,,
30604,2024,Port Douglas - Daintree,QLD,MM5,2,4.0,3.5,3.5,3.5,4.0,3.0,50.5,184.5
30604,2025,Port Douglas - Daintree,QLD,MM5,2,3.0,3.5,3.0,3.0,4.0,4.0,46.0,197.0
30605,2023,Tablelands (East) - Kuranda,QLD,MM4,3,3.667,3.75,3.667,3.0,4.333,4.0,,
30605,2024,Tablelands (East) - Kuranda,QLD,MM4,3,3.667,3.5,4.0,3.0,4.667,2.333,44.0,208.0
30605,2025,Tablelands (East) - Kuranda,QLD,MM4,3,4.5,4.125,4.0,4.0,5.0,3.5,49.0,218.0
30701,2023,Darling Downs (West) - Maranoa,QLD,MM4,8,4.0,3.875,4.0,3.25,4.5,3.75,,
30701,2024,Darling Downs (West) - Maranoa,QLD,MM4,8,4.25,4.031,4.0,3.875,4.625,3.625,64.875,225.125
30701,2025,Darling Downs (West) - Maranoa,QLD,MM4,8,4.429,4.135,3.875,4.125,4.875,3.714,76.375,230.25
30702,2023,Darling Downs - East,QLD,MM5,8,4.0,4.031,3.875,4.0,4.625,3.625,,
30702,2024,Darling Downs - East,QLD,MM5,8,4.25,4.062,3.625,4.125,4.75,3.75,49.625,222.25
30702,2025,Darling Downs - East,QLD,MM5,8,4.125,3.938,3.875,3.75,4.875,3.25,57.75,222.5
30703,2023,Granite Belt,QLD,MM4,10,4.0,4.0,3.9,3.8,4.3,4.0,,
30703,2024,Granite Belt,QLD,MM4,10,4.0,3.9,4.1,3.7,4.5,3.3,49.2,217.2
30703,2025,Granite Belt,QLD,MM4,10,4.1,4.125,4.1,4.1,4.6,3.7,57.4,225.2
30801,2023,Central Highlands (Qld),QLD,MM4,1,4.0,3.75,3.0,4.0,5.0,3.0,,
30801,2024,Central Highlands (Qld),QLD,MM4,1,4.0,3.75,3.0,4.0,5.0,3.0,48.0,231.0
30801,2025,Central Highlands (Qld),QLD,MM4,1,,,,,,,,
30803,2023,Rockhampton,QLD,MM2,13,3.615,3.346,3.846,2.615,4.154,2.769,,
30803,2024,Rockhampton,QLD,MM2,13,3.769,3.692,3.769,3.0,4.692,3.308,47.077,202.846
30803,2025,Rockhampton,QLD,MM2,12,3.667,3.639,3.556,3.222,4.778,3.0,53.0,216.0
30804,2023,Biloela,QLD,MM6,2,4.0,4.0,4.0,3.0,5.0,4.0,,
30804,2024,Biloela,QLD,MM6,2,4.0,3.875,3.5,2.5,5.0,4.5,39.5,201.0
30804,2025,Biloela,QLD,MM6,2,4.0,4.0,4.0,3.0,5.0,4.0,48.0,197.5
30805,2023,Gladstone,QLD,MM3,3,4.0,3.583,3.667,2.667,4.667,3.333,,
30805,2024,Gladstone,QLD,MM3,3,4.0,3.833,4.0,3.667,5.0,2.667,44.0,221.0
30805,2025,Gladstone,QLD,MM3,3,4.0,3.875,4.0,3.5,5.0,3.0,47.0,222.0
30901,2023,Broadbeach - Burleigh,QLD,MM1,2,4.0,3.25,4.0,2.0,5.0,2.0,,
30901,2024,Broadbeach - Burleigh,QLD,MM1,3,3.5,3.375,4.0,2.0,4.5,3.0,43.667,200.667
30901,2025,Broadbeach - Burleigh,QLD,MM1,3,4.0,3.75,4.0,3.0,4.5,3.5,49.5,215.5
30902,2023,Coolangatta,QLD,MM1,5,3.4,3.35,3.4,2.2,4.8,3.0,,
30902,2024,Coolangatta,QLD,MM1,5,3.6,3.45,3.4,2.6,4.8,3.0,39.4,200.8
30902,2025,Coolangatta,QLD,MM1,5,3.667,3.417,3.333,3.0,4.667,2.667,47.0,219.0
30903,2023,Gold Coast - North,QLD,MM1,11,3.636,3.568,3.545,2.636,4.727,3.364,,
30903,2024,Gold Coast - North,QLD,MM1,11,3.818,3.545,3.636,2.273,4.818,3.455,38.909,189.182
30903,2025,Gold Coast - North,QLD,MM1,11,4.167,3.875,4.0,3.167,5.0,3.333,46.667,209.167
30904,2023,Gold Coast Hinterland,QLD,MM1,1,4.0,3.75,3.0,2.0,5.0,5.0,,
30904,2024,Gold Coast Hinterland,QLD,MM1,1,3.0,3.0,3.0,3.0,5.0,1.0,38.0,214.0
30904,2025,Gold Coast Hinterland,QLD,MM1,1,4.0,3.5,3.0,2.0,5.0,4.0,49.0,180.0
30905,2023,Mudgeeraba - Tallebudgera,QLD,MM1,4,3.0,3.25,3.25,2.0,4.5,3.25,,
30905,2024,Mudgeeraba - Tallebudgera,QLD,MM1,4,3.75,3.688,3.5,2.25,4.75,4.25,39.25,200.0
30905,2025,Mudgeeraba - Tallebudgera,QLD,MM1,4,4.0,3.833,3.333,3.0,5.0,4.0,46.0,216.667
30906,2023,Nerang,QLD,MM1,2,3.5,3.375,3.5,2.0,5.0,3.0,,
30906,2024,Nerang,QLD,MM1,2,4.0,4.0,4.0,3.5,5.0,3.5,49.5,229.0
30906,2025,Nerang,QLD,MM1,2,4.5,4.125,4.0,3.5,5.0,4.0,51.5,228.0
30907,2023,Ormeau - Oxenford,QLD,MM1,7,3.667,3.458,3.5,2.167,4.667,3.5,,
30907,2024,Ormeau - Oxenford,QLD,MM1,8,3.875,3.438,3.625,2.625,4.625,2.875,34.125,170.5
30907,2025,Ormeau - Oxenford,QLD,MM1,8,4.0,3.821,4.0,3.286,4.714,3.286,46.429,217.857
30908,2023,Robina,QLD,MM1,6,3.0,3.188,3.75,1.5,3.75,3.75,,
30908,2024,Robina,QLD,MM1,8,3.5,3.274,3.167,2.429,4.143,3.429,39.125,198.875
30908,2025,Robina,QLD,MM1,8,3.667,3.571,3.167,3.429,4.167,3.714,49.0,220.429
30909,2023,Southport,QLD,MM1,13,3.583,3.562,3.5,2.167,4.583,4.0,,
30909,2024,Southport,QLD,MM1,13,3.692,3.75,3.385,3.0,4.692,3.923,44.0,202.385
30909,2025,Southport,QLD,MM1,12,4.0,3.833,3.917,3.167,4.75,3.5,47.833,214.5
30910,2023,Surfers Paradise,QLD,MM1,1,4.0,4.25,3.0,4.0,5.0,5.0,,
30910,2024,Surfers Paradise,QLD,MM1,1,4.0,3.5,3.0,3.0,5.0,3.0,42.0,228.0
30910,2025,Surfers Paradise,QLD,MM1,1,4.0,3.75,4.0,3.0,5.0,3.0,47.0,227.0
31001,2023,Forest Lake - Oxley,QLD,MM1,3,3.333,3.333,3.0,3.0,4.0,3.333,,
31001,2024,Forest Lake - Oxley,QLD,MM1,3,3.333,3.417,3.0,3.333,4.0,3.333,43.0,205.0
31001,2025,Forest Lake - Oxley,QLD,MM1,4,4.0,3.75,3.5,3.0,5.0,3.5,45.5,210.5
31002,2023,Ipswich Hinterland,QLD,MM2,6,4.0,3.917,3.667,3.667,4.5,3.833,,
31002,2024,Ipswich Hinterland,QLD,MM2,6,3.833,3.75,3.333,3.5,4.667,3.5,46.333,216.667
31002,2025,Ipswich Hinterland,QLD,MM2,6,4.0,3.75,3.5,3.0,4.75,3.75,47.75,215.0
31003,2023,Ipswich Inner,QLD,MM1,9,3.667,3.5,3.556,2.222,4.889,3.333,,
31003,2024,Ipswich Inner,QLD,MM1,9,3.556,3.694,3.222,2.889,5.0,3.667,42.333,209.222
31003,2025,Ipswich Inner,QLD,MM1,9,4.0,3.792,3.833,3.0,5.0,3.333,47.5,222.167
31101,2023,Beaudesert,QLD,MM4,2,3.5,3.5,3.5,2.5,4.5,3.5,,
31101,2024,Beaudesert,QLD,MM4,2,4.0,3.75,4.0,2.5,5.0,3.5,37.0,207.5
31101,2025,Beaudesert,QLD,MM4,2,4.0,3.75,3.5,3.0,5.0,3.5,47.0,217.5
31102,2023,Beenleigh,QLD,MM1,3,3.333,3.667,3.333,2.667,5.0,3.667,,
31102,2024,Beenleigh,QLD,MM1,3,3.667,3.583,3.0,2.333,5.0,4.0,37.0,197.333
31102,2025,Beenleigh,QLD,MM1,3,4.0,4.083,4.0,3.333,5.0,4.0,47.333,222.0
31103,2023,Browns Plains,QLD,MM1,5,3.4,3.3,3.2,2.0,4.6,3.4,,
31103,2024,Browns Plains,QLD,MM1,5,3.8,3.7,3.2,3.0,4.8,3.8,43.6,210.8
31103,2025,Browns Plains,QLD,MM1,5,4.0,3.65,3.4,3.0,5.0,3.2,47.2,221.2
31104,2023,Jimboomba,QLD,MM2,1,3.0,3.0,4.0,2.0,4.0,2.0,,
31104,2024,Jimboomba,QLD,MM2,1,,,,,,,0.0,0.0
31104,2025,Jimboomba,QLD,MM2,1,4.0,3.5,4.0,3.0,4.0,3.0,46.0,207.0
31105,2023,Loganlea - Carbrook,QLD,MM1,6,3.0,2.917,3.167,2.167,3.667,2.667,,
31105,2024,Loganlea - Carbrook,QLD,MM1,7,3.667,3.5,3.333,2.833,4.5,3.333,40.143,203.0
31105,2025,Loganlea - Carbrook,QLD,MM1,7,4.0,3.75,3.8,3.0,4.6,3.6,46.4,220.2
31106,2023,Springwood - Kingston,QLD,MM1,5,3.8,3.6,3.6,2.2,4.8,3.8,,
31106,2024,Springwood - Kingston,QLD,MM1,5,3.6,3.45,3.0,2.2,4.8,3.8,39.0,197.4
31106,2025,Springwood - Kingston,QLD,MM1,5,4.0,3.812,3.75,2.75,5.0,3.75,45.75,209.75
31201,2023,Bowen Basin - North,QLD,MM4,3,3.667,3.583,3.667,2.333,4.667,3.667,,
31201,2024,Bowen Basin - North,QLD,MM4,2,4.0,3.75,3.5,3.0,5.0,3.5,44.0,214.0
31201,2025,Bowen Basin - North,QLD,MM4,2,4.5,4.375,4.5,3.0,5.0,5.0,44.0,217.0
31202,2023,Mackay,QLD,MM2,8,3.286,3.214,3.857,2.143,4.143,2.714,,
31202,2024,Mackay,QLD,MM2,9,3.556,3.361,3.333,2.667,4.444,3.0,41.778,196.333
31202,2025,Mackay,QLD,MM2,9,3.857,3.679,3.857,3.143,4.429,3.286,47.571,207.0
31203,2023,Whitsunday,QLD,MM5,1,4.0,4.0,3.0,3.0,5.0,5.0,,
31203,2024,Whitsunday,QLD,MM5,1,4.0,3.75,4.0,3.0,5.0,3.0,34.0,214.0
31203,2025,Whitsunday,QLD,MM5,1,4.0,3.75,3.0,3.0,5.0,4.0,47.0,220.0
31301,2023,Bribie - Beachmere,QLD,MM1,2,2.5,3.0,3.0,3.0,3.0,3.0,,
31301,2024,Bribie - Beachmere,QLD,MM2,3,3.5,3.5,3.5,2.5,4.0,4.0,39.0,198.333
31301,2025,Bribie - Beachmere,QLD,MM2,3,3.667,3.5,3.667,3.0,4.333,3.0,50.0,212.333
31302,2023,Caboolture,QLD,MM1,10,3.5,3.35,3.4,2.4,4.4,3.2,,
31302,2024,Caboolture,QLD,MM1,10,3.6,3.575,3.3,3.0,4.5,3.5,38.9,211.4
31302,2025,Caboolture,QLD,MM1,10,3.7,3.575,3.2,3.1,4.7,3.3,46.6,220.6
31303,2023,Caboolture Hinterland,QLD,MM5,2,3.5,3.75,4.0,3.5,4.5,3.0,,
31303,2024,Caboolture Hinterland,QLD,MM5,2,4.0,3.75,4.0,3.0,4.5,3.5,41.0,231.5
31303,2025,Caboolture Hinterland,QLD,MM5,2,4.0,3.875,4.0,3.0,5.0,3.5,46.5,232.0
31304,2023,Narangba - Burpengary,QLD,MM1,5,3.6,3.3,3.2,2.2,4.4,3.4,,
31304,2024,Narangba - Burpengary,QLD,MM1,6,4.0,3.938,3.25,3.5,4.75,4.25,37.0,174.833
31304,2025,Narangba - Burpengary,QLD,MM1,6,3.0,3.444,3.0,3.5,4.0,3.167,49.833,217.667
31305,2023,Redcliffe,QLD,MM1,9,4.0,3.944,3.778,3.444,4.778,3.778,,
31305,2024,Redcliffe,QLD,MM1,10,4.0,3.925,3.5,3.5,4.8,3.9,46.9,208.4
31305,2025,Redcliffe,QLD,MM1,10,3.875,3.844,3.5,3.625,4.75,3.5,53.875,209.25
31401,2023,The Hills District,QLD,MM1,2,4.0,3.25,3.5,2.0,4.0,4.0,,
31401,2024,The Hills District,QLD,MM1,2,3.0,2.875,3.0,2.5,4.0,2.0,39.5,198.5
31401,2025,The Hills District,QLD,MM1,2,4.0,3.75,3.5,3.5,4.5,3.5,48.5,221.5
31402,2023,North Lakes,QLD,MM1,6,4.167,3.917,3.833,3.5,4.833,3.5,,
31402,2024,North Lakes,QLD,MM1,6,3.667,3.625,3.5,2.833,4.833,3.333,42.667,221.5
31402,2025,North Lakes,QLD,MM1,6,4.0,3.967,3.6,3.6,5.0,3.5,51.4,223.4
31403,2023,Strathpine,QLD,MM1,2,4.0,3.75,4.5,2.5,5.0,3.0,,
31403,2024,Strathpine,QLD,MM1,3,4.0,3.75,3.0,3.5,4.5,3.5,39.0,158.667
31403,2025,Strathpine,QLD,MM1,3,3.5,3.375,4.0,3.0,4.0,2.5,48.5,206.5
31501,2023,Far North,QLD,MM7,3,3.667,3.25,4.333,2.333,3.667,2.667,,
31501,2024,Far North,QLD,MM7,3,3.667,3.417,3.333,3.333,4.0,3.0,43.0,198.0
31501,2025,Far North,QLD,MM7,3,5.0,4.25,4.5,3.0,4.5,5.0,47.5,286.0
31502,2023,Outback - North,QLD,MM6,2,4.0,3.75,4.0,3.0,5.0,3.0,,
31502,2024,Outback - North,QLD,MM6,2,4.0,4.0,4.0,3.5,5.0,3.5,52.0,175.0
31502,2025,Outback - North,QLD,MM6,2,4.0,3.875,4.0,3.0,5.0,3.5,62.5,162.5
31503,2023,Outback - South,QLD,MM7,2,4.0,3.875,3.5,3.5,4.0,4.5,,
31503,2024,Outback - South,QLD,MM7,2,4.0,4.125,4.0,4.5,4.5,3.5,80.0,233.5
31503,2025,Outback - South,QLD,MM7,2,4.0,4.0,4.5,4.0,4.5,3.0,76.5,228.5
31601,2023,Buderim,QLD,MM1,2,3.5,3.375,3.5,3.0,4.5,2.5,,
31601,2024,Buderim,QLD,MM1,4,4.0,3.5,3.5,2.5,5.0,3.0,37.75,194.75
31601,2025,Buderim,QLD,MM1,4,4.0,3.688,4.0,3.5,4.25,3.0,49.0,210.5
31602,2023,Caloundra,QLD,MM1,15,3.923,3.673,3.769,2.923,4.769,3.231,,
31602,2024,Caloundra,QLD,MM1,16,4.0,3.792,3.786,3.0,4.688,3.688,40.688,194.688
31602,2025,Caloundra,QLD,MM1,16,3.769,3.692,3.538,3.231,4.692,3.308,45.846,202.692
31603,2023,Maroochy,QLD,MM1,11,3.8,3.583,3.6,3.0,4.727,3.0,,
31603,2024,Maroochy,QLD,MM1,11,3.636,3.591,3.273,3.0,4.727,3.364,43.182,197.364
31603,2025,Maroochy,QLD,MM1,11,3.909,3.727,3.545,3.455,4.818,3.091,49.545,215.455
31605,2023,Noosa,QLD,MM1,5,3.2,3.35,3.4,2.8,4.0,3.2,,
31605,2024,Noosa,QLD,MM1,6,3.6,3.333,3.0,3.0,4.8,2.8,57.333,244.833
31605,2025,Noosa,QLD,MM1,6,4.0,3.667,4.0,3.2,4.75,3.0,46.4,210.4
31606,2023,Sunshine Coast Hinterland,QLD,MM1,2,3.5,3.875,4.0,3.5,4.0,4.0,,
31606,2024,Sunshine Coast Hinterland,QLD,MM1,3,3.5,3.625,4.0,3.0,4.5,3.0,39.667,216.667
31606,2025,Sunshine Coast Hinterland,QLD,MM1,3,4.0,3.625,3.0,3.5,4.5,3.5,48.5,213.5
31607,2023,Nambour,QLD,MM1,8,4.0,3.917,3.625,4.0,4.625,3.286,,
31607,2024,Nambour,QLD,MM1,8,4.0,3.812,3.625,3.5,4.75,3.375,52.875,214.0
31607,2025,Nambour,QLD,MM1,8,4.286,4.107,3.857,4.286,5.0,3.286,64.286,227.286
31608,2023,Noosa Hinterland,QLD,MM2,1,4.0,3.5,3.0,2.0,5.0,4.0,,
31608,2024,Noosa Hinterland,QLD,MM2,1,4.0,3.5,3.0,3.0,5.0,3.0,35.0,218.0
31608,2025,Noosa Hinterland,QLD,MM2,1,4.0,3.75,4.0,3.0,5.0,3.0,47.0,206.0
31701,2023,Toowoomba,QLD,MM2,18,3.778,3.625,3.722,2.667,4.667,3.444,,
31701,2024,Toowoomba,QLD,MM2,18,3.778,3.611,3.667,2.944,4.833,3.0,44.778,200.056
31701,2025,Toowoomba,QLD,MM2,18,3.812,3.672,3.75,2.938,4.75,3.25,47.562,207.312
31801,2023,Charters Towers - Ayr - Ingham,QLD,MM5,6,3.333,3.292,3.333,2.5,4.5,2.833,,
31801,2024,Charters Towers - Ayr - Ingham,QLD,MM5,7,3.571,3.643,3.857,2.857,4.714,3.143,47.143,208.857
31801,2025,Charters Towers - Ayr - Ingham,QLD,MM5,7,4.0,3.75,3.833,3.0,5.0,3.167,56.0,223.5
31802,2023,Townsville,QLD,MM2,12,3.583,3.604,3.75,2.5,4.583,3.583,,
31802,2024,Townsville,QLD,MM2,12,3.667,3.688,3.667,3.25,4.667,3.167,49.667,228.333
31802,2025,Townsville,QLD,MM2,12,3.778,3.722,3.333,3.333,4.889,3.333,54.0,222.444
31901,2023,Bundaberg,QLD,MM2,9,3.333,3.278,3.333,1.889,4.333,3.556,,
31901,2024,Bundaberg,QLD,MM2,9,3.444,3.417,3.444,2.333,4.556,3.333,35.667,210.778
31901,2025,Bundaberg,QLD,MM2,9,4.0,3.917,3.667,3.167,5.0,3.833,50.167,225.833
31902,2023,Burnett,QLD,MM5,9,3.889,3.861,4.0,2.778,4.778,3.889,,
31902,2024,Burnett,QLD,MM5,10,4.0,3.95,3.667,3.2,4.8,4.1,52.3,221.8
31902,2025,Burnett,QLD,MM5,9,4.286,4.357,4.0,4.143,5.0,4.286,57.0,223.143
31903,2023,Gympie - Cooloola,QLD,MM3,5,3.4,3.45,3.4,2.6,4.0,3.8,,
31903,2024,Gympie - Cooloola,QLD,MM3,5,3.6,3.65,3.6,3.2,4.6,3.2,42.4,205.4
31903,2025,Gympie - Cooloola,QLD,MM3,5,4.333,4.0,4.25,3.25,4.667,4.0,49.25,212.75
31904,2023,Hervey Bay,QLD,MM2,9,3.444,3.389,3.222,2.444,4.333,3.556,,
31904,2024,Hervey Bay,QLD,MM2,9,3.556,3.5,3.444,2.889,4.556,3.111,39.222,204.333
31904,2025,Hervey Bay,QLD,MM2,9,3.714,3.571,3.571,2.857,4.714,3.143,44.429,219.571
31905,2023,Maryborough,QLD,MM3,5,3.4,3.35,3.6,2.2,4.2,3.4,,
31905,2024,Maryborough,QLD,MM3,5,3.75,3.562,3.5,2.5,4.75,3.5,31.8,152.4
31905,2025,Maryborough,QLD,MM3,5,3.8,3.65,3.6,2.4,4.8,3.8,43.4,207.8
40101,2023,Adelaide City,SA,MM1,2,4.0,3.625,4.0,2.0,4.0,4.5,,
40101,2024,Adelaide City,SA,MM1,2,4.0,3.625,3.5,3.0,4.5,3.5,39.5,199.0
40101,2025,Adelaide City,SA,MM1,2,4.0,3.875,3.5,3.0,5.0,4.0,47.5,216.0
40102,2023,Adelaide Hills,SA,MM5,8,3.714,3.75,3.143,2.714,4.857,4.286,,
40102,2024,Adelaide Hills,SA,MM5,10,3.778,3.725,3.4,3.222,4.667,3.889,47.1,224.0
40102,2025,Adelaide Hills,SA,MM5,10,3.7,3.75,3.2,3.5,4.5,3.8,50.6,219.4
40103,2023,Burnside,SA,MM1,4,3.5,3.188,3.0,2.5,4.0,3.25,,
40103,2024,Burnside,SA,MM1,5,3.8,3.65,3.6,2.8,4.4,3.8,42.4,205.4
40103,2025,Burnside,SA,MM1,5,4.0,3.7,3.4,3.2,4.6,3.6,50.0,229.8
40104,2023,Campbelltown (SA),SA,MM1,9,3.556,3.5,3.0,3.333,4.111,3.556,,
40104,2024,Campbelltown (SA),SA,MM1,9,3.667,3.806,3.333,3.444,4.333,4.111,45.556,217.0
40104,2025,Campbelltown (SA),SA,MM1,9,3.714,3.704,3.0,3.429,4.667,3.667,52.333,221.889
40105,2023,Norwood - Payneham - St Peters,SA,MM1,4,3.5,3.5,3.25,2.75,4.75,3.25,,
40105,2024,Norwood - Payneham - St Peters,SA,MM1,5,3.8,3.5,2.8,3.6,4.8,2.8,43.2,231.2
40105,2025,Norwood - Payneham - St Peters,SA,MM1,5,3.6,3.5,3.2,3.4,4.8,2.6,51.6,236.0
40106,2023,Prospect - Walkerville,SA,MM1,2,4.0,3.75,3.0,3.0,5.0,4.0,,
40106,2024,Prospect - Walkerville,SA,MM1,3,3.333,3.583,2.667,3.333,4.333,4.0,46.0,206.333
40106,2025,Prospect - Walkerville,SA,MM1,3,3.667,3.917,3.0,3.0,4.667,5.0,50.0,217.333
40107,2023,Unley,SA,MM1,10,3.8,3.825,3.4,3.3,4.6,4.0,,
40107,2024,Unley,SA,MM1,12,3.667,3.75,3.25,3.167,4.583,4.0,43.667,205.167
40107,2025,Unley,SA,MM1,13,3.75,3.708,3.167,3.167,4.583,3.917,47.833,216.083
40201,2023,Gawler - Two Wells,SA,MM1,3,3.333,3.25,3.333,2.0,4.333,3.333,,
40201,2024,Gawler - Two Wells,SA,MM1,4,3.333,3.583,3.333,2.667,4.667,3.667,35.75,214.5
40201,2025,Gawler - Two Wells,SA,MM1,4,3.333,3.25,3.0,2.667,4.667,2.667,42.667,212.667
40202,2023,Playford,SA,MM1,7,3.0,3.167,2.833,1.833,4.0,4.0,,
40202,2024,Playford,SA,MM1,9,3.25,3.333,3.125,3.0,4.111,3.0,42.222,219.778
40202,2025,Playford,SA,MM1,9,3.556,3.472,3.222,3.0,4.444,3.222,47.222,225.667
40203,2023,Port Adelaide - East,SA,MM1,10,3.6,3.4,3.3,2.4,4.6,3.3,,
40203,2024,Port Adelaide - East,SA,MM1,10,3.5,3.575,3.0,3.1,4.6,3.6,47.0,218.5
40203,2025,Port Adelaide - East,SA,MM1,10,3.667,3.592,2.8,3.111,4.9,3.5,43.6,199.5
40204,2023,Salisbury,SA,MM1,13,3.167,3.154,3.167,2.615,3.833,3.077,,
40204,2024,Salisbury,SA,MM1,14,3.286,3.25,2.929,2.643,4.429,3.0,37.214,201.5
40204,2025,Salisbury,SA,MM1,14,3.909,3.686,3.154,3.273,4.692,3.538,43.538,208.077
40205,2023,Tea Tree Gully,SA,MM1,7,3.0,3.107,2.714,1.833,4.167,3.833,,
40205,2024,Tea Tree Gully,SA,MM1,8,3.0,3.25,2.875,2.625,4.5,3.0,37.875,209.125
40205,2025,Tea Tree Gully,SA,MM1,8,3.5,3.375,3.0,2.875,4.5,3.125,46.0,226.625
40301,2023,Holdfast Bay,SA,MM1,5,3.2,3.2,3.6,2.6,4.0,2.6,,
40301,2024,Holdfast Bay,SA,MM1,6,3.5,3.458,3.333,3.0,4.333,3.167,43.667,205.833
40301,2025,Holdfast Bay,SA,MM1,6,3.6,3.6,3.2,3.2,4.6,3.4,49.0,217.6
40302,2023,Marion,SA,MM1,7,3.571,3.393,3.143,2.286,4.571,3.571,,
40302,2024,Marion,SA,MM1,8,3.5,3.406,3.125,2.5,4.625,3.375,40.25,202.5
40302,2025,Marion,SA,MM1,8,3.714,3.536,3.0,3.0,4.714,3.429,46.429,213.571
40303,2023,Mitcham,SA,MM1,9,3.75,3.531,3.125,2.25,4.625,4.125,,
40303,2024,Mitcham,SA,MM1,10,3.9,3.775,3.4,3.1,4.8,3.8,43.7,225.9
40303,2025,Mitcham,SA,MM1,10,3.778,3.556,3.111,3.111,4.889,3.111,47.333,232.778
40304,2023,Onkaparinga,SA,MM1,14,3.643,3.536,3.5,2.214,4.714,3.714,,
40304,2024,Onkaparinga,SA,MM1,17,3.667,3.589,3.2,2.812,4.625,3.688,37.529,195.412
40304,2025,Onkaparinga,SA,MM1,17,3.625,3.544,3.235,2.812,4.706,3.353,46.412,221.824
40401,2023,Charles Sturt,SA,MM1,15,3.333,3.317,3.133,2.533,4.2,3.4,,
40401,2024,Charles Sturt,SA,MM1,15,3.6,3.5,3.267,2.933,4.4,3.4,41.933,222.933
40401,2025,Charles Sturt,SA,MM1,15,3.5,3.472,3.0,3.0,4.733,3.133,43.533,213.267
40402,2023,Port Adelaide - West,SA,MM1,6,3.5,3.5,3.333,3.0,4.5,3.167,,
40402,2024,Port Adelaide - West,SA,MM1,7,3.571,3.536,2.857,3.429,4.571,3.286,41.857,214.571
40402,2025,Port Adelaide - West,SA,MM1,7,3.6,3.6,3.0,2.8,4.8,3.8,44.4,213.8
40403,2023,West Torrens,SA,MM1,9,3.111,3.222,3.222,2.667,3.778,3.222,,
40403,2024,West Torrens,SA,MM1,9,3.444,3.472,3.222,3.111,4.111,3.444,41.889,212.222
40403,2025,West Torrens,SA,MM1,9,3.75,3.5,3.375,2.75,4.75,3.125,45.875,217.5
40501,2023,Barossa,SA,MM4,6,4.167,3.958,3.5,3.0,4.5,4.833,,
40501,2024,Barossa,SA,MM4,6,3.833,3.708,3.333,3.0,4.5,4.0,35.0,225.833
40501,2025,Barossa,SA,MM5,6,3.6,3.85,3.4,3.2,4.8,4.0,49.8,229.2
40502,2023,Lower North,SA,MM5,9,4.25,4.156,4.0,3.5,4.625,4.5,,
40502,2024,Lower North,SA,MM5,9,3.889,4.0,3.667,3.333,4.556,4.444,58.667,244.889
40502,2025,Lower North,SA,MM5,9,4.111,4.194,3.556,3.889,4.778,4.556,65.0,232.556
40503,2023,Mid North,SA,MM5,9,3.667,3.778,3.889,2.667,4.333,4.222,,
40503,2024,Mid North,SA,MM5,9,4.0,4.056,3.889,3.333,4.444,4.556,51.667,231.778
40503,2025,Mid North,SA,MM5,10,4.0,4.125,3.5,4.125,4.75,4.125,61.0,232.0
40504,2023,Yorke Peninsula,SA,MM5,8,3.5,3.531,3.75,2.125,4.375,3.875,,
40504,2024,Yorke Peninsula,SA,MM5,8,3.625,3.656,3.5,2.75,4.5,3.875,39.5,202.875
40504,2025,Yorke Peninsula,SA,MM5,8,3.571,3.75,3.429,3.0,4.714,3.857,46.571,222.857
40601,2023,Eyre Peninsula and South West,SA,MM6,4,3.0,3.062,3.25,2.25,4.25,2.5,,
40601,2024,Eyre Peninsula and South West,SA,MM6,4,3.25,3.375,3.25,3.0,4.25,3.0,40.75,215.5
40601,2025,Eyre Peninsula and South West,SA,MM6,4,3.5,3.375,3.25,3.0,4.25,3.0,47.75,220.75
40602,2023,Outback - North and East,SA,MM4,2,3.0,3.125,2.5,3.0,3.5,3.5,,
40602,2024,Outback - North and East,SA,MM4,2,3.5,3.625,3.0,3.0,4.0,4.5,46.5,189.0
40602,2025,Outback - North and East,SA,MM4,2,4.0,3.833,3.0,4.0,4.5,4.0,27.5,102.5
40701,2023,Fleurieu - Kangaroo Island,SA,MM4,8,3.5,3.406,3.25,3.125,4.25,3.0,,
40701,2024,Fleurieu - Kangaroo Island,SA,MM4,9,3.333,3.333,3.0,2.889,4.333,3.111,39.556,217.444
40701,2025,Fleurieu - Kangaroo Island,SA,MM4,9,3.714,3.679,3.143,3.429,4.714,3.429,48.429,220.143
40702,2023,Limestone Coast,SA,MM3,10,3.4,3.3,3.4,2.9,3.9,3.0,,
40702,2024,Limestone Coast,SA,MM3,11,3.9,3.826,4.1,3.636,4.182,3.364,52.727,227.364
40702,2025,Limestone Coast,SA,MM3,11,3.818,3.705,3.364,3.273,4.455,3.727,51.0,210.909
40703,2023,Murray and Mallee,SA,MM3,10,3.3,3.4,3.0,2.9,3.8,3.9,,
40703,2024,Murray and Mallee,SA,MM3,10,3.6,3.525,3.4,3.5,4.1,3.1,44.7,214.0
40703,2025,Murray and Mallee,SA,MM3,10,3.556,3.5,3.444,3.111,4.333,3.111,48.111,219.667
50101,2023,Augusta - Margaret River - Busselton,WA,MM3,5,3.667,3.667,3.667,2.333,4.667,4.0,,
50101,2024,Augusta - Margaret River - Busselton,WA,MM3,5,3.8,3.55,3.8,3.0,4.4,3.0,39.8,204.0
50101,2025,Augusta - Margaret River - Busselton,WA,MM3,5,3.6,3.35,3.2,2.8,4.6,2.8,43.8,221.6
50102,2023,Bunbury,WA,MM2,10,3.0,2.95,3.2,1.889,3.556,3.111,,
50102,2024,Bunbury,WA,MM2,10,3.333,3.444,3.556,2.778,4.0,3.444,34.6,196.0
50102,2025,Bunbury,WA,MM2,10,3.3,3.425,3.2,2.9,4.3,3.3,48.2,231.7
50103,2023,Manjimup,WA,MM5,4,3.5,3.375,3.5,1.5,3.5,5.0,,
50103,2024,Manjimup,WA,MM5,4,3.667,3.667,3.667,4.0,4.0,3.0,34.5,161.5
50103,2025,Manjimup,WA,MM5,3,3.333,3.417,3.333,3.333,4.0,3.0,44.333,207.333
50201,2023,Mandurah,WA,MM1,9,3.556,3.444,3.222,2.778,4.222,3.556,,
50201,2024,Mandurah,WA,MM1,10,3.889,3.575,3.222,3.4,4.6,3.1,43.5,219.9
50201,2025,Mandurah,WA,MM1,11,3.9,3.9,3.8,3.2,4.7,3.9,47.7,228.2
50301,2023,Cottesloe - Claremont,WA,MM1,10,3.556,3.417,3.778,2.222,4.444,3.222,,
50301,2024,Cottesloe - Claremont,WA,MM1,10,3.889,3.8,3.444,3.2,4.6,3.778,46.0,208.2
50301,2025,Cottesloe - Claremont,WA,MM1,11,3.625,3.75,3.5,3.222,4.556,3.625,47.333,213.778
50302,2023,Perth City,WA,MM1,25,3.522,3.55,3.348,2.68,4.292,3.96,,
50302,2024,Perth City,WA,MM1,25,3.88,3.87,3.8,3.16,4.56,3.96,42.56,210.12
50302,2025,Perth City,WA,MM1,25,3.875,3.74,3.208,3.25,4.708,3.792,48.5,226.667
50401,2023,Bayswater - Bassendean,WA,MM1,8,3.375,3.25,2.875,2.5,4.625,3.0,,
50401,2024,Bayswater - Bassendean,WA,MM1,10,3.75,3.442,2.875,2.9,4.7,3.2,42.8,210.8
50401,2025,Bayswater - Bassendean,WA,MM1,10,3.556,3.556,3.111,3.0,4.667,3.444,48.556,225.889
50402,2023,Mundaring,WA,MM1,2,3.0,3.0,2.0,2.0,4.0,4.0,,
50402,2024,Mundaring,WA,MM1,2,3.0,3.375,2.0,2.5,4.0,4.0,40.0,218.5
50402,2025,Mundaring,WA,MM1,2,3.5,3.875,3.5,3.5,4.0,4.5,49.0,217.5
50403,2023,Swan,WA,MM1,8,3.167,3.208,3.0,2.167,4.5,3.167,,
50403,2024,Swan,WA,MM1,8,3.5,3.375,3.0,3.0,4.5,3.0,38.75,217.25
50403,2025,Swan,WA,MM1,8,3.375,3.5,3.125,3.375,4.25,3.25,48.0,222.75
50501,2023,Joondalup,WA,MM1,10,3.9,3.8,3.4,2.9,4.7,4.2,,
50501,2024,Joondalup,WA,MM1,10,4.1,3.95,3.9,3.8,4.7,3.4,46.5,216.9
50501,2025,Joondalup,WA,MM1,10,3.9,3.65,3.2,3.3,4.9,3.2,50.5,218.9
50502,2023,Stirling,WA,MM1,19,3.389,3.333,3.111,2.667,4.222,3.333,,
50502,2024,Stirling,WA,MM1,20,3.737,3.588,3.421,2.9,4.45,3.6,40.2,208.95
50502,2025,Stirling,WA,MM1,20,3.75,3.7,3.2,2.95,4.7,3.95,45.85,219.65
50503,2023,Wanneroo,WA,MM1,10,3.5,3.475,3.5,2.6,4.1,3.7,,
50503,2024,Wanneroo,WA,MM1,11,3.545,3.5,3.545,2.727,4.455,3.273,40.0,214.818
50503,2025,Wanneroo,WA,MM1,11,3.727,3.568,3.273,3.0,4.818,3.182,47.545,225.727
50601,2023,Armadale,WA,MM1,6,3.5,3.458,3.167,3.167,4.167,3.333,,
50601,2024,Armadale,WA,MM1,7,3.667,3.708,3.167,3.667,4.5,3.5,41.571,188.429
50601,2025,Armadale,WA,MM1,6,3.6,3.542,3.167,3.5,4.8,3.0,50.167,221.667
50602,2023,Belmont - Victoria Park,WA,MM1,9,3.5,3.556,2.875,2.5,4.556,3.625,,
50602,2024,Belmont - Victoria Park,WA,MM1,9,3.889,3.667,3.444,3.444,4.667,3.111,44.778,210.778
50602,2025,Belmont - Victoria Park,WA,MM1,9,3.667,3.694,3.0,3.333,4.667,3.778,47.889,216.111
50603,2023,Canning,WA,MM1,12,3.583,3.5,3.0,2.667,4.667,3.667,,
50603,2024,Canning,WA,MM1,13,3.769,3.692,3.769,2.769,4.462,3.769,40.769,208.769
50603,2025,Canning,WA,MM1,13,3.846,3.692,3.385,2.923,4.846,3.615,46.615,219.0
50604,2023,Gosnells,WA,MM1,8,3.25,3.188,2.75,2.5,4.375,3.125,,
50604,2024,Gosnells,WA,MM1,8,3.75,3.5,3.125,3.125,4.625,3.125,39.75,213.75
50604,2025,Gosnells,WA,MM1,8,3.429,3.321,3.286,2.857,4.429,2.714,45.429,217.429
50605,2023,Kalamunda,WA,MM1,6,3.667,3.417,3.167,3.0,4.333,3.167,,
50605,2024,Kalamunda,WA,MM1,6,3.667,3.708,3.167,3.5,4.5,3.667,45.333,204.667
50605,2025,Kalamunda,WA,MM1,7,3.667,3.708,3.5,3.167,4.667,3.5,48.833,218.5
50606,2023,Serpentine - Jarrahdale,WA,MM1,1,,,,,,,,
50606,2024,Serpentine - Jarrahdale,WA,MM1,1,4.0,3.5,4.0,3.0,4.0,3.0,37.0,208.0
50606,2025,Serpentine - Jarrahdale,WA,MM1,1,3.0,3.25,3.0,3.0,4.0,3.0,46.0,216.0
50607,2023,South Perth,WA,MM1,9,3.375,3.156,2.875,2.5,4.125,3.125,,
50607,2024,South Perth,WA,MM1,10,3.667,3.583,3.556,3.111,4.444,3.222,80.5,294.2
50607,2025,South Perth,WA,MM1,10,3.5,3.575,3.3,3.1,4.5,3.4,48.2,222.4
50701,2023,Cockburn,WA,MM1,10,3.556,3.425,3.1,3.0,4.333,3.444,,
50701,2024,Cockburn,WA,MM1,10,3.4,3.425,3.2,2.7,4.5,3.3,41.2,205.7
50701,2025,Cockburn,WA,MM1,10,3.667,3.667,3.111,3.222,4.667,3.667,46.889,218.333
50702,2023,Fremantle,WA,MM1,6,3.8,3.75,3.8,3.0,4.6,3.6,,
50702,2024,Fremantle,WA,MM1,6,3.6,3.486,3.0,2.833,4.667,3.5,41.167,209.167
50702,2025,Fremantle,WA,MM1,6,3.8,3.75,3.4,3.4,5.0,3.2,48.6,220.6
50703,2023,Kwinana,WA,MM1,1,3.0,3.25,3.0,2.0,5.0,3.0,,
50703,2024,Kwinana,WA,MM1,1,3.0,3.25,3.0,2.0,5.0,3.0,40.0,216.0
50703,2025,Kwinana,WA,MM1,1,4.0,3.5,3.0,3.0,5.0,3.0,45.0,218.0
50704,2023,Melville,WA,MM1,15,3.923,3.865,3.538,3.308,4.692,3.923,,
50704,2024,Melville,WA,MM1,17,3.769,3.692,3.462,2.923,4.692,3.692,42.059,199.353
50704,2025,Melville,WA,MM1,17,3.714,3.65,3.133,3.533,4.571,3.4,68.867,274.867
50705,2023,Rockingham,WA,MM1,8,3.167,3.214,3.429,2.667,4.167,2.667,,
50705,2024,Rockingham,WA,MM1,8,3.5,3.369,3.5,2.857,4.286,2.857,35.875,186.125
50705,2025,Rockingham,WA,MM1,8,3.625,3.531,3.625,2.75,4.5,3.25,45.625,223.5
50901,2023,Albany,WA,MM3,8,3.25,3.125,3.429,2.857,4.125,2.429,,
50901,2024,Albany,WA,MM3,8,4.0,3.75,3.833,4.167,4.167,2.833,42.25,164.25
50901,2025,Albany,WA,MM3,8,3.833,3.679,3.833,3.857,4.429,2.5,58.571,227.571
50902,2023,Wheat Belt - North,WA,MM5,4,2.667,2.5,3.333,2.0,3.667,1.0,,
50902,2024,Wheat Belt - North,WA,MM5,4,4.0,3.75,4.0,4.5,4.25,2.25,59.75,233.0
50902,2025,Wheat Belt - North,WA,MM5,4,4.0,3.75,3.75,4.25,4.5,2.5,55.75,223.5
50903,2023,Wheat Belt - South,WA,MM5,3,3.5,3.125,3.0,2.5,3.5,3.5,,
50903,2024,Wheat Belt - South,WA,MM5,4,3.0,3.646,3.667,3.75,3.5,3.5,49.5,231.0
50903,2025,Wheat Belt - South,WA,MM5,4,3.5,3.562,3.5,4.0,3.75,3.0,71.5,282.0
51001,2023,Kimberley,WA,MM6,3,3.667,3.75,2.667,3.667,4.667,4.0,,
51001,2024,Kimberley,WA,MM6,4,4.0,3.917,3.0,4.333,4.667,3.667,44.0,160.75
51001,2025,Kimberley,WA,MM6,4,4.333,4.312,3.25,4.75,4.75,4.667,72.75,267.5
51002,2023,East Pilbara,WA,MM6,1,3.0,3.25,2.0,4.0,4.0,3.0,,
51002,2024,East Pilbara,WA,MM6,1,3.0,3.25,2.0,5.0,4.0,2.0,56.0,266.0
51002,2025,East Pilbara,WA,MM6,1,4.0,3.75,3.0,5.0,5.0,2.0,65.0,280.0
51003,2023,West Pilbara,WA,MM6,1,4.0,4.0,4.0,4.0,5.0,3.0,,
51003,2024,West Pilbara,WA,MM6,1,4.0,4.0,3.0,5.0,5.0,3.0,86.0,276.0
51003,2025,West Pilbara,WA,MM6,1,4.0,4.0,2.0,5.0,5.0,4.0,88.0,317.0
51101,2023,Esperance,WA,MM6,1,3.0,3.5,3.0,5.0,3.0,3.0,,
51101,2024,Esperance,WA,MM6,1,3.0,2.75,4.0,3.0,3.0,1.0,37.0,321.0
51101,2025,Esperance,WA,MM6,1,2.0,2.333,3.0,,2.0,2.0,0.0,0.0
51103,2023,Goldfields,WA,MM3,3,4.0,3.583,3.0,3.0,5.0,3.333,,
51103,2024,Goldfields,WA,MM3,3,3.667,3.583,3.333,2.667,4.333,4.0,40.667,208.0
51103,2025,Goldfields,WA,MM3,2,5.0,4.75,4.0,5.0,5.0,5.0,53.0,218.0
51104,2023,Mid West,WA,MM3,3,3.333,3.083,3.333,1.667,4.667,2.667,,
51104,2024,Mid West,WA,MM3,3,3.333,3.25,3.333,2.0,4.667,3.0,36.0,204.667
51104,2025,Mid West,WA,MM3,3,4.0,3.667,3.333,2.667,5.0,3.667,50.0,215.333
60101,2023,Brighton,TAS,MM2,1,4.0,3.25,4.0,2.0,5.0,2.0,,
60101,2024,Brighton,TAS,MM2,1,4.0,3.5,4.0,2.0,5.0,3.0,31.0,199.0
60101,2025,Brighton,TAS,MM2,1,4.0,3.25,4.0,2.0,5.0,2.0,38.0,206.0
60102,2023,Hobart - North East,TAS,MM2,6,3.4,3.45,3.4,2.8,4.2,3.4,,
60102,2024,Hobart - North East,TAS,MM2,6,3.8,3.611,3.4,2.833,4.5,3.833,37.5,202.0
60102,2025,Hobart - North East,TAS,MM2,6,3.833,3.917,3.667,3.167,4.667,4.167,42.833,211.167
60103,2023,Hobart - North West,TAS,MM2,7,3.143,3.286,3.429,1.714,4.143,3.857,,
60103,2024,Hobart - North West,TAS,MM2,7,4.0,3.679,3.429,2.571,4.429,4.286,39.571,207.0
60103,2025,Hobart - North West,TAS,MM2,7,4.0,3.893,3.714,3.143,4.571,4.143,47.143,223.286
60104,2023,Hobart - South and West,TAS,MM2,3,3.667,3.583,3.333,2.667,4.333,4.0,,
60104,2024,Hobart - South and West,TAS,MM2,3,4.0,3.667,3.333,3.0,4.667,3.667,43.333,220.0
60104,2025,Hobart - South and West,TAS,MM2,3,4.0,4.167,4.0,3.333,4.667,4.667,48.667,215.333
60105,2023,Hobart Inner,TAS,MM2,9,3.333,3.444,3.111,2.0,4.444,4.222,,
60105,2024,Hobart Inner,TAS,MM2,9,3.778,3.778,3.444,2.889,4.444,4.333,40.333,203.778
60105,2025,Hobart Inner,TAS,MM2,8,3.714,3.75,3.571,2.571,5.0,3.857,43.714,211.0
60106,2023,Sorell - Dodges Ferry,TAS,MM2,1,4.0,3.75,3.0,2.0,5.0,5.0,,
60106,2024,Sorell - Dodges Ferry,TAS,MM2,1,4.0,4.0,4.0,3.0,5.0,4.0,45.0,203.0
60106,2025,Sorell - Dodges Ferry,TAS,MM2,1,4.0,4.25,4.0,3.0,5.0,5.0,50.0,218.0
60201,2023,Launceston,TAS,MM2,11,3.455,3.455,3.273,2.0,4.909,3.636,,
60201,2024,Launceston,TAS,MM2,13,3.417,3.404,3.083,2.308,4.846,3.385,37.846,208.538
60201,2025,Launceston,TAS,MM2,13,3.727,3.659,3.545,2.909,4.818,3.364,44.273,214.273
60202,2023,Meander Valley - West Tamar,TAS,MM5,2,4.0,3.875,3.5,3.0,4.5,4.5,,
60202,2024,Meander Valley - West Tamar,TAS,MM5,2,4.0,4.25,4.0,4.5,4.5,4.0,56.5,217.5
60202,2025,Meander Valley - West Tamar,TAS,MM5,2,4.0,3.875,4.0,4.0,5.0,2.5,61.5,226.0
60203,2023,North East,TAS,MM5,6,4.0,3.833,3.333,2.667,4.667,4.667,,
60203,2024,North East,TAS,MM2,5,4.0,4.05,3.8,3.4,5.0,4.0,76.0,241.2
60203,2025,North East,TAS,MM2,5,4.2,4.2,3.8,3.6,5.0,4.4,82.0,246.0
60301,2023,Central Highlands (Tas.),TAS,MM5,1,4.0,4.5,5.0,5.0,3.0,5.0,,
60301,2024,Central Highlands (Tas.),TAS,MM5,1,5.0,4.5,5.0,5.0,4.0,4.0,115.0,265.0
60301,2025,Central Highlands (Tas.),TAS,MM5,1,5.0,4.75,5.0,5.0,4.0,5.0,125.0,294.0
60302,2023,Huon - Bruny Island,TAS,MM5,3,3.667,3.667,4.0,3.0,4.333,3.333,,
60302,2024,Huon - Bruny Island,TAS,MM5,3,4.333,4.167,4.0,4.0,5.0,3.667,74.0,271.333
60302,2025,Huon - Bruny Island,TAS,MM5,2,4.5,4.375,3.5,5.0,5.0,4.0,75.5,259.5
60303,2023,South East Coast,TAS,MM6,2,3.5,3.375,3.5,2.0,4.0,4.0,,
60303,2024,South East Coast,TAS,MM6,1,4.0,4.0,4.0,5.0,4.0,3.0,51.0,208.0
60303,2025,South East Coast,TAS,MM6,1,4.0,4.0,3.0,5.0,4.0,4.0,53.0,215.0
60401,2023,Burnie - Ulverstone,TAS,MM3,5,3.4,3.3,3.2,2.0,4.0,4.0,,
60401,2024,Burnie - Ulverstone,TAS,MM3,6,3.333,3.417,3.167,2.167,4.5,3.833,35.667,194.333
60401,2025,Burnie - Ulverstone,TAS,MM3,6,3.5,3.583,3.333,2.5,4.5,4.0,42.0,216.833
60402,2023,Devonport,TAS,MM3,6,3.333,3.417,2.833,2.167,4.167,4.5,,
60402,2024,Devonport,TAS,MM3,6,3.833,3.708,3.0,2.5,4.667,4.667,39.167,196.167
60402,2025,Devonport,TAS,MM3,6,3.833,3.917,3.333,3.167,4.667,4.5,46.0,212.667
60403,2023,West Coast,TAS,MM5,3,4.333,4.0,4.333,4.333,4.333,3.0,,
60403,2024,West Coast,TAS,MM5,3,4.0,4.083,4.0,3.667,4.333,4.333,163.0,287.333
60403,2025,West Coast,TAS,MM5,3,4.333,4.25,3.667,4.333,4.333,4.667,178.0,316.0
70101,2023,Darwin City,NT,MM2,1,4.0,3.75,2.0,5.0,5.0,3.0,,
70101,2024,Darwin City,NT,MM2,1,4.0,4.25,4.0,4.0,5.0,4.0,58.0,220.0
70101,2025,Darwin City,NT,MM2,1,4.0,3.75,3.0,4.0,5.0,3.0,62.0,215.0
70102,2023,Darwin Suburbs,NT,MM2,2,3.5,3.125,3.5,2.5,4.5,2.0,,
70102,2024,Darwin Suburbs,NT,MM2,2,3.5,3.75,3.0,3.5,5.0,3.5,61.5,266.5
70102,2025,Darwin Suburbs,NT,MM2,2,4.0,3.875,3.0,4.0,5.0,3.5,58.0,248.5
70104,2023,Palmerston,NT,MM2,1,3.0,3.0,2.0,5.0,3.0,2.0,,
70104,2024,Palmerston,NT,MM2,1,4.0,3.75,3.0,5.0,4.0,3.0,57.0,273.0
70104,2025,Palmerston,NT,MM2,1,4.0,3.75,3.0,5.0,4.0,3.0,59.0,274.0
70201,2023,Alice Springs,NT,MM6,3,3.5,3.861,3.0,4.0,4.0,4.0,,
70201,2024,Alice Springs,NT,MM6,3,3.333,3.333,2.333,3.333,4.333,3.333,44.0,252.0
70201,2025,Alice Springs,NT,MM6,3,4.0,3.944,3.5,4.333,4.667,3.0,54.333,272.333
70205,2023,Katherine,NT,MM6,2,4.0,3.75,3.0,4.5,4.0,3.5,,
70205,2024,Katherine,NT,MM6,2,4.0,3.875,3.0,5.0,4.0,3.5,64.5,244.5
70205,2025,Katherine,NT,MM6,2,4.0,4.125,3.0,5.0,5.0,3.5,68.0,259.5
80101,2023,Belconnen,ACT,MM1,6,3.333,3.25,3.5,2.5,4.5,2.5,,
80101,2024,Belconnen,ACT,MM1,6,3.833,3.542,3.667,2.667,4.5,3.333,38.5,205.833
80101,2025,Belconnen,ACT,MM1,7,3.8,3.65,3.8,2.6,4.8,3.4,43.8,214.6
80105,2023,North Canberra,ACT,MM1,4,3.5,3.625,3.25,3.0,4.25,4.0,,
80105,2024,North Canberra,ACT,MM1,4,4.0,3.75,3.75,3.5,4.5,3.25,43.25,215.0
80105,2025,North Canberra,ACT,MM1,4,4.0,3.917,3.667,3.333,4.667,4.0,47.0,225.667
80106,2023,South Canberra,ACT,MM1,4,3.75,3.5,3.75,1.75,4.5,4.0,,
80106,2024,South Canberra,ACT,MM1,4,4.0,3.812,4.0,3.0,4.75,3.5,39.75,217.75
80106,2025,South Canberra,ACT,MM1,4,4.0,3.75,3.75,3.0,4.75,3.5,44.25,230.0
80107,2023,Tuggeranong,ACT,MM1,3,3.667,3.417,3.0,2.333,4.333,4.0,,
80107,2024,Tuggeranong,ACT,MM1,3,3.667,3.5,3.333,2.333,4.667,3.667,35.333,197.0
80107,2025,Tuggeranong,ACT,MM1,3,3.667,3.583,3.667,3.0,4.667,3.0,44.333,212.667
80108,2023,Weston Creek,ACT,MM1,5,4.0,3.7,3.6,2.8,4.4,4.0,,
80108,2024,Weston Creek,ACT,MM1,5,4.0,3.7,4.0,3.4,4.6,2.8,58.4,277.0
80108,2025,Weston Creek,ACT,MM1,5,4.0,3.9,3.8,3.8,4.8,3.2,58.2,258.8
80109,2023,Woden Valley,ACT,MM1,4,3.5,3.625,3.25,2.5,4.75,4.0,,
80109,2024,Woden Valley,ACT,MM1,5,3.6,3.45,3.4,3.0,4.6,2.8,38.6,213.0
80109,2025,Woden Valley,ACT,MM1,5,3.8,3.65,3.6,3.0,4.8,3.2,45.6,222.6
