sa3_code,sa3_name,year,permanent,respite,total_residential,hcp_level1,hcp_level2,hcp_level3,hcp_level4,total_homecare,total_users,hcp_high_needs,pct_hcp_high
10102.0,Queanbeyan,2024,254.0,8.0,262.0,14,252,157,74,497,759.0,231,0.4647887323943662
10102.0,Queanbeyan,2025,267.0,4.0,271.0,13,228,170,87,498,769.0,257,0.5160642570281124
10103.0,Snowy Mountains,2024,77.0,0.0,77.0,6,71,43,36,156,233.0,79,0.5064102564102564
10103.0,Snowy Mountains,2025,73.0,1.0,74.0,2,74,73,38,187,261.0,111,0.5935828877005348
10104.0,South Coast,2024,871.0,38.0,909.0,74,1016,527,209,1826,2735.0,736,0.40306681270536693
10104.0,South Coast,2025,877.0,37.0,914.0,67,1008,660,222,1957,2871.0,882,0.4506898313745529
10105.0,Goulburn - Mulwaree,2024,380.0,13.0,393.0,20,332,230,79,661,1054.0,309,0.46747352496217853
10105.0,Goulburn - Mulwaree,2025,380.0,10.0,390.0,20,312,287,88,707,1097.0,375,0.5304101838755304
10106.0,Young - Yass,2024,327.0,14.0,341.0,26,206,123,56,411,752.0,179,0.43552311435523117
10106.0,Young - Yass,2025,320.0,18.0,338.0,26,190,135,63,414,752.0,198,0.4782608695652174
10201.0,Gosford,2024,1636.0,79.0,1715.0,169,1237,847,341,2594,4309.0,1188,0.4579799537393986
10201.0,Gosford,2025,1697.0,73.0,1770.0,152,1166,1022,405,2745,4515.0,1427,0.5198542805100183
10202.0,Wyong,2024,1668.0,94.0,1762.0,220,1325,923,393,2861,4623.0,1316,0.4599790283117791
10202.0,Wyong,2025,1699.0,79.0,1778.0,191,1239,1040,476,2946,4724.0,1516,0.5145960624575696
10301.0,Bathurst,2024,504.0,18.0,522.0,15,176,139,81,411,933.0,220,0.5352798053527981
10301.0,Bathurst,2025,532.0,16.0,548.0,11,182,173,92,458,1006.0,265,0.5786026200873362
10302.0,Lachlan Valley,2024,529.0,35.0,564.0,36,260,214,91,601,1165.0,305,0.5074875207986689
10302.0,Lachlan Valley,2025,514.0,22.0,536.0,35,277,275,104,691,1227.0,379,0.548480463096961
10303.0,Lithgow - Mudgee,2024,339.0,16.0,355.0,36,211,166,83,496,851.0,249,0.5020161290322581
10303.0,Lithgow - Mudgee,2025,351.0,10.0,361.0,34,209,158,103,504,865.0,261,0.5178571428571429
10304.0,Orange,2024,592.0,13.0,605.0,23,268,185,85,561,1166.0,270,0.48128342245989303
10304.0,Orange,2025,589.0,18.0,607.0,17,258,223,113,611,1218.0,336,0.5499181669394435
10401.0,Clarence Valley,2024,590.0,17.0,607.0,127,620,365,123,1235,1842.0,488,0.3951417004048583
10401.0,Clarence Valley,2025,601.0,23.0,624.0,108,629,408,127,1272,1896.0,535,0.42059748427672955
10402.0,Coffs Harbour,2024,838.0,31.0,869.0,135,660,506,165,1466,2335.0,671,0.45770804911323326
10402.0,Coffs Harbour,2025,853.0,28.0,881.0,114,613,583,205,1515,2396.0,788,0.5201320132013202
10501.0,Bourke - Cobar - Coonamble,2024,71.0,2.0,73.0,31,156,60,21,268,341.0,81,0.30223880597014924
10501.0,Bourke - Cobar - Coonamble,2025,75.0,4.0,79.0,21,164,101,31,317,396.0,132,0.416403785488959
10502.0,Broken Hill and Far West,2024,166.0,1.0,167.0,30,101,34,22,187,354.0,56,0.2994652406417112
10502.0,Broken Hill and Far West,2025,178.0,2.0,180.0,22,92,29,26,169,349.0,55,0.3254437869822485
10503.0,Dubbo,2024,672.0,58.0,730.0,120,543,371,141,1175,1905.0,512,0.4357446808510638
10503.0,Dubbo,2025,707.0,45.0,752.0,92,525,488,176,1281,2033.0,664,0.5183450429352069
10601.0,Lower Hunter,2024,664.0,19.0,683.0,77,332,185,175,769,1452.0,360,0.4681404421326398
10601.0,Lower Hunter,2025,638.0,13.0,651.0,69,326,243,192,830,1481.0,435,0.5240963855421686
10602.0,Maitland,2024,538.0,17.0,555.0,82,352,217,144,795,1350.0,361,0.4540880503144654
10602.0,Maitland,2025,633.0,19.0,652.0,72,381,257,158,868,1520.0,415,0.478110599078341
10603.0,Port Stephens,2024,576.0,19.0,595.0,95,561,432,275,1363,1958.0,707,0.5187087307410124
10603.0,Port Stephens,2025,580.0,22.0,602.0,85,567,516,288,1456,2058.0,804,0.5521978021978022
10604.0,Upper Hunter,2024,205.0,3.0,208.0,20,111,92,54,277,485.0,146,0.5270758122743683
10604.0,Upper Hunter,2025,210.0,2.0,212.0,18,102,93,68,281,493.0,161,0.5729537366548043
10701.0,Dapto - Port Kembla,2024,788.0,12.0,800.0,60,392,344,143,939,1739.0,487,0.5186368477103301
10701.0,Dapto - Port Kembla,2025,793.0,15.0,808.0,49,337,401,166,953,1761.0,567,0.5949632738719832
10703.0,Kiama - Shellharbour,2024,766.0,21.0,787.0,87,387,363,153,990,1777.0,516,0.5212121212121212
10703.0,Kiama - Shellharbour,2025,760.0,22.0,782.0,75,349,434,180,1038,1820.0,614,0.5915221579961464
10704.0,Wollongong,2024,1006.0,17.0,1023.0,102,575,424,180,1281,2304.0,604,0.4715066354410617
10704.0,Wollongong,2025,987.0,26.0,1013.0,70,448,505,232,1255,2268.0,737,0.5872509960159362
10801.0,Great Lakes,2024,485.0,31.0,516.0,25,449,503,288,1265,1781.0,791,0.6252964426877471
10801.0,Great Lakes,2025,512.0,48.0,560.0,21,440,559,296,1316,1876.0,855,0.6496960486322189
10802.0,Kempsey - Nambucca,2024,632.0,54.0,686.0,124,536,327,186,1173,1859.0,513,0.4373401534526854
10802.0,Kempsey - Nambucca,2025,661.0,38.0,699.0,105,516,385,175,1181,1880.0,560,0.4741744284504657
10803,,2024,,,,1,5,1,0,7,7.0,1,0.14285714285714285
10803,,2025,,,,2,7,3,0,12,12.0,3,0.25
10804.0,Port Macquarie,2024,1010.0,106.0,1116.0,376,1084,543,256,2259,3375.0,799,0.3536963258078796
10804.0,Port Macquarie,2025,1118.0,116.0,1234.0,331,1105,621,231,2288,3522.0,852,0.3723776223776224
10805.0,Taree - Gloucester,2024,568.0,32.0,600.0,24,662,863,450,1999,2599.0,1313,0.6568284142071036
10805.0,Taree - Gloucester,2025,586.0,26.0,612.0,33,670,981,437,2121,2733.0,1418,0.6685525695426685
10901.0,Albury,2024,643.0,21.0,664.0,102,514,252,97,965,1629.0,349,0.3616580310880829
10901.0,Albury,2025,666.0,25.0,691.0,104,441,263,96,904,1595.0,359,0.3971238938053097
10902.0,Lower Murray,2024,89.0,7.0,96.0,34,103,35,13,185,281.0,48,0.2594594594594595
10902.0,Lower Murray,2025,90.0,10.0,100.0,27,87,40,9,163,263.0,49,0.3006134969325153
10903.0,Upper Murray exc. Albury,2024,409.0,35.0,444.0,147,409,140,36,732,1176.0,176,0.24043715846994534
10903.0,Upper Murray exc. Albury,2025,399.0,35.0,434.0,119,357,155,39,670,1104.0,194,0.28955223880597014
11001.0,Armidale,2024,273.0,20.0,293.0,25,155,101,58,339,632.0,159,0.4690265486725664
11001.0,Armidale,2025,282.0,13.0,295.0,15,149,118,69,351,646.0,187,0.5327635327635327
11002.0,Inverell - Tenterfield,2024,347.0,18.0,365.0,28,189,152,51,420,785.0,203,0.48333333333333334
11002.0,Inverell - Tenterfield,2025,361.0,27.0,388.0,25,192,182,58,457,845.0,240,0.5251641137855579
11003.0,Moree - Narrabri,2024,142.0,10.0,152.0,17,107,62,23,209,361.0,85,0.40669856459330145
11003.0,Moree - Narrabri,2025,151.0,5.0,156.0,13,90,77,19,199,355.0,96,0.4824120603015075
11004.0,Tamworth - Gunnedah,2024,656.0,21.0,677.0,53,318,223,100,694,1371.0,323,0.4654178674351585
11004.0,Tamworth - Gunnedah,2025,745.0,12.0,757.0,38,306,285,110,739,1496.0,395,0.5345060893098782
11101.0,Lake Macquarie - East,2024,987.0,26.0,1013.0,242,761,438,274,1715,2728.0,712,0.4151603498542274
11101.0,Lake Macquarie - East,2025,1071.0,21.0,1092.0,190,707,510,288,1695,2787.0,798,0.47079646017699117
11102.0,Lake Macquarie - West,2024,1094.0,39.0,1133.0,142,499,307,200,1148,2281.0,507,0.4416376306620209
11102.0,Lake Macquarie - West,2025,1088.0,27.0,1115.0,119,455,339,234,1147,2262.0,573,0.4995640802092415
11103.0,Newcastle,2024,1893.0,67.0,1960.0,191,884,522,459,2056,4016.0,981,0.4771400778210117
11103.0,Newcastle,2025,1934.0,57.0,1991.0,171,801,595,455,2022,4013.0,1050,0.5192878338278932
11201.0,Richmond Valley - Coastal,2024,801.0,40.0,841.0,161,747,454,207,1569,2410.0,661,0.4212874442319949
11201.0,Richmond Valley - Coastal,2025,859.0,13.0,872.0,155,744,534,245,1678,2550.0,779,0.4642431466030989
11202.0,Richmond Valley - Hinterland,2024,561.0,13.0,574.0,99,661,368,212,1340,1914.0,580,0.43283582089552236
11202.0,Richmond Valley - Hinterland,2025,581.0,16.0,597.0,79,653,423,241,1396,1993.0,664,0.47564469914040114
11203.0,Tweed Valley,2024,1146.0,44.0,1190.0,202,1124,649,293,2268,3458.0,942,0.41534391534391535
11203.0,Tweed Valley,2025,1218.0,27.0,1245.0,172,1133,773,304,2382,3627.0,1077,0.4521410579345088
11301.0,Griffith - Murrumbidgee (West),2024,471.0,32.0,503.0,75,287,195,82,639,1142.0,277,0.433489827856025
11301.0,Griffith - Murrumbidgee (West),2025,470.0,29.0,499.0,60,303,198,74,635,1134.0,272,0.4283464566929134
11302.0,Tumut - Tumbarumba,2024,95.0,7.0,102.0,24,103,53,18,198,300.0,71,0.35858585858585856
11302.0,Tumut - Tumbarumba,2025,89.0,6.0,95.0,23,100,64,19,206,301.0,83,0.4029126213592233
11303.0,Wagga Wagga,2024,818.0,47.0,865.0,132,753,483,229,1597,2462.0,712,0.445835942391985
11303.0,Wagga Wagga,2025,871.0,44.0,915.0,114,698,490,197,1499,2414.0,687,0.45830553702468313
11401.0,Shoalhaven,2024,1115.0,50.0,1165.0,128,647,531,208,1514,2679.0,739,0.48811096433289297
11401.0,Shoalhaven,2025,1143.0,37.0,1180.0,110,564,641,245,1560,2740.0,886,0.5679487179487179
11402.0,Southern Highlands,2024,560.0,47.0,607.0,26,160,125,39,350,957.0,164,0.4685714285714286
11402.0,Southern Highlands,2025,598.0,28.0,626.0,20,138,124,36,318,944.0,160,0.5031446540880503
11501.0,Baulkham Hills,2024,1693.0,73.0,1766.0,127,537,385,175,1224,2990.0,560,0.45751633986928103
11501.0,Baulkham Hills,2025,1758.0,60.0,1818.0,106,530,408,197,1241,3059.0,605,0.48751007252215955
11502.0,Dural - Wisemans Ferry,2024,327.0,15.0,342.0,24,104,62,37,227,569.0,99,0.43612334801762115
11502.0,Dural - Wisemans Ferry,2025,337.0,21.0,358.0,19,96,76,36,227,585.0,112,0.4933920704845815
11503.0,Hawkesbury,2024,33.0,1.0,34.0,2,44,39,22,107,141.0,61,0.5700934579439252
11503.0,Hawkesbury,2025,34.0,0.0,34.0,1,39,54,23,117,151.0,77,0.6581196581196581
11504.0,Rouse Hill - McGraths Hill,2024,106.0,6.0,112.0,15,69,57,45,186,298.0,102,0.5483870967741935
11504.0,Rouse Hill - McGraths Hill,2025,104.0,9.0,113.0,13,88,65,45,211,324.0,110,0.5213270142180095
11601.0,Blacktown,2024,726.0,54.0,780.0,90,599,480,192,1361,2141.0,672,0.4937545922116091
11601.0,Blacktown,2025,768.0,26.0,794.0,93,554,513,212,1372,2166.0,725,0.5284256559766763
11602.0,Blacktown - North,2024,293.0,19.0,312.0,67,265,161,101,594,906.0,262,0.44107744107744107
11602.0,Blacktown - North,2025,350.0,23.0,373.0,62,286,181,98,627,1000.0,279,0.4449760765550239
11603.0,Mount Druitt,2024,660.0,44.0,704.0,69,446,322,144,981,1685.0,466,0.4750254841997961
11603.0,Mount Druitt,2025,713.0,39.0,752.0,62,437,350,172,1021,1773.0,522,0.5112634671890304
11701.0,Botany,2024,151.0,5.0,156.0,26,221,163,81,491,647.0,244,0.4969450101832994
11701.0,Botany,2025,152.0,4.0,156.0,22,205,230,88,545,701.0,318,0.5834862385321101
11702.0,Marrickville - Sydenham - Petersham,2024,283.0,21.0,304.0,9,163,174,96,442,746.0,270,0.6108597285067874
11702.0,Marrickville - Sydenham - Petersham,2025,292.0,11.0,303.0,9,129,189,114,441,744.0,303,0.6870748299319728
11703.0,Sydney Inner City,2024,620.0,34.0,654.0,78,586,482,190,1336,1990.0,672,0.5029940119760479
11703.0,Sydney Inner City,2025,647.0,26.0,673.0,60,536,516,222,1334,2007.0,738,0.553223388305847
11801.0,Eastern Suburbs - North,2024,856.0,70.0,926.0,63,349,255,156,823,1749.0,411,0.4993924665856622
11801.0,Eastern Suburbs - North,2025,887.0,47.0,934.0,50,325,315,162,852,1786.0,477,0.5598591549295775
11802.0,Eastern Suburbs - South,2024,980.0,74.0,1054.0,74,574,421,205,1274,2328.0,626,0.4913657770800628
11802.0,Eastern Suburbs - South,2025,1003.0,56.0,1059.0,68,528,481,251,1328,2387.0,732,0.5512048192771084
11901.0,Bankstown,2024,1498.0,107.0,1605.0,261,1062,644,277,2244,3849.0,921,0.410427807486631
11901.0,Bankstown,2025,1579.0,80.0,1659.0,202,1005,825,340,2372,4031.0,1165,0.4911467116357504
11902.0,Canterbury,2024,749.0,47.0,796.0,63,734,666,341,1804,2600.0,1007,0.5582039911308204
11902.0,Canterbury,2025,816.0,50.0,866.0,56,690,783,375,1904,2770.0,1158,0.6081932773109243
11903.0,Hurstville,2024,1149.0,83.0,1232.0,111,815,683,186,1795,3027.0,869,0.4841225626740947
11903.0,Hurstville,2025,1188.0,55.0,1243.0,81,806,831,258,1976,3219.0,1089,0.5511133603238867
11904.0,Kogarah - Rockdale,2024,1269.0,82.0,1351.0,68,767,567,190,1592,2943.0,757,0.47550251256281406
11904.0,Kogarah - Rockdale,2025,1293.0,80.0,1373.0,54,716,709,233,1712,3085.0,942,0.5502336448598131
12001.0,Canada Bay,2024,635.0,39.0,674.0,32,355,304,152,843,1517.0,456,0.5409252669039146
12001.0,Canada Bay,2025,638.0,34.0,672.0,27,313,332,181,853,1525.0,513,0.6014067995310668
12002.0,Leichhardt,2024,326.0,9.0,335.0,12,155,133,61,361,696.0,194,0.5373961218836565
12002.0,Leichhardt,2025,326.0,6.0,332.0,8,125,151,65,349,681.0,216,0.6189111747851003
12003.0,Strathfield - Burwood - Ashfield,2024,1472.0,60.0,1532.0,62,714,647,301,1724,3256.0,948,0.5498839907192575
12003.0,Strathfield - Burwood - Ashfield,2025,1371.0,54.0,1425.0,52,627,701,327,1707,3132.0,1028,0.6022261277094317
12101.0,Chatswood - Lane Cove,2024,743.0,41.0,784.0,62,380,260,161,863,1647.0,421,0.48783314020857477
12101.0,Chatswood - Lane Cove,2025,816.0,21.0,837.0,53,367,303,192,915,1752.0,495,0.5409836065573771
12102.0,Hornsby,2024,752.0,44.0,796.0,81,383,228,123,815,1611.0,351,0.4306748466257669
12102.0,Hornsby,2025,819.0,49.0,868.0,66,351,286,137,840,1708.0,423,0.5035714285714286
12103.0,Ku-ring-gai,2024,1233.0,53.0,1286.0,114,486,341,194,1135,2421.0,535,0.4713656387665198
12103.0,Ku-ring-gai,2025,1405.0,56.0,1461.0,103,429,343,227,1102,2563.0,570,0.5172413793103449
12104.0,North Sydney - Mosman,2024,420.0,40.0,460.0,32,233,207,126,598,1058.0,333,0.5568561872909699
12104.0,North Sydney - Mosman,2025,487.0,17.0,504.0,36,215,220,133,604,1108.0,353,0.5844370860927153
12201.0,Manly,2024,162.0,6.0,168.0,24,89,73,49,235,403.0,122,0.5191489361702127
12201.0,Manly,2025,158.0,8.0,166.0,21,78,67,51,217,383.0,118,0.543778801843318
12202.0,Pittwater,2024,605.0,22.0,627.0,59,276,162,103,600,1227.0,265,0.44166666666666665
12202.0,Pittwater,2025,584.0,14.0,598.0,50,227,172,107,556,1154.0,279,0.5017985611510791
12203.0,Warringah,2024,1305.0,68.0,1373.0,148,664,403,242,1457,2830.0,645,0.4426904598490048
12203.0,Warringah,2025,1334.0,50.0,1384.0,144,608,412,268,1432,2816.0,680,0.4748603351955307
12301.0,Camden,2024,501.0,16.0,517.0,39,110,85,30,264,781.0,115,0.4356060606060606
12301.0,Camden,2025,500.0,27.0,527.0,33,106,96,26,261,788.0,122,0.4674329501915709
12302.0,Campbelltown (NSW),2024,1007.0,81.0,1088.0,131,467,301,92,991,2079.0,393,0.39656912209889
12302.0,Campbelltown (NSW),2025,1234.0,48.0,1282.0,110,453,350,102,1015,2297.0,452,0.44532019704433495
12303.0,Wollondilly,2024,247.0,8.0,255.0,37,86,70,20,213,468.0,90,0.4225352112676056
12303.0,Wollondilly,2025,249.0,11.0,260.0,31,75,70,21,197,457.0,91,0.4619289340101523
12401.0,Blue Mountains,2024,595.0,20.0,615.0,43,370,276,114,803,1418.0,390,0.48567870485678705
12401.0,Blue Mountains,2025,634.0,16.0,650.0,38,351,271,147,807,1457.0,418,0.5179677819083024
12403.0,Penrith,2024,962.0,40.0,1002.0,61,494,445,162,1162,2164.0,607,0.5223752151462995
12403.0,Penrith,2025,975.0,25.0,1000.0,56,476,451,178,1161,2161.0,629,0.5417743324720069
12404.0,Richmond - Windsor,2024,374.0,4.0,378.0,13,152,108,43,316,694.0,151,0.4778481012658228
12404.0,Richmond - Windsor,2025,369.0,9.0,378.0,10,153,129,54,346,724.0,183,0.5289017341040463
12405.0,St Marys,2024,227.0,13.0,240.0,16,207,164,83,470,710.0,247,0.5255319148936171
12405.0,St Marys,2025,217.0,17.0,234.0,11,197,182,83,473,707.0,265,0.5602536997885835
12501.0,Auburn,2024,334.0,23.0,357.0,88,425,362,120,995,1352.0,482,0.4844221105527638
12501.0,Auburn,2025,359.0,23.0,382.0,84,418,403,142,1047,1429.0,545,0.5205348615090736
12502.0,Carlingford,2024,202.0,6.0,208.0,73,327,261,138,799,1007.0,399,0.49937421777221525
12502.0,Carlingford,2025,202.0,5.0,207.0,65,333,283,140,821,1028.0,423,0.5152253349573691
12503.0,Merrylands - Guildford,2024,931.0,64.0,995.0,162,848,664,279,1953,2948.0,943,0.4828469022017409
12503.0,Merrylands - Guildford,2025,994.0,47.0,1041.0,136,832,763,318,2049,3090.0,1081,0.5275744265495363
12504.0,Parramatta,2024,1294.0,85.0,1379.0,106,627,494,204,1431,2810.0,698,0.48777078965758214
12504.0,Parramatta,2025,1424.0,60.0,1484.0,100,603,532,206,1441,2925.0,738,0.5121443442054129
12601.0,Pennant Hills - Epping,2024,197.0,32.0,229.0,38,229,148,81,496,725.0,229,0.46169354838709675
12601.0,Pennant Hills - Epping,2025,269.0,13.0,282.0,36,214,159,86,495,777.0,245,0.494949494949495
12602.0,Ryde - Hunters Hill,2024,1321.0,83.0,1404.0,128,772,609,271,1780,3184.0,880,0.4943820224719101
12602.0,Ryde - Hunters Hill,2025,1404.0,60.0,1464.0,106,737,682,333,1858,3322.0,1015,0.5462863293864371
12701.0,Bringelly - Green Valley,2024,408.0,20.0,428.0,94,395,288,125,902,1330.0,413,0.45787139689578715
12701.0,Bringelly - Green Valley,2025,436.0,20.0,456.0,82,397,363,154,996,1452.0,517,0.5190763052208835
12702.0,Fairfield,2024,1252.0,52.0,1304.0,332,1545,916,400,3193,4497.0,1316,0.41215158158471654
12702.0,Fairfield,2025,1256.0,56.0,1312.0,287,1567,1182,466,3502,4814.0,1648,0.47058823529411764
12703.0,Liverpool,2024,696.0,40.0,736.0,142,652,410,147,1351,2087.0,557,0.41228719467061437
12703.0,Liverpool,2025,558.0,34.0,592.0,116,622,525,176,1439,2031.0,701,0.4871438498957609
12801.0,Cronulla - Miranda - Caringbah,2024,1097.0,48.0,1145.0,37,520,373,147,1077,2222.0,520,0.4828226555246054
12801.0,Cronulla - Miranda - Caringbah,2025,1138.0,49.0,1187.0,30,479,448,159,1116,2303.0,607,0.5439068100358423
12802.0,Sutherland - Menai - Heathcote,2024,1242.0,54.0,1296.0,32,419,339,126,916,2212.0,465,0.50764192139738
12802.0,Sutherland - Menai - Heathcote,2025,1248.0,58.0,1306.0,29,408,375,130,942,2248.0,505,0.5360934182590233
20101.0,Ballarat,2024,1108.0,27.0,1135.0,35,648,437,285,1405,2540.0,722,0.5138790035587188
20101.0,Ballarat,2025,1136.0,21.0,1157.0,34,586,505,326,1451,2608.0,831,0.5727084769124742
20102.0,Creswick - Daylesford - Ballan,2024,258.0,10.0,268.0,9,163,103,58,333,601.0,161,0.48348348348348347
20102.0,Creswick - Daylesford - Ballan,2025,254.0,27.0,281.0,8,152,129,73,362,643.0,202,0.5580110497237569
20103.0,Maryborough - Pyrenees,2024,256.0,8.0,264.0,3,105,62,45,215,479.0,107,0.49767441860465117
20103.0,Maryborough - Pyrenees,2025,259.0,7.0,266.0,3,110,84,72,269,535.0,156,0.5799256505576208
20201.0,Bendigo,2024,1075.0,29.0,1104.0,30,294,239,205,768,1872.0,444,0.578125
20201.0,Bendigo,2025,1116.0,18.0,1134.0,19,247,299,288,853,1987.0,587,0.6881594372801876
20202.0,Heathcote - Castlemaine - Kyneton,2024,488.0,29.0,517.0,18,129,123,103,373,890.0,226,0.6058981233243967
20202.0,Heathcote - Castlemaine - Kyneton,2025,512.0,29.0,541.0,13,115,148,140,416,957.0,288,0.6923076923076923
20203.0,Loddon - Elmore,2024,56.0,1.0,57.0,2,36,25,22,85,142.0,47,0.5529411764705883
20203.0,Loddon - Elmore,2025,51.0,5.0,56.0,0,36,31,35,102,158.0,66,0.6470588235294118
20301.0,Barwon - West,2024,144.0,10.0,154.0,8,77,51,38,174,328.0,89,0.5114942528735632
20301.0,Barwon - West,2025,157.0,10.0,167.0,9,70,59,47,185,352.0,106,0.572972972972973
20302.0,Geelong,2024,2129.0,116.0,2245.0,60,1060,879,801,2800,5045.0,1680,0.6
20302.0,Geelong,2025,2223.0,98.0,2321.0,56,1002,1065,866,2989,5310.0,1931,0.6460354633656742
20303.0,Surf Coast - Bellarine Peninsula,2024,836.0,69.0,905.0,33,398,301,266,998,1903.0,567,0.5681362725450901
20303.0,Surf Coast - Bellarine Peninsula,2025,895.0,36.0,931.0,36,410,382,313,1141,2072.0,695,0.6091148115687993
20401.0,Upper Goulburn Valley,2024,551.0,28.0,579.0,62,211,99,48,420,999.0,147,0.35
20401.0,Upper Goulburn Valley,2025,561.0,25.0,586.0,61,206,101,47,415,1001.0,148,0.3566265060240964
20402.0,Wangaratta - Benalla,2024,556.0,17.0,573.0,12,254,110,59,435,1008.0,169,0.38850574712643676
20402.0,Wangaratta - Benalla,2025,562.0,29.0,591.0,8,205,118,51,382,973.0,169,0.4424083769633508
20403.0,Wodonga - Alpine,2024,531.0,32.0,563.0,16,277,147,81,521,1084.0,228,0.43761996161228406
20403.0,Wodonga - Alpine,2025,554.0,29.0,583.0,14,256,151,69,490,1073.0,220,0.4489795918367347
20501.0,Baw Baw,2024,441.0,9.0,450.0,32,305,263,146,746,1196.0,409,0.5482573726541555
20501.0,Baw Baw,2025,511.0,15.0,526.0,24,260,318,181,783,1309.0,499,0.6372924648786717
20502.0,Gippsland - East,2024,434.0,30.0,464.0,93,524,419,264,1300,1764.0,683,0.5253846153846153
20502.0,Gippsland - East,2025,453.0,40.0,493.0,76,493,522,312,1403,1896.0,834,0.594440484675695
20503.0,Gippsland - South West,2024,690.0,23.0,713.0,103,630,458,407,1598,2311.0,865,0.5413016270337923
20503.0,Gippsland - South West,2025,682.0,34.0,716.0,91,626,565,433,1715,2431.0,998,0.5819241982507288
20504.0,Latrobe Valley,2024,827.0,33.0,860.0,97,637,471,289,1494,2354.0,760,0.5087014725568942
20504.0,Latrobe Valley,2025,873.0,44.0,917.0,85,586,586,319,1576,2493.0,905,0.574238578680203
20505.0,Wellington,2024,393.0,32.0,425.0,101,441,243,140,925,1350.0,383,0.41405405405405404
20505.0,Wellington,2025,396.0,32.0,428.0,79,390,322,178,969,1397.0,500,0.5159958720330238
20601.0,Brunswick - Coburg,2024,373.0,19.0,392.0,15,399,378,376,1168,1560.0,754,0.6455479452054794
20601.0,Brunswick - Coburg,2025,380.0,25.0,405.0,10,335,415,414,1174,1579.0,829,0.7061328790459966
20602.0,Darebin - South,2024,378.0,10.0,388.0,40,356,279,178,853,1241.0,457,0.5357561547479485
20602.0,Darebin - South,2025,391.0,21.0,412.0,33,340,305,221,899,1311.0,526,0.5850945494994438
20603.0,Essendon,2024,557.0,35.0,592.0,10,250,230,210,700,1292.0,440,0.6285714285714286
20603.0,Essendon,2025,587.0,23.0,610.0,7,219,244,235,705,1315.0,479,0.6794326241134752
20604.0,Melbourne City,2024,618.0,31.0,649.0,15,159,175,206,555,1204.0,381,0.6864864864864865
20604.0,Melbourne City,2025,651.0,25.0,676.0,14,133,186,241,574,1250.0,427,0.7439024390243902
20605.0,Port Phillip,2024,465.0,44.0,509.0,2,204,235,246,687,1196.0,481,0.7001455604075691
20605.0,Port Phillip,2025,516.0,44.0,560.0,2,183,282,263,730,1290.0,545,0.7465753424657534
20606.0,Stonnington - West,2024,188.0,6.0,194.0,0,131,170,163,464,658.0,333,0.7176724137931034
20606.0,Stonnington - West,2025,182.0,6.0,188.0,0,108,171,189,468,656.0,360,0.7692307692307693
20607.0,Yarra,2024,229.0,16.0,245.0,100,523,330,288,1241,1486.0,618,0.49798549556809024
20607.0,Yarra,2025,257.0,7.0,264.0,96,494,358,320,1268,1532.0,678,0.5347003154574133
20701.0,Boroondara,2024,1776.0,95.0,1871.0,127,841,504,525,1997,3868.0,1029,0.515272909364046
20701.0,Boroondara,2025,1836.0,107.0,1943.0,137,828,567,665,2197,4140.0,1232,0.5607646791078744
20702.0,Manningham - West,2024,1141.0,72.0,1213.0,197,963,506,447,2113,3326.0,953,0.45101751064836726
20702.0,Manningham - West,2025,1174.0,72.0,1246.0,168,1011,645,483,2307,3553.0,1128,0.4889466840052016
20703.0,Whitehorse - West,2024,974.0,53.0,1027.0,161,886,533,342,1922,2949.0,875,0.45525494276795003
20703.0,Whitehorse - West,2025,1013.0,36.0,1049.0,145,841,620,406,2012,3061.0,1026,0.5099403578528827
20801.0,Bayside,2024,1144.0,63.0,1207.0,28,258,291,266,843,2050.0,557,0.66073546856465
20801.0,Bayside,2025,1204.0,71.0,1275.0,26,262,358,296,942,2217.0,654,0.6942675159235668
20802.0,Glen Eira,2024,1401.0,74.0,1475.0,17,591,628,526,1762,3237.0,1154,0.6549375709421112
20802.0,Glen Eira,2025,1456.0,58.0,1514.0,16,520,722,605,1863,3377.0,1327,0.7122920021470747
20803.0,Kingston,2024,998.0,37.0,1035.0,41,483,497,318,1339,2374.0,815,0.6086631814787155
20803.0,Kingston,2025,1028.0,43.0,1071.0,33,452,574,383,1442,2513.0,957,0.6636615811373093
20804.0,Stonnington - East,2024,591.0,36.0,627.0,2,109,104,102,317,944.0,206,0.6498422712933754
20804.0,Stonnington - East,2025,620.0,23.0,643.0,2,97,129,136,364,1007.0,265,0.728021978021978
20901.0,Banyule,2024,1006.0,38.0,1044.0,156,741,396,242,1535,2579.0,638,0.41563517915309445
20901.0,Banyule,2025,1056.0,50.0,1106.0,139,724,454,286,1603,2709.0,740,0.4616344354335621
20902.0,Darebin - North,2024,861.0,55.0,916.0,59,827,477,279,1642,2558.0,756,0.46041412911084045
20902.0,Darebin - North,2025,901.0,50.0,951.0,43,806,632,312,1793,2744.0,944,0.5264919129949804
20903.0,Nillumbik - Kinglake,2024,443.0,33.0,476.0,16,136,109,83,344,820.0,192,0.5581395348837209
20903.0,Nillumbik - Kinglake,2025,448.0,36.0,484.0,15,140,164,90,409,893.0,254,0.6210268948655256
20904.0,Whittlesea - Wallan,2024,1332.0,107.0,1439.0,67,993,680,445,2185,3624.0,1125,0.5148741418764302
20904.0,Whittlesea - Wallan,2025,1451.0,105.0,1556.0,63,950,915,495,2423,3979.0,1410,0.5819232356582749
21001.0,Keilor,2024,529.0,26.0,555.0,12,442,372,289,1115,1670.0,661,0.5928251121076233
21001.0,Keilor,2025,528.0,55.0,583.0,8,379,427,325,1139,1722.0,752,0.6602282704126426
21002.0,Macedon Ranges,2024,138.0,6.0,144.0,8,39,52,54,153,297.0,106,0.6928104575163399
21002.0,Macedon Ranges,2025,244.0,17.0,261.0,1,49,81,57,188,449.0,138,0.7340425531914894
21003.0,Moreland - North,2024,795.0,74.0,869.0,20,507,429,354,1310,2179.0,783,0.5977099236641221
21003.0,Moreland - North,2025,839.0,61.0,900.0,12,401,471,405,1289,2189.0,876,0.6795965865011637
21004.0,Sunbury,2024,184.0,2.0,186.0,1,98,96,109,304,490.0,205,0.6743421052631579
21004.0,Sunbury,2025,179.0,4.0,183.0,1,98,114,110,323,506.0,224,0.6934984520123839
21005.0,Tullamarine - Broadmeadows,2024,579.0,42.0,621.0,13,435,630,628,1706,2327.0,1258,0.7373974208675264
21005.0,Tullamarine - Broadmeadows,2025,605.0,22.0,627.0,10,369,770,771,1920,2547.0,1541,0.8026041666666667
21101.0,Knox,2024,1381.0,52.0,1433.0,208,1049,576,429,2262,3695.0,1005,0.4442970822281167
21101.0,Knox,2025,1399.0,50.0,1449.0,171,961,706,482,2320,3769.0,1188,0.5120689655172413
21102.0,Manningham - East,2024,287.0,16.0,303.0,28,132,69,75,304,607.0,144,0.47368421052631576
21102.0,Manningham - East,2025,301.0,20.0,321.0,23,123,86,87,319,640.0,173,0.542319749216301
21103.0,Maroondah,2024,1135.0,63.0,1198.0,181,865,404,297,1747,2945.0,701,0.4012593016599886
21103.0,Maroondah,2025,1203.0,59.0,1262.0,159,822,495,320,1796,3058.0,815,0.4537861915367483
21104.0,Whitehorse - East,2024,625.0,24.0,649.0,114,504,259,202,1079,1728.0,461,0.4272474513438369
21104.0,Whitehorse - East,2025,612.0,28.0,640.0,88,501,331,218,1138,1778.0,549,0.48242530755711777
21105.0,Yarra Ranges,2024,877.0,53.0,930.0,246,1080,533,297,2156,3086.0,830,0.3849721706864564
21105.0,Yarra Ranges,2025,968.0,57.0,1025.0,201,1019,662,357,2239,3264.0,1019,0.4551138901295221
21201.0,Cardinia,2024,695.0,18.0,713.0,13,230,221,141,605,1318.0,362,0.5983471074380166
21201.0,Cardinia,2025,703.0,17.0,720.0,16,210,314,219,759,1479.0,533,0.7022397891963109
21202.0,Casey - North,2024,1036.0,33.0,1069.0,29,611,468,333,1441,2510.0,801,0.5558639833448994
21202.0,Casey - North,2025,1030.0,31.0,1061.0,24,533,604,454,1615,2676.0,1058,0.6551083591331269
21203.0,Casey - South,2024,674.0,23.0,697.0,32,522,412,340,1306,2003.0,752,0.5758039816232772
21203.0,Casey - South,2025,667.0,27.0,694.0,33,480,533,453,1499,2193.0,986,0.6577718478985991
21204.0,Dandenong,2024,1557.0,49.0,1606.0,107,1180,1164,693,3144,4750.0,1857,0.5906488549618321
21204.0,Dandenong,2025,1547.0,77.0,1624.0,82,1117,1390,901,3490,5114.0,2291,0.6564469914040114
21205.0,Monash,2024,1970.0,103.0,2073.0,270,1459,816,684,3229,5302.0,1500,0.4645401052957572
21205.0,Monash,2025,2050.0,91.0,2141.0,237,1460,995,741,3433,5574.0,1736,0.5056801631226333
21301.0,Brimbank,2024,1111.0,51.0,1162.0,24,1091,980,529,2624,3786.0,1509,0.5750762195121951
21301.0,Brimbank,2025,1111.0,48.0,1159.0,17,1087,1069,553,2726,3885.0,1622,0.59501100513573
21302.0,Hobsons Bay,2024,691.0,53.0,744.0,5,381,323,177,886,1630.0,500,0.5643340857787811
21302.0,Hobsons Bay,2025,715.0,46.0,761.0,5,360,359,188,912,1673.0,547,0.5997807017543859
21303.0,Maribyrnong,2024,486.0,37.0,523.0,3,390,304,188,885,1408.0,492,0.5559322033898305
21303.0,Maribyrnong,2025,515.0,24.0,539.0,3,365,324,195,887,1426.0,519,0.5851183765501691
21304.0,Melton - Bacchus Marsh,2024,584.0,22.0,606.0,16,547,432,236,1231,1837.0,668,0.5426482534524777
21304.0,Melton - Bacchus Marsh,2025,581.0,15.0,596.0,15,558,470,272,1315,1911.0,742,0.5642585551330799
21305.0,Wyndham,2024,1004.0,69.0,1073.0,10,484,412,225,1131,2204.0,637,0.5632183908045977
21305.0,Wyndham,2025,1108.0,55.0,1163.0,10,471,491,244,1216,2379.0,735,0.6044407894736842
21401.0,Frankston,2024,1169.0,74.0,1243.0,25,581,419,370,1395,2638.0,789,0.5655913978494623
21401.0,Frankston,2025,1243.0,51.0,1294.0,18,501,518,510,1547,2841.0,1028,0.6645119586296057
21402.0,Mornington Peninsula,2024,1988.0,127.0,2115.0,85,1313,750,518,2666,4781.0,1268,0.47561890472618157
21402.0,Mornington Peninsula,2025,2093.0,124.0,2217.0,66,1170,925,680,2841,5058.0,1605,0.5649419218585006
21501.0,Grampians,2024,721.0,28.0,749.0,29,441,205,87,762,1511.0,292,0.38320209973753283
21501.0,Grampians,2025,745.0,26.0,771.0,23,368,250,133,774,1545.0,383,0.49483204134366926
21502.0,Mildura,2024,528.0,19.0,547.0,89,598,266,154,1107,1654.0,420,0.3794037940379404
21502.0,Mildura,2025,539.0,26.0,565.0,68,541,264,156,1029,1594.0,420,0.40816326530612246
21503.0,Murray River - Swan Hill,2024,428.0,23.0,451.0,9,207,128,71,415,866.0,199,0.4795180722891566
21503.0,Murray River - Swan Hill,2025,434.0,25.0,459.0,9,199,162,132,502,961.0,294,0.5856573705179283
21601.0,Campaspe,2024,454.0,20.0,474.0,32,283,172,117,604,1078.0,289,0.478476821192053
21601.0,Campaspe,2025,484.0,19.0,503.0,31,255,188,159,633,1136.0,347,0.5481832543443917
21602.0,Moira,2024,356.0,12.0,368.0,73,220,69,24,386,754.0,93,0.24093264248704663
21602.0,Moira,2025,370.0,14.0,384.0,58,204,76,24,362,746.0,100,0.27624309392265195
21603.0,Shepparton,2024,653.0,19.0,672.0,99,330,131,53,613,1285.0,184,0.300163132137031
21603.0,Shepparton,2025,662.0,25.0,687.0,83,318,146,51,598,1285.0,197,0.3294314381270903
21701.0,Glenelg - Southern Grampians,2024,414.0,37.0,451.0,12,388,225,154,779,1230.0,379,0.4865211810012837
21701.0,Glenelg - Southern Grampians,2025,454.0,26.0,480.0,13,367,238,168,786,1266.0,406,0.5165394402035624
21703.0,Colac - Corangamite,2024,344.0,11.0,355.0,9,203,188,121,521,876.0,309,0.5930902111324377
21703.0,Colac - Corangamite,2025,348.0,11.0,359.0,8,199,209,133,549,908.0,342,0.6229508196721312
21704.0,Warrnambool,2024,520.0,14.0,534.0,9,408,307,229,953,1487.0,536,0.5624344176285414
21704.0,Warrnambool,2025,519.0,13.0,532.0,9,360,347,253,969,1501.0,600,0.6191950464396285
30101.0,Capalaba,2024,603.0,12.0,615.0,22,160,202,105,489,1104.0,307,0.6278118609406953
30101.0,Capalaba,2025,542.0,12.0,554.0,21,176,243,126,566,1120.0,369,0.6519434628975265
30102.0,Cleveland - Stradbroke,2024,912.0,34.0,946.0,82,518,388,186,1174,2120.0,574,0.4889267461669506
30102.0,Cleveland - Stradbroke,2025,928.0,28.0,956.0,73,499,487,216,1275,2231.0,703,0.5513725490196079
30103.0,Wynnum - Manly,2024,465.0,3.0,468.0,29,199,172,84,484,952.0,256,0.5289256198347108
30103.0,Wynnum - Manly,2025,462.0,7.0,469.0,25,194,204,95,518,987.0,299,0.5772200772200772
30201.0,Bald Hills - Everton Park,2024,481.0,13.0,494.0,10,147,133,102,392,886.0,235,0.5994897959183674
30201.0,Bald Hills - Everton Park,2025,483.0,5.0,488.0,6,153,137,103,399,887.0,240,0.6015037593984962
30202.0,Chermside,2024,698.0,8.0,706.0,26,311,275,162,774,1480.0,437,0.5645994832041343
30202.0,Chermside,2025,699.0,6.0,705.0,20,272,324,203,819,1524.0,527,0.6434676434676435
30203.0,Nundah,2024,309.0,1.0,310.0,11,142,118,80,351,661.0,198,0.5641025641025641
30203.0,Nundah,2025,310.0,0.0,310.0,10,127,129,90,356,666.0,219,0.6151685393258427
30204.0,Sandgate,2024,656.0,29.0,685.0,24,238,229,145,636,1321.0,374,0.5880503144654088
30204.0,Sandgate,2025,696.0,9.0,705.0,21,221,269,166,677,1382.0,435,0.6425406203840472
30301.0,Carindale,2024,445.0,6.0,451.0,12,120,150,91,373,824.0,241,0.646112600536193
30301.0,Carindale,2025,457.0,0.0,457.0,9,118,170,91,388,845.0,261,0.6726804123711341
30302.0,Holland Park - Yeronga,2024,645.0,25.0,670.0,17,144,200,124,485,1155.0,324,0.668041237113402
30302.0,Holland Park - Yeronga,2025,660.0,8.0,668.0,14,133,231,139,517,1185.0,370,0.7156673114119922
30303.0,Mt Gravatt,2024,632.0,29.0,661.0,25,245,215,130,615,1276.0,345,0.5609756097560976
30303.0,Mt Gravatt,2025,651.0,16.0,667.0,17,221,251,162,651,1318.0,413,0.6344086021505376
30304.0,Nathan,2024,110.0,11.0,121.0,11,105,106,78,300,421.0,184,0.6133333333333333
30304.0,Nathan,2025,129.0,1.0,130.0,9,99,146,98,352,482.0,244,0.6931818181818182
30305.0,Rocklea - Acacia Ridge,2024,642.0,22.0,664.0,14,146,127,95,382,1046.0,222,0.581151832460733
30305.0,Rocklea - Acacia Ridge,2025,661.0,7.0,668.0,11,142,173,122,448,1116.0,295,0.6584821428571429
30306.0,Sunnybank,2024,339.0,21.0,360.0,24,184,175,97,480,840.0,272,0.5666666666666667
30306.0,Sunnybank,2025,348.0,4.0,352.0,19,164,248,117,548,900.0,365,0.666058394160584
30401.0,Centenary,2024,435.0,10.0,445.0,18,100,100,60,278,723.0,160,0.5755395683453237
30401.0,Centenary,2025,434.0,5.0,439.0,12,100,110,66,288,727.0,176,0.6111111111111112
30402.0,Kenmore - Brookfield - Moggill,2024,434.0,9.0,443.0,10,107,111,89,317,760.0,200,0.6309148264984227
30402.0,Kenmore - Brookfield - Moggill,2025,444.0,3.0,447.0,10,98,118,100,326,773.0,218,0.6687116564417178
30403.0,Sherwood - Indooroopilly,2024,371.0,16.0,387.0,8,100,94,64,266,653.0,158,0.5939849624060151
30403.0,Sherwood - Indooroopilly,2025,315.0,8.0,323.0,5,87,125,79,296,619.0,204,0.6891891891891891
30404.0,The Gap - Enoggera,2024,549.0,11.0,560.0,10,136,147,98,391,951.0,245,0.6265984654731458
30404.0,The Gap - Enoggera,2025,545.0,8.0,553.0,11,130,167,107,415,968.0,274,0.6602409638554216
30501.0,Brisbane Inner,2024,387.0,10.0,397.0,2,86,103,85,276,673.0,188,0.6811594202898551
30501.0,Brisbane Inner,2025,382.0,32.0,414.0,2,80,114,102,298,712.0,216,0.7248322147651006
30502.0,Brisbane Inner - East,2024,238.0,10.0,248.0,3,55,58,41,157,405.0,99,0.6305732484076433
30502.0,Brisbane Inner - East,2025,106.0,0.0,106.0,1,47,68,38,154,260.0,106,0.6883116883116883
30503.0,Brisbane Inner - North,2024,707.0,15.0,722.0,6,172,153,117,448,1170.0,270,0.6026785714285714
30503.0,Brisbane Inner - North,2025,737.0,14.0,751.0,4,145,205,134,488,1239.0,339,0.694672131147541
30504.0,Brisbane Inner - West,2024,230.0,13.0,243.0,5,91,99,56,251,494.0,155,0.6175298804780877
30504.0,Brisbane Inner - West,2025,262.0,9.0,271.0,4,78,121,78,281,552.0,199,0.708185053380783
30601.0,Cairns - North,2024,378.0,25.0,403.0,12,315,179,68,574,977.0,247,0.43031358885017423
30601.0,Cairns - North,2025,393.0,15.0,408.0,7,350,223,81,661,1069.0,304,0.4599092284417549
30602.0,Cairns - South,2024,926.0,29.0,955.0,22,697,395,181,1295,2250.0,576,0.44478764478764476
30602.0,Cairns - South,2025,953.0,16.0,969.0,20,750,503,199,1472,2441.0,702,0.47690217391304346
30603.0,Innisfail - Cassowary Coast,2024,226.0,18.0,244.0,20,316,182,51,569,813.0,233,0.4094903339191564
30603.0,Innisfail - Cassowary Coast,2025,229.0,9.0,238.0,17,319,237,90,663,901.0,327,0.49321266968325794
30604.0,Port Douglas - Daintree,2024,103.0,5.0,108.0,2,92,77,15,186,294.0,92,0.4946236559139785
30604.0,Port Douglas - Daintree,2025,105.0,7.0,112.0,3,111,95,19,228,340.0,114,0.5
30605.0,Tablelands (East) - Kuranda,2024,241.0,12.0,253.0,15,361,223,80,679,932.0,303,0.44624447717231225
30605.0,Tablelands (East) - Kuranda,2025,248.0,9.0,257.0,14,354,307,94,769,1026.0,401,0.5214564369310793
30701.0,Darling Downs (West) - Maranoa,2024,287.0,15.0,302.0,28,151,91,49,319,621.0,140,0.438871473354232
30701.0,Darling Downs (West) - Maranoa,2025,303.0,8.0,311.0,30,142,92,46,310,621.0,138,0.44516129032258067
30702.0,Darling Downs - East,2024,477.0,21.0,498.0,82,306,158,51,597,1095.0,209,0.3500837520938023
30702.0,Darling Downs - East,2025,453.0,10.0,463.0,78,312,167,48,605,1068.0,215,0.35537190082644626
30703.0,Granite Belt,2024,455.0,22.0,477.0,69,311,198,95,673,1150.0,293,0.43536404160475484
30703.0,Granite Belt,2025,492.0,6.0,498.0,62,290,215,91,658,1156.0,306,0.46504559270516715
30801.0,Central Highlands (Qld),2024,51.0,0.0,51.0,5,35,69,31,140,191.0,100,0.7142857142857143
30801.0,Central Highlands (Qld),2025,43.0,3.0,46.0,3,34,77,41,155,201.0,118,0.7612903225806451
30803.0,Rockhampton,2024,944.0,16.0,960.0,54,826,997,345,2222,3182.0,1342,0.6039603960396039
30803.0,Rockhampton,2025,966.0,13.0,979.0,40,819,1152,439,2450,3429.0,1591,0.6493877551020408
30804.0,Biloela,2024,87.0,1.0,88.0,2,48,59,24,133,221.0,83,0.6240601503759399
30804.0,Biloela,2025,88.0,3.0,91.0,1,45,65,37,148,239.0,102,0.6891891891891891
30805.0,Gladstone,2024,208.0,4.0,212.0,7,191,259,94,551,763.0,353,0.6406533575317604
30805.0,Gladstone,2025,213.0,0.0,213.0,6,205,318,142,671,884.0,460,0.6855439642324889
30901.0,Broadbeach - Burleigh,2024,404.0,15.0,419.0,19,192,161,112,484,903.0,273,0.5640495867768595
30901.0,Broadbeach - Burleigh,2025,424.0,9.0,433.0,15,171,192,155,533,966.0,347,0.651031894934334
30902.0,Coolangatta,2024,461.0,17.0,478.0,19,152,154,92,417,895.0,246,0.5899280575539568
30902.0,Coolangatta,2025,471.0,1.0,472.0,13,120,152,137,422,894.0,289,0.6848341232227488
30903.0,Gold Coast - North,2024,986.0,31.0,1017.0,31,269,253,193,746,1763.0,446,0.5978552278820375
30903.0,Gold Coast - North,2025,959.0,31.0,990.0,24,244,296,215,779,1769.0,511,0.6559691912708601
30904.0,Gold Coast Hinterland,2024,35.0,2.0,37.0,4,37,40,36,117,154.0,76,0.6495726495726496
30904.0,Gold Coast Hinterland,2025,38.0,2.0,40.0,2,33,45,40,120,160.0,85,0.7083333333333334
30905.0,Mudgeeraba - Tallebudgera,2024,352.0,12.0,364.0,8,60,39,40,147,511.0,79,0.5374149659863946
30905.0,Mudgeeraba - Tallebudgera,2025,361.0,7.0,368.0,7,49,58,46,160,528.0,104,0.65
30906.0,Nerang,2024,215.0,5.0,220.0,21,200,155,99,475,695.0,254,0.5347368421052632
30906.0,Nerang,2025,214.0,2.0,216.0,16,177,176,128,497,713.0,304,0.6116700201207244
30907.0,Ormeau - Oxenford,2024,727.0,13.0,740.0,20,260,240,166,686,1426.0,406,0.5918367346938775
30907.0,Ormeau - Oxenford,2025,708.0,13.0,721.0,17,249,262,201,729,1450.0,463,0.635116598079561
30908.0,Robina,2024,664.0,9.0,673.0,16,159,146,118,439,1112.0,264,0.6013667425968109
30908.0,Robina,2025,673.0,10.0,683.0,14,150,140,128,432,1115.0,268,0.6203703703703703
30909.0,Southport,2024,1010.0,34.0,1044.0,19,263,195,138,615,1659.0,333,0.5414634146341464
30909.0,Southport,2025,996.0,12.0,1008.0,18,223,202,178,621,1629.0,380,0.6119162640901772
30910.0,Surfers Paradise,2024,51.0,0.0,51.0,12,122,70,74,278,329.0,144,0.5179856115107914
30910.0,Surfers Paradise,2025,73.0,1.0,74.0,7,115,79,81,282,356.0,160,0.5673758865248227
31001.0,Forest Lake - Oxley,2024,343.0,10.0,353.0,29,265,280,179,753,1106.0,459,0.6095617529880478
31001.0,Forest Lake - Oxley,2025,430.0,18.0,448.0,24,250,315,218,807,1255.0,533,0.6604708798017348
31002.0,Ipswich Hinterland,2024,341.0,20.0,361.0,93,268,156,91,608,969.0,247,0.40625
31002.0,Ipswich Hinterland,2025,367.0,11.0,378.0,82,264,203,86,635,1013.0,289,0.45511811023622045
31003.0,Ipswich Inner,2024,898.0,8.0,906.0,82,364,192,96,734,1640.0,288,0.3923705722070845
31003.0,Ipswich Inner,2025,899.0,6.0,905.0,74,355,249,112,790,1695.0,361,0.4569620253164557
31004,,2024,,,,58,175,118,55,406,406.0,173,0.42610837438423643
31004,,2025,,,,42,192,140,56,430,430.0,196,0.4558139534883721
31101.0,Beaudesert,2024,208.0,6.0,214.0,6,84,77,47,214,428.0,124,0.5794392523364486
31101.0,Beaudesert,2025,204.0,12.0,216.0,3,62,76,60,201,417.0,136,0.6766169154228856
31102.0,Beenleigh,2024,241.0,2.0,243.0,14,163,133,97,407,650.0,230,0.5651105651105651
31102.0,Beenleigh,2025,235.0,2.0,237.0,18,146,164,112,440,677.0,276,0.6272727272727273
31103.0,Browns Plains,2024,483.0,13.0,496.0,31,252,227,124,634,1130.0,351,0.5536277602523659
31103.0,Browns Plains,2025,514.0,4.0,518.0,18,232,272,155,677,1195.0,427,0.6307237813884786
31104.0,Jimboomba,2024,142.0,0.0,142.0,4,88,103,67,262,404.0,170,0.648854961832061
31104.0,Jimboomba,2025,141.0,0.0,141.0,9,95,109,83,296,437.0,192,0.6486486486486487
31105.0,Loganlea - Carbrook,2024,709.0,24.0,733.0,31,238,204,129,602,1335.0,333,0.553156146179402
31105.0,Loganlea - Carbrook,2025,731.0,11.0,742.0,28,221,228,142,619,1361.0,370,0.5977382875605816
31106.0,Springwood - Kingston,2024,539.0,10.0,549.0,18,226,241,170,655,1204.0,411,0.6274809160305344
31106.0,Springwood - Kingston,2025,543.0,6.0,549.0,14,217,285,198,714,1263.0,483,0.6764705882352942
31201.0,Bowen Basin - North,2024,128.0,9.0,137.0,9,64,54,22,149,286.0,76,0.5100671140939598
31201.0,Bowen Basin - North,2025,144.0,0.0,144.0,6,60,65,25,156,300.0,90,0.5769230769230769
31202.0,Mackay,2024,786.0,16.0,802.0,20,259,161,63,503,1305.0,224,0.44532803180914515
31202.0,Mackay,2025,798.0,6.0,804.0,13,254,200,79,546,1350.0,279,0.510989010989011
31203.0,Whitsunday,2024,94.0,2.0,96.0,3,28,15,7,53,149.0,22,0.41509433962264153
31203.0,Whitsunday,2025,94.0,0.0,94.0,2,25,32,6,65,159.0,38,0.5846153846153846
31301.0,Bribie - Beachmere,2024,291.0,1.0,292.0,51,383,312,171,917,1209.0,483,0.5267175572519084
31301.0,Bribie - Beachmere,2025,298.0,0.0,298.0,42,359,385,216,1002,1300.0,601,0.5998003992015968
31302.0,Caboolture,2024,1155.0,34.0,1189.0,44,379,357,166,946,2135.0,523,0.5528541226215645
31302.0,Caboolture,2025,1159.0,36.0,1195.0,24,354,413,215,1006,2201.0,628,0.6242544731610338
31303.0,Caboolture Hinterland,2024,111.0,1.0,112.0,3,40,45,44,132,244.0,89,0.6742424242424242
31303.0,Caboolture Hinterland,2025,105.0,4.0,109.0,5,38,58,47,148,257.0,105,0.7094594594594594
31304.0,Narangba - Burpengary,2024,575.0,13.0,588.0,33,269,269,125,696,1284.0,394,0.5660919540229885
31304.0,Narangba - Burpengary,2025,583.0,6.0,589.0,25,265,315,144,749,1338.0,459,0.6128170894526035
31305.0,Redcliffe,2024,837.0,19.0,856.0,35,455,358,207,1055,1911.0,565,0.5355450236966824
31305.0,Redcliffe,2025,869.0,9.0,878.0,30,421,444,239,1134,2012.0,683,0.6022927689594356
31401.0,The Hills District,2024,157.0,3.0,160.0,13,209,220,125,567,727.0,345,0.6084656084656085
31401.0,The Hills District,2025,162.0,7.0,169.0,8,206,254,126,594,763.0,380,0.6397306397306397
31402.0,North Lakes,2024,536.0,18.0,554.0,31,315,264,146,756,1310.0,410,0.5423280423280423
31402.0,North Lakes,2025,544.0,8.0,552.0,29,293,341,167,830,1382.0,508,0.6120481927710844
31403.0,Strathpine,2024,243.0,5.0,248.0,18,106,141,83,348,596.0,224,0.6436781609195402
31403.0,Strathpine,2025,294.0,3.0,297.0,17,119,157,96,389,686.0,253,0.6503856041131105
31501.0,Far North,2024,52.0,6.0,58.0,4,143,82,25,254,312.0,107,0.421259842519685
31501.0,Far North,2025,65.0,0.0,65.0,4,155,87,19,265,330.0,106,0.4
31502.0,Outback - North,2024,41.0,3.0,44.0,5,57,29,18,109,153.0,47,0.43119266055045874
31502.0,Outback - North,2025,46.0,1.0,47.0,7,51,29,20,107,154.0,49,0.45794392523364486
31503.0,Outback - South,2024,72.0,5.0,77.0,15,77,32,16,140,217.0,48,0.34285714285714286
31503.0,Outback - South,2025,78.0,3.0,81.0,16,79,30,17,142,223.0,47,0.33098591549295775
31601.0,Buderim,2024,453.0,14.0,467.0,31,403,444,426,1304,1771.0,870,0.6671779141104295
31601.0,Buderim,2025,446.0,12.0,458.0,24,381,558,478,1441,1899.0,1036,0.7189451769604441
31602.0,Caloundra,2024,1354.0,83.0,1437.0,47,657,775,786,2265,3702.0,1561,0.6891832229580573
31602.0,Caloundra,2025,1464.0,35.0,1499.0,43,661,952,933,2589,4088.0,1885,0.7280803398995751
31603.0,Maroochy,2024,1067.0,61.0,1128.0,18,331,391,455,1195,2323.0,846,0.7079497907949791
31603.0,Maroochy,2025,1099.0,37.0,1136.0,19,341,459,488,1307,2443.0,947,0.7245600612088753
31605.0,Noosa,2024,568.0,16.0,584.0,14,225,289,330,858,1442.0,619,0.7214452214452215
31605.0,Noosa,2025,638.0,18.0,656.0,13,215,360,366,954,1610.0,726,0.7610062893081762
31606.0,Sunshine Coast Hinterland,2024,241.0,5.0,246.0,19,331,319,340,1009,1255.0,659,0.6531219028741329
31606.0,Sunshine Coast Hinterland,2025,243.0,5.0,248.0,18,337,389,357,1101,1349.0,746,0.6775658492279746
31607.0,Nambour,2024,405.0,33.0,438.0,27,276,327,334,964,1402.0,661,0.6856846473029046
31607.0,Nambour,2025,432.0,14.0,446.0,21,279,355,369,1024,1470.0,724,0.70703125
31608.0,Noosa Hinterland,2024,79.0,1.0,80.0,4,100,110,145,359,439.0,255,0.7103064066852368
31608.0,Noosa Hinterland,2025,81.0,9.0,90.0,5,90,153,160,408,498.0,313,0.7671568627450981
31701.0,Toowoomba,2024,1490.0,38.0,1528.0,212,1159,724,374,2469,3997.0,1098,0.44471445929526127
31701.0,Toowoomba,2025,1579.0,31.0,1610.0,210,1117,694,351,2372,3982.0,1045,0.4405564924114671
31801.0,Charters Towers - Ayr - Ingham,2024,441.0,15.0,456.0,11,224,240,167,642,1098.0,407,0.6339563862928349
31801.0,Charters Towers - Ayr - Ingham,2025,429.0,18.0,447.0,10,210,244,160,624,1071.0,404,0.6474358974358975
31802.0,Townsville,2024,1154.0,13.0,1167.0,40,681,818,554,2093,3260.0,1372,0.6555183946488294
31802.0,Townsville,2025,1178.0,9.0,1187.0,39,613,842,619,2113,3300.0,1461,0.6914339801230478
31901.0,Bundaberg,2024,803.0,13.0,816.0,99,679,551,303,1632,2448.0,854,0.5232843137254902
31901.0,Bundaberg,2025,817.0,7.0,824.0,87,638,568,306,1599,2423.0,874,0.5465916197623515
31902.0,Burnett,2024,399.0,11.0,410.0,90,320,169,63,642,1052.0,232,0.3613707165109034
31902.0,Burnett,2025,403.0,13.0,416.0,77,321,198,69,665,1081.0,267,0.40150375939849625
31903.0,Gympie - Cooloola,2024,378.0,21.0,399.0,29,487,541,493,1550,1949.0,1034,0.6670967741935484
31903.0,Gympie - Cooloola,2025,386.0,17.0,403.0,21,474,708,580,1783,2186.0,1288,0.7223780145821649
31904.0,Hervey Bay,2024,761.0,61.0,822.0,138,713,467,253,1571,2393.0,720,0.4583068109484405
31904.0,Hervey Bay,2025,804.0,26.0,830.0,119,732,562,262,1675,2505.0,824,0.4919402985074627
31905.0,Maryborough,2024,468.0,9.0,477.0,55,379,263,168,865,1342.0,431,0.4982658959537572
31905.0,Maryborough,2025,482.0,18.0,500.0,43,356,319,186,904,1404.0,505,0.5586283185840708
40101.0,Adelaide City,2024,135.0,11.0,146.0,0,40,60,29,129,275.0,89,0.689922480620155
40101.0,Adelaide City,2025,131.0,5.0,136.0,0,38,81,38,157,293.0,119,0.7579617834394905
40102.0,Adelaide Hills,2024,515.0,80.0,595.0,24,257,181,125,587,1182.0,306,0.5212947189097104
40102.0,Adelaide Hills,2025,542.0,45.0,587.0,20,252,226,153,651,1238.0,379,0.5821812596006144
40103.0,Burnside,2024,454.0,22.0,476.0,4,149,234,123,510,986.0,357,0.7
40103.0,Burnside,2025,453.0,19.0,472.0,4,146,297,144,591,1063.0,441,0.7461928934010152
40104.0,Campbelltown (SA),2024,564.0,31.0,595.0,7,333,477,230,1047,1642.0,707,0.6752626552053486
40104.0,Campbelltown (SA),2025,584.0,26.0,610.0,10,365,601,270,1246,1856.0,871,0.6990369181380417
40105.0,Norwood - Payneham - St Peters,2024,394.0,5.0,399.0,7,210,302,127,646,1045.0,429,0.6640866873065016
40105.0,Norwood - Payneham - St Peters,2025,373.0,12.0,385.0,8,213,361,160,742,1127.0,521,0.7021563342318059
40106.0,Prospect - Walkerville,2024,231.0,10.0,241.0,0,103,170,74,347,588.0,244,0.7031700288184438
40106.0,Prospect - Walkerville,2025,227.0,15.0,242.0,2,118,204,96,420,662.0,300,0.7142857142857143
40107.0,Unley,2024,871.0,53.0,924.0,4,132,230,144,510,1434.0,374,0.7333333333333333
40107.0,Unley,2025,918.0,57.0,975.0,4,141,301,150,596,1571.0,451,0.7567114093959731
40201.0,Gawler - Two Wells,2024,296.0,10.0,306.0,7,139,147,79,372,678.0,226,0.6075268817204301
40201.0,Gawler - Two Wells,2025,332.0,21.0,353.0,10,139,184,106,439,792.0,290,0.6605922551252847
40202.0,Playford,2024,774.0,36.0,810.0,45,450,487,237,1219,2029.0,724,0.593929450369155
40202.0,Playford,2025,780.0,31.0,811.0,39,443,530,312,1324,2135.0,842,0.6359516616314199
40203.0,Port Adelaide - East,2024,586.0,25.0,611.0,60,445,386,187,1078,1689.0,573,0.5315398886827458
40203.0,Port Adelaide - East,2025,580.0,23.0,603.0,57,446,446,239,1188,1791.0,685,0.5765993265993266
40204.0,Salisbury,2024,988.0,73.0,1061.0,100,788,625,352,1865,2926.0,977,0.5238605898123324
40204.0,Salisbury,2025,1017.0,63.0,1080.0,91,822,797,433,2143,3223.0,1230,0.5739617358842743
40205.0,Tea Tree Gully,2024,860.0,36.0,896.0,159,705,508,200,1572,2468.0,708,0.45038167938931295
40205.0,Tea Tree Gully,2025,842.0,53.0,895.0,139,724,570,244,1677,2572.0,814,0.4853905784138342
40301.0,Holdfast Bay,2024,514.0,24.0,538.0,1,108,209,161,479,1017.0,370,0.7724425887265136
40301.0,Holdfast Bay,2025,506.0,21.0,527.0,1,105,236,174,516,1043.0,410,0.7945736434108527
40302.0,Marion,2024,936.0,38.0,974.0,5,267,531,447,1250,2224.0,978,0.7824
40302.0,Marion,2025,942.0,31.0,973.0,6,252,639,512,1409,2382.0,1151,0.8168914123491838
40303.0,Mitcham,2024,781.0,20.0,801.0,3,153,322,259,737,1538.0,581,0.7883310719131614
40303.0,Mitcham,2025,807.0,29.0,836.0,1,133,379,295,808,1644.0,674,0.8341584158415841
40304.0,Onkaparinga,2024,1518.0,88.0,1606.0,7,496,992,784,2279,3885.0,1776,0.7792891619131198
40304.0,Onkaparinga,2025,1544.0,65.0,1609.0,7,477,1167,949,2600,4209.0,2116,0.8138461538461539
40401.0,Charles Sturt,2024,1255.0,83.0,1338.0,26,587,1000,456,2069,3407.0,1456,0.7037216046399226
40401.0,Charles Sturt,2025,1280.0,65.0,1345.0,22,623,1201,517,2363,3708.0,1718,0.7270418958950486
40402.0,Port Adelaide - West,2024,493.0,30.0,523.0,12,293,423,220,948,1471.0,643,0.6782700421940928
40402.0,Port Adelaide - West,2025,499.0,40.0,539.0,9,287,545,254,1095,1634.0,799,0.7296803652968037
40403.0,West Torrens,2024,790.0,41.0,831.0,9,344,492,249,1094,1925.0,741,0.6773308957952467
40403.0,West Torrens,2025,788.0,52.0,840.0,10,343,593,281,1227,2067.0,874,0.7123064384678076
40501.0,Barossa,2024,314.0,15.0,329.0,10,133,111,54,308,637.0,165,0.5357142857142857
40501.0,Barossa,2025,327.0,25.0,352.0,10,126,134,75,345,697.0,209,0.6057971014492753
40502.0,Lower North,2024,300.0,16.0,316.0,24,152,85,29,290,606.0,114,0.3931034482758621
40502.0,Lower North,2025,286.0,24.0,310.0,25,165,89,29,308,618.0,118,0.38311688311688313
40503.0,Mid North,2024,288.0,23.0,311.0,20,197,111,24,352,663.0,135,0.3835227272727273
40503.0,Mid North,2025,299.0,11.0,310.0,24,179,101,30,334,644.0,131,0.39221556886227543
40504.0,Yorke Peninsula,2024,309.0,29.0,338.0,10,181,110,41,342,680.0,151,0.4415204678362573
40504.0,Yorke Peninsula,2025,316.0,17.0,333.0,14,198,123,36,371,704.0,159,0.42857142857142855
40601.0,Eyre Peninsula and South West,2024,233.0,12.0,245.0,154,602,239,51,1046,1291.0,290,0.27724665391969405
40601.0,Eyre Peninsula and South West,2025,235.0,10.0,245.0,154,624,335,59,1172,1417.0,394,0.3361774744027304
40602.0,Outback - North and East,2024,102.0,5.0,107.0,35,180,138,27,380,487.0,165,0.4342105263157895
40602.0,Outback - North and East,2025,99.0,1.0,100.0,34,188,165,29,416,516.0,194,0.46634615384615385
40701.0,Fleurieu - Kangaroo Island,2024,585.0,44.0,629.0,84,669,448,193,1394,2023.0,641,0.4598278335724534
40701.0,Fleurieu - Kangaroo Island,2025,569.0,45.0,614.0,78,670,574,253,1575,2189.0,827,0.525079365079365
40702.0,Limestone Coast,2024,548.0,42.0,590.0,47,379,193,47,666,1256.0,240,0.36036036036036034
40702.0,Limestone Coast,2025,603.0,29.0,632.0,45,358,250,64,717,1349.0,314,0.43793584379358436
40703.0,Murray and Mallee,2024,577.0,40.0,617.0,30,514,541,362,1447,2064.0,903,0.6240497581202488
40703.0,Murray and Mallee,2025,618.0,26.0,644.0,23,458,653,442,1576,2220.0,1095,0.6947969543147208
50101.0,Augusta - Margaret River - Busselton,2024,375.0,1.0,376.0,3,43,122,226,394,770.0,348,0.883248730964467
50101.0,Augusta - Margaret River - Busselton,2025,411.0,11.0,422.0,3,36,156,203,398,820.0,359,0.9020100502512562
50102.0,Bunbury,2024,712.0,19.0,731.0,0,126,300,385,811,1542.0,685,0.8446362515413071
50102.0,Bunbury,2025,751.0,13.0,764.0,1,113,365,420,899,1663.0,785,0.8731924360400445
50103.0,Manjimup,2024,128.0,4.0,132.0,1,32,76,91,200,332.0,167,0.835
50103.0,Manjimup,2025,133.0,2.0,135.0,1,34,99,105,239,374.0,204,0.8535564853556485
50201.0,Mandurah,2024,813.0,6.0,819.0,24,443,575,284,1326,2145.0,859,0.6478129713423831
50201.0,Mandurah,2025,861.0,17.0,878.0,17,367,554,386,1324,2202.0,940,0.7099697885196374
50301.0,Cottesloe - Claremont,2024,769.0,53.0,822.0,4,122,209,223,558,1380.0,432,0.7741935483870968
50301.0,Cottesloe - Claremont,2025,731.0,55.0,786.0,5,121,229,216,571,1357.0,445,0.7793345008756567
50302.0,Perth City,2024,1597.0,19.0,1616.0,9,121,246,306,682,2298.0,552,0.8093841642228738
50302.0,Perth City,2025,1618.0,33.0,1651.0,6,119,273,301,699,2350.0,574,0.821173104434907
50401.0,Bayswater - Bassendean,2024,708.0,11.0,719.0,5,141,352,375,873,1592.0,727,0.8327605956471936
50401.0,Bayswater - Bassendean,2025,707.0,7.0,714.0,2,127,419,418,966,1680.0,837,0.8664596273291926
50402.0,Mundaring,2024,153.0,10.0,163.0,2,80,128,152,362,525.0,280,0.7734806629834254
50402.0,Mundaring,2025,166.0,1.0,167.0,1,77,129,159,366,533.0,288,0.7868852459016393
50403.0,Swan,2024,650.0,25.0,675.0,7,229,299,327,862,1537.0,626,0.7262180974477959
50403.0,Swan,2025,670.0,2.0,672.0,5,199,352,395,951,1623.0,747,0.7854889589905363
50501.0,Joondalup,2024,648.0,12.0,660.0,37,372,334,254,997,1657.0,588,0.5897693079237714
50501.0,Joondalup,2025,667.0,17.0,684.0,36,340,389,258,1023,1707.0,647,0.6324535679374389
50502.0,Stirling,2024,1763.0,29.0,1792.0,52,574,739,628,1993,3785.0,1367,0.6859006522829905
50502.0,Stirling,2025,1794.0,8.0,1802.0,48,525,861,656,2090,3892.0,1517,0.7258373205741627
50503.0,Wanneroo,2024,1077.0,11.0,1088.0,46,432,439,302,1219,2307.0,741,0.6078753076292043
50503.0,Wanneroo,2025,1075.0,11.0,1086.0,41,403,552,351,1347,2433.0,903,0.6703786191536748
50601.0,Armadale,2024,307.0,2.0,309.0,3,109,233,216,561,870.0,449,0.8003565062388592
50601.0,Armadale,2025,347.0,3.0,350.0,2,96,267,234,599,949.0,501,0.8363939899833055
50602.0,Belmont - Victoria Park,2024,584.0,30.0,614.0,16,161,162,273,612,1226.0,435,0.7107843137254902
50602.0,Belmont - Victoria Park,2025,644.0,10.0,654.0,17,150,188,264,619,1273.0,452,0.7302100161550888
50603.0,Canning,2024,982.0,20.0,1002.0,19,227,249,330,825,1827.0,579,0.7018181818181818
50603.0,Canning,2025,981.0,7.0,988.0,17,212,292,338,859,1847.0,630,0.7334109429569267
50604.0,Gosnells,2024,651.0,16.0,667.0,20,231,326,369,946,1613.0,695,0.7346723044397463
50604.0,Gosnells,2025,706.0,1.0,707.0,17,204,343,401,965,1672.0,744,0.7709844559585493
50605.0,Kalamunda,2024,398.0,6.0,404.0,1,130,177,176,484,888.0,353,0.7293388429752066
50605.0,Kalamunda,2025,425.0,5.0,430.0,2,120,206,207,535,965.0,413,0.77196261682243
50606.0,Serpentine - Jarrahdale,2024,63.0,0.0,63.0,2,21,51,50,124,187.0,101,0.8145161290322581
50606.0,Serpentine - Jarrahdale,2025,68.0,0.0,68.0,2,27,55,58,142,210.0,113,0.795774647887324
50607.0,South Perth,2024,792.0,11.0,803.0,11,93,97,155,356,1159.0,252,0.7078651685393258
50607.0,South Perth,2025,837.0,29.0,866.0,9,102,101,145,357,1223.0,246,0.6890756302521008
50701.0,Cockburn,2024,769.0,9.0,778.0,0,138,267,542,947,1725.0,809,0.8542766631467793
50701.0,Cockburn,2025,776.0,20.0,796.0,0,120,314,613,1047,1843.0,927,0.8853868194842407
50702.0,Fremantle,2024,655.0,23.0,678.0,3,52,141,255,451,1129.0,396,0.8780487804878049
50702.0,Fremantle,2025,683.0,27.0,710.0,4,41,151,299,495,1205.0,450,0.9090909090909091
50703.0,Kwinana,2024,115.0,0.0,115.0,0,36,90,159,285,400.0,249,0.8736842105263158
50703.0,Kwinana,2025,123.0,0.0,123.0,1,34,109,191,335,458.0,300,0.8955223880597015
50704.0,Melville,2024,1117.0,51.0,1168.0,5,185,368,610,1168,2336.0,978,0.8373287671232876
50704.0,Melville,2025,1316.0,25.0,1341.0,5,147,386,699,1237,2578.0,1085,0.8771220695230396
50705.0,Rockingham,2024,737.0,4.0,741.0,5,290,421,274,990,1731.0,695,0.702020202020202
50705.0,Rockingham,2025,728.0,6.0,734.0,6,257,396,332,991,1725.0,728,0.7346115035317861
50901.0,Albany,2024,408.0,2.0,410.0,9,103,288,309,709,1119.0,597,0.842031029619182
50901.0,Albany,2025,411.0,4.0,415.0,7,118,376,337,838,1253.0,713,0.850835322195704
50902.0,Wheat Belt - North,2024,130.0,0.0,130.0,9,247,505,459,1220,1350.0,964,0.7901639344262295
50902.0,Wheat Belt - North,2025,144.0,1.0,145.0,9,261,665,502,1437,1582.0,1167,0.8121085594989561
50903.0,Wheat Belt - South,2024,129.0,3.0,132.0,1,40,129,101,271,403.0,230,0.8487084870848709
50903.0,Wheat Belt - South,2025,128.0,12.0,140.0,1,35,172,115,323,463.0,287,0.8885448916408669
51001.0,Kimberley,2024,101.0,6.0,107.0,1,76,41,27,145,252.0,68,0.4689655172413793
51001.0,Kimberley,2025,111.0,5.0,116.0,1,66,52,31,150,266.0,83,0.5533333333333333
51002.0,East Pilbara,2024,36.0,1.0,37.0,0,9,19,13,41,78.0,32,0.7804878048780488
51002.0,East Pilbara,2025,38.0,0.0,38.0,0,8,16,12,36,74.0,28,0.7777777777777778
51003.0,West Pilbara,2024,15.0,0.0,15.0,1,6,18,8,33,48.0,26,0.7878787878787878
51003.0,West Pilbara,2025,16.0,0.0,16.0,0,9,17,7,33,49.0,24,0.7272727272727273
51101.0,Esperance,2024,88.0,1.0,89.0,1,14,28,22,65,154.0,50,0.7692307692307693
51101.0,Esperance,2025,99.0,1.0,100.0,1,28,41,17,87,187.0,58,0.6666666666666666
51102,,2024,,,,0,6,12,16,34,34.0,28,0.8235294117647058
51102,,2025,,,,0,5,10,21,36,36.0,31,0.8611111111111112
51103.0,Goldfields,2024,92.0,2.0,94.0,1,39,52,35,127,221.0,87,0.6850393700787402
51103.0,Goldfields,2025,100.0,3.0,103.0,0,44,53,40,137,240.0,93,0.6788321167883211
51104.0,Mid West,2024,269.0,2.0,271.0,2,50,76,123,251,522.0,199,0.7928286852589641
51104.0,Mid West,2025,276.0,1.0,277.0,2,52,115,195,364,641.0,310,0.8516483516483516
60101.0,Brighton,2024,65.0,5.0,70.0,8,72,68,17,165,235.0,85,0.5151515151515151
60101.0,Brighton,2025,65.0,6.0,71.0,10,74,72,23,179,250.0,95,0.5307262569832403
60102.0,Hobart - North East,2024,478.0,22.0,500.0,29,290,234,110,663,1163.0,344,0.5188536953242836
60102.0,Hobart - North East,2025,534.0,14.0,548.0,22,297,250,108,677,1225.0,358,0.5288035450516987
60103.0,Hobart - North West,2024,524.0,12.0,536.0,28,344,293,118,783,1319.0,411,0.524904214559387
60103.0,Hobart - North West,2025,538.0,21.0,559.0,27,344,298,127,796,1355.0,425,0.5339195979899497
60104.0,Hobart - South and West,2024,193.0,5.0,198.0,22,164,150,53,389,587.0,203,0.5218508997429306
60104.0,Hobart - South and West,2025,206.0,5.0,211.0,24,148,153,59,384,595.0,212,0.5520833333333334
60105.0,Hobart Inner,2024,570.0,19.0,589.0,13,171,153,84,421,1010.0,237,0.5629453681710214
60105.0,Hobart Inner,2025,570.0,36.0,606.0,17,183,165,79,444,1050.0,244,0.5495495495495496
60106.0,Sorell - Dodges Ferry,2024,61.0,0.0,61.0,7,82,59,28,176,237.0,87,0.4943181818181818
60106.0,Sorell - Dodges Ferry,2025,63.0,0.0,63.0,7,91,72,25,195,258.0,97,0.49743589743589745
60201.0,Launceston,2024,998.0,52.0,1050.0,53,349,314,175,891,1941.0,489,0.5488215488215489
60201.0,Launceston,2025,1039.0,33.0,1072.0,47,322,343,173,885,1957.0,516,0.5830508474576271
60202.0,Meander Valley - West Tamar,2024,76.0,2.0,78.0,10,84,67,50,211,289.0,117,0.5545023696682464
60202.0,Meander Valley - West Tamar,2025,82.0,2.0,84.0,10,86,81,45,222,306.0,126,0.5675675675675675
60203.0,North East,2024,212.0,5.0,217.0,17,181,166,75,439,656.0,241,0.5489749430523918
60203.0,North East,2025,201.0,20.0,221.0,18,166,206,86,476,697.0,292,0.6134453781512605
60301.0,Central Highlands (Tas.),2024,18.0,0.0,18.0,3,36,45,11,95,113.0,56,0.5894736842105263
60301.0,Central Highlands (Tas.),2025,18.0,0.0,18.0,2,41,52,16,111,129.0,68,0.6126126126126126
60302.0,Huon - Bruny Island,2024,81.0,2.0,83.0,17,100,94,45,256,339.0,139,0.54296875
60302.0,Huon - Bruny Island,2025,96.0,5.0,101.0,16,98,109,46,269,370.0,155,0.5762081784386617
60303.0,South East Coast,2024,42.0,8.0,50.0,2,54,33,14,103,153.0,47,0.4563106796116505
60303.0,South East Coast,2025,46.0,3.0,49.0,1,59,43,14,117,166.0,57,0.48717948717948717
60401.0,Burnie - Ulverstone,2024,513.0,19.0,532.0,39,297,262,123,721,1253.0,385,0.5339805825242718
60401.0,Burnie - Ulverstone,2025,518.0,14.0,532.0,36,281,278,170,765,1297.0,448,0.5856209150326798
60402.0,Devonport,2024,460.0,12.0,472.0,32,306,245,90,673,1145.0,335,0.49777117384843983
60402.0,Devonport,2025,469.0,10.0,479.0,32,284,267,130,713,1192.0,397,0.5568022440392707
60403.0,West Coast,2024,82.0,8.0,90.0,12,57,53,31,153,243.0,84,0.5490196078431373
60403.0,West Coast,2025,91.0,5.0,96.0,8,53,59,26,146,242.0,85,0.5821917808219178
70101.0,Darwin City,2024,83.0,2.0,85.0,0,29,44,33,106,191.0,77,0.7264150943396226
70101.0,Darwin City,2025,83.0,2.0,85.0,0,33,52,33,118,203.0,85,0.7203389830508474
70102.0,Darwin Suburbs,2024,149.0,3.0,152.0,0,78,128,91,297,449.0,219,0.7373737373737373
70102.0,Darwin Suburbs,2025,156.0,1.0,157.0,0,80,148,115,343,500.0,263,0.7667638483965015
70103,,2024,,,,1,16,43,41,101,101.0,84,0.8316831683168316
70103,,2025,,,,0,21,53,42,116,116.0,95,0.8189655172413793
70104.0,Palmerston,2024,83.0,0.0,83.0,0,47,49,45,141,224.0,94,0.6666666666666666
70104.0,Palmerston,2025,83.0,0.0,83.0,0,44,62,51,157,240.0,113,0.7197452229299363
70201.0,Alice Springs,2024,139.0,16.0,155.0,4,79,92,41,216,371.0,133,0.6157407407407407
70201.0,Alice Springs,2025,148.0,4.0,152.0,4,61,66,28,159,311.0,94,0.5911949685534591
70202,,2024,,,,1,6,4,1,12,12.0,5,0.4166666666666667
70202,,2025,,,,0,1,3,1,5,5.0,4,0.8
70203,,2024,,,,1,37,32,18,88,88.0,50,0.5681818181818182
70203,,2025,,,,4,26,34,13,77,77.0,47,0.6103896103896104
70204,,2024,,,,0,72,42,23,137,137.0,65,0.4744525547445255
70204,,2025,,,,0,37,51,15,103,103.0,66,0.6407766990291263
70205.0,Katherine,2024,41.0,12.0,53.0,0,32,25,14,71,124.0,39,0.5492957746478874
70205.0,Katherine,2025,43.0,9.0,52.0,0,26,38,18,82,134.0,56,0.6829268292682927
80101.0,Belconnen,2024,541.0,16.0,557.0,6,202,196,280,684,1241.0,476,0.695906432748538
80101.0,Belconnen,2025,571.0,3.0,574.0,8,185,220,340,753,1327.0,560,0.7436918990703851
80103,,2024,,,,0,3,7,5,15,15.0,12,0.8
80103,,2025,,,,0,3,6,5,14,14.0,11,0.7857142857142857
80104,,2024,,,,4,89,68,101,262,262.0,169,0.6450381679389313
80104,,2025,,,,2,81,84,138,305,305.0,222,0.7278688524590164
80105.0,North Canberra,2024,284.0,11.0,295.0,5,89,107,133,334,629.0,240,0.718562874251497
80105.0,North Canberra,2025,295.0,3.0,298.0,1,68,115,166,350,648.0,281,0.8028571428571428
80106.0,South Canberra,2024,368.0,6.0,374.0,4,66,79,73,222,596.0,152,0.6846846846846847
80106.0,South Canberra,2025,388.0,2.0,390.0,1,49,85,88,223,613.0,173,0.7757847533632287
80107.0,Tuggeranong,2024,356.0,9.0,365.0,11,260,241,293,805,1170.0,534,0.6633540372670808
80107.0,Tuggeranong,2025,365.0,3.0,368.0,8,222,303,367,900,1268.0,670,0.7444444444444445
80108.0,Weston Creek,2024,339.0,9.0,348.0,0,60,66,97,223,571.0,163,0.7309417040358744
80108.0,Weston Creek,2025,355.0,4.0,359.0,0,45,84,118,247,606.0,202,0.8178137651821862
80109.0,Woden Valley,2024,521.0,11.0,532.0,2,103,116,101,322,854.0,217,0.6739130434782609
80109.0,Woden Valley,2025,540.0,9.0,549.0,5,85,125,133,348,897.0,258,0.7413793103448276
80110,,2024,,,,0,3,1,6,10,10.0,7,0.7
80110,,2025,,,,0,4,6,6,16,16.0,12,0.75
80111,,2025,,,,0,0,0,1,1,1.0,1,1.0
90103,,2024,,,,2,5,1,1,9,9.0,2,0.2222222222222222
90103,,2025,,,,3,7,2,0,12,12.0,2,0.16666666666666666
90104,,2024,,,,0,0,1,0,1,1.0,1,1.0
10102,Queanbeyan,2023,237.0,24.0,261.0,12,189,151,89,441,702.0,240,0.54421768707483
10103,Snowy Mountains,2023,84.0,9.0,93.0,4,58,39,28,129,222.0,67,0.5193798449612403
10104,South Coast,2023,834.0,38.0,872.0,67,917,510,230,1724,2596.0,740,0.42923433874709976
10105,Goulburn - Mulwaree,2023,340.0,29.0,369.0,19,291,235,84,629,998.0,319,0.5071542130365659
10106,Young - Yass,2023,297.0,15.0,312.0,21,188,123,63,395,707.0,186,0.4708860759493671
10201,Gosford,2023,1559.0,83.0,1642.0,135,1071,833,334,2373,4015.0,1167,0.4917825537294564
10202,Wyong,2023,1657.0,88.0,1745.0,173,1159,920,360,2612,4357.0,1280,0.4900459418070444
10301,Bathurst,2023,500.0,16.0,516.0,10,165,112,82,369,885.0,194,0.5257452574525745
10302,Lachlan Valley,2023,547.0,37.0,584.0,37,230,205,86,558,1142.0,291,0.521505376344086
10303,Lithgow - Mudgee,2023,355.0,20.0,375.0,39,201,168,72,480,855.0,240,0.5
10304,Orange,2023,582.0,18.0,600.0,23,209,147,68,447,1047.0,215,0.4809843400447427
10401,Clarence Valley,2023,579.0,13.0,592.0,112,541,348,122,1123,1715.0,470,0.41852181656277826
10402,Coffs Harbour,2023,777.0,33.0,810.0,121,593,449,143,1306,2116.0,592,0.45329249617151607
10501,Bourke - Cobar - Coonamble,2023,66.0,6.0,72.0,39,114,48,24,225,297.0,72,0.32
10502,Broken Hill and Far West,2023,187.0,1.0,188.0,28,103,42,25,198,386.0,67,0.3383838383838384
10503,Dubbo,2023,704.0,49.0,753.0,135,476,329,139,1079,1832.0,468,0.43373493975903615
10601,Lower Hunter,2023,662.0,21.0,683.0,81,335,180,151,747,1430.0,331,0.4431057563587684
10602,Maitland,2023,420.0,17.0,437.0,84,367,215,122,788,1225.0,337,0.4276649746192893
10603,Port Stephens,2023,564.0,30.0,594.0,98,533,433,241,1305,1899.0,674,0.5164750957854406
10604,Upper Hunter,2023,203.0,6.0,209.0,20,119,80,40,259,468.0,120,0.46332046332046334
10701,Dapto - Port Kembla,2023,781.0,12.0,793.0,66,422,324,112,924,1717.0,436,0.47186147186147187
10703,Kiama - Shellharbour,2023,752.0,13.0,765.0,90,405,354,144,993,1758.0,498,0.5015105740181269
10704,Wollongong,2023,1103.0,31.0,1134.0,94,608,396,167,1265,2399.0,563,0.4450592885375494
10801,Great Lakes,2023,470.0,27.0,497.0,15,405,470,283,1173,1670.0,753,0.6419437340153452
10802,Kempsey - Nambucca,2023,663.0,28.0,691.0,115,464,315,182,1076,1767.0,497,0.46189591078066916
10803,,2023,,,,2,6,0,0,8,8.0,0,0.0
10804,Port Macquarie,2023,986.0,59.0,1045.0,282,953,544,281,2060,3105.0,825,0.40048543689320387
10805,Taree - Gloucester,2023,577.0,24.0,601.0,16,605,857,416,1894,2495.0,1273,0.6721224920802534
10901,Albury,2023,632.0,25.0,657.0,86,476,265,106,933,1590.0,371,0.39764201500535906
10902,Lower Murray,2023,83.0,10.0,93.0,30,94,47,15,186,279.0,62,0.3333333333333333
10903,Upper Murray exc. Albury,2023,437.0,31.0,468.0,142,416,146,47,751,1219.0,193,0.2569906790945406
11001,Armidale,2023,255.0,12.0,267.0,20,148,112,56,336,603.0,168,0.5
11002,Inverell - Tenterfield,2023,350.0,16.0,366.0,25,181,153,44,403,769.0,197,0.48883374689826303
11003,Moree - Narrabri,2023,154.0,6.0,160.0,16,99,62,20,197,357.0,82,0.41624365482233505
11004,Tamworth - Gunnedah,2023,577.0,31.0,608.0,40,291,240,107,678,1286.0,347,0.5117994100294986
11101,Lake Macquarie - East,2023,901.0,27.0,928.0,249,775,440,279,1743,2671.0,719,0.4125071715433161
11102,Lake Macquarie - West,2023,1065.0,43.0,1108.0,144,502,336,232,1214,2322.0,568,0.46787479406919275
11103,Newcastle,2023,1899.0,65.0,1964.0,196,909,584,426,2115,4079.0,1010,0.47754137115839246
11201,Richmond Valley - Coastal,2023,775.0,14.0,789.0,135,673,425,224,1457,2246.0,649,0.44543582704186685
11202,Richmond Valley - Hinterland,2023,545.0,20.0,565.0,77,638,370,201,1286,1851.0,571,0.4440124416796267
11203,Tweed Valley,2023,1088.0,41.0,1129.0,162,1070,664,289,2185,3314.0,953,0.43615560640732265
11301,Griffith - Murrumbidgee (West),2023,459.0,29.0,488.0,73,314,231,88,706,1194.0,319,0.4518413597733711
11302,Tumut - Tumbarumba,2023,94.0,4.0,98.0,23,100,59,24,206,304.0,83,0.4029126213592233
11303,Wagga Wagga,2023,788.0,50.0,838.0,130,680,551,260,1621,2459.0,811,0.500308451573103
11401,Shoalhaven,2023,1093.0,47.0,1140.0,114,654,491,190,1449,2589.0,681,0.4699792960662526
11402,Southern Highlands,2023,547.0,36.0,583.0,22,172,128,47,369,952.0,175,0.4742547425474255
11501,Baulkham Hills,2023,1659.0,79.0,1738.0,105,452,402,157,1116,2854.0,559,0.5008960573476703
11502,Dural - Wisemans Ferry,2023,314.0,17.0,331.0,20,90,61,46,217,548.0,107,0.4930875576036866
11503,Hawkesbury,2023,29.0,4.0,33.0,2,40,44,21,107,140.0,65,0.6074766355140186
11504,Rouse Hill - McGraths Hill,2023,97.0,7.0,104.0,8,62,57,41,168,272.0,98,0.5833333333333334
11601,Blacktown,2023,714.0,43.0,757.0,71,554,466,199,1290,2047.0,665,0.5155038759689923
11602,Blacktown - North,2023,215.0,12.0,227.0,51,226,162,100,539,766.0,262,0.48608534322820035
11603,Mount Druitt,2023,644.0,31.0,675.0,54,395,333,147,929,1604.0,480,0.5166846071044133
11701,Botany,2023,143.0,12.0,155.0,35,188,143,84,450,605.0,227,0.5044444444444445
11702,"Marrickville - Sydenham -
Petersham",2023,292.0,14.0,306.0,9,161,161,88,419,725.0,249,0.594272076372315
11703,Sydney Inner City,2023,597.0,31.0,628.0,83,568,464,180,1295,1923.0,644,0.4972972972972973
11801,Eastern Suburbs - North,2023,819.0,63.0,882.0,67,316,264,169,816,1698.0,433,0.5306372549019608
11802,Eastern Suburbs - South,2023,1003.0,62.0,1065.0,78,513,404,202,1197,2262.0,606,0.506265664160401
11901,Bankstown,2023,1469.0,90.0,1559.0,261,926,596,276,2059,3618.0,872,0.4235065565808645
11902,Canterbury,2023,674.0,63.0,737.0,71,712,648,353,1784,2521.0,1001,0.5610986547085202
11903,Hurstville,2023,1090.0,68.0,1158.0,114,764,596,149,1623,2781.0,745,0.45902649414664204
11904,Kogarah - Rockdale,2023,1241.0,94.0,1335.0,74,673,503,172,1422,2757.0,675,0.47468354430379744
12001,Canada Bay,2023,634.0,31.0,665.0,35,348,313,147,843,1508.0,460,0.5456702253855279
12002,Leichhardt,2023,330.0,9.0,339.0,13,135,140,56,344,683.0,196,0.5697674418604651
12003,Strathfield - Burwood - Ashfield,2023,1493.0,58.0,1551.0,62,713,637,284,1696,3247.0,921,0.5430424528301887
12101,Chatswood - Lane Cove,2023,724.0,29.0,753.0,60,341,264,168,833,1586.0,432,0.5186074429771909
12102,Hornsby,2023,725.0,46.0,771.0,82,335,228,112,757,1528.0,340,0.44914134742404227
12103,Ku-ring-gai,2023,1094.0,72.0,1166.0,104,448,345,200,1097,2263.0,545,0.4968094804010939
12104,North Sydney - Mosman,2023,397.0,15.0,412.0,37,213,206,140,596,1008.0,346,0.5805369127516778
12201,Manly,2023,156.0,9.0,165.0,21,86,75,51,233,398.0,126,0.5407725321888412
12202,Pittwater,2023,595.0,26.0,621.0,54,264,165,109,592,1213.0,274,0.46283783783783783
12203,Warringah,2023,1347.0,48.0,1395.0,134,650,417,254,1455,2850.0,671,0.4611683848797251
12301,Camden,2023,495.0,18.0,513.0,34,95,83,31,243,756.0,114,0.4691358024691358
12302,Campbelltown (NSW),2023,916.0,54.0,970.0,119,425,313,107,964,1934.0,420,0.43568464730290457
12303,Wollondilly,2023,259.0,2.0,261.0,24,84,60,25,193,454.0,85,0.44041450777202074
12401,Blue Mountains,2023,552.0,29.0,581.0,40,326,258,126,750,1331.0,384,0.512
12403,Penrith,2023,943.0,24.0,967.0,51,429,425,172,1077,2044.0,597,0.5543175487465181
12404,Richmond - Windsor,2023,366.0,7.0,373.0,12,135,114,41,302,675.0,155,0.5132450331125827
12405,St Marys,2023,238.0,8.0,246.0,11,176,156,73,416,662.0,229,0.5504807692307693
12501,Auburn,2023,357.0,16.0,373.0,78,368,338,137,921,1294.0,475,0.5157437567861021
12502,Carlingford,2023,196.0,10.0,206.0,62,299,273,141,775,981.0,414,0.5341935483870968
12503,Merrylands - Guildford,2023,894.0,72.0,966.0,133,746,637,315,1831,2797.0,952,0.5199344620425996
12504,Parramatta,2023,1189.0,78.0,1267.0,91,563,472,215,1341,2608.0,687,0.5123042505592841
12601,Pennant Hills - Epping,2023,193.0,9.0,202.0,40,189,161,83,473,675.0,244,0.5158562367864693
12602,Ryde - Hunters Hill,2023,1303.0,66.0,1369.0,129,731,559,242,1661,3030.0,801,0.4822396146899458
12701,Bringelly - Green Valley,2023,355.0,30.0,385.0,71,335,267,109,782,1167.0,376,0.48081841432225064
12702,Fairfield,2023,1178.0,60.0,1238.0,303,1317,811,360,2791,4029.0,1171,0.41956288068792547
12703,Liverpool,2023,683.0,32.0,715.0,120,559,388,151,1218,1933.0,539,0.4425287356321839
12801,Cronulla - Miranda - Caringbah,2023,1056.0,58.0,1114.0,36,444,367,158,1005,2119.0,525,0.5223880597014925
12802,Sutherland - Menai - Heathcote,2023,1102.0,60.0,1162.0,25,401,342,125,893,2055.0,467,0.522956326987682
20101,Ballarat,2023,1039.0,42.0,1081.0,27,602,429,250,1308,2389.0,679,0.5191131498470948
20102,Creswick - Daylesford - Ballan,2023,235.0,6.0,241.0,9,139,95,62,305,546.0,157,0.5147540983606558
20103,Maryborough - Pyrenees,2023,268.0,6.0,274.0,0,89,61,40,190,464.0,101,0.531578947368421
20201,Bendigo,2023,1037.0,28.0,1065.0,27,284,226,193,730,1795.0,419,0.5739726027397261
20202,"Heathcote - Castlemaine -
Kyneton",2023,456.0,27.0,483.0,19,130,106,92,347,830.0,198,0.5706051873198847
20203,Loddon - Elmore,2023,56.0,2.0,58.0,2,29,27,25,83,141.0,52,0.6265060240963856
20301,Barwon - West,2023,150.0,7.0,157.0,5,78,45,35,163,320.0,80,0.49079754601226994
20302,Geelong,2023,2083.0,76.0,2159.0,56,982,812,666,2516,4675.0,1478,0.5874403815580286
20303,"Surf Coast - Bellarine
Peninsula",2023,746.0,44.0,790.0,33,367,280,213,893,1683.0,493,0.5520716685330347
20401,Upper Goulburn Valley,2023,551.0,21.0,572.0,46,199,99,60,404,976.0,159,0.3935643564356436
20402,Wangaratta - Benalla,2023,578.0,35.0,613.0,12,272,127,73,484,1097.0,200,0.4132231404958678
20403,Wodonga - Alpine,2023,523.0,30.0,553.0,10,314,166,90,580,1133.0,256,0.4413793103448276
20501,Baw Baw,2023,445.0,15.0,460.0,33,270,244,150,697,1157.0,394,0.5652797704447633
20502,Gippsland - East,2023,423.0,40.0,463.0,84,513,395,249,1241,1704.0,644,0.5189363416599516
20503,Gippsland - South West,2023,636.0,40.0,676.0,98,585,415,363,1461,2137.0,778,0.5325119780971937
20504,Latrobe Valley,2023,817.0,45.0,862.0,95,626,481,253,1455,2317.0,734,0.50446735395189
20505,Wellington,2023,397.0,35.0,432.0,118,442,247,121,928,1360.0,368,0.39655172413793105
20601,Brunswick - Coburg,2023,373.0,15.0,388.0,19,436,345,322,1122,1510.0,667,0.5944741532976827
20602,Darebin - South,2023,357.0,5.0,362.0,28,305,249,163,745,1107.0,412,0.553020134228188
20603,Essendon,2023,522.0,30.0,552.0,12,303,225,175,715,1267.0,400,0.5594405594405595
20604,Melbourne City,2023,614.0,22.0,636.0,18,181,180,175,554,1190.0,355,0.6407942238267148
20605,Port Phillip,2023,420.0,38.0,458.0,1,195,243,212,651,1109.0,455,0.6989247311827957
20606,Stonnington - West,2023,200.0,13.0,213.0,1,126,186,160,473,686.0,346,0.7315010570824524
20607,Yarra,2023,240.0,9.0,249.0,55,457,312,250,1074,1323.0,562,0.5232774674115456
20701,Boroondara,2023,1729.0,70.0,1799.0,98,798,483,518,1897,3696.0,1001,0.5276752767527675
20702,Manningham - West,2023,1064.0,63.0,1127.0,186,812,446,364,1808,2935.0,810,0.4480088495575221
20703,Whitehorse - West,2023,870.0,57.0,927.0,150,787,452,297,1686,2613.0,749,0.4442467378410439
20801,Bayside,2023,1150.0,45.0,1195.0,20,268,317,216,821,2016.0,533,0.6492082825822169
20802,Glen Eira,2023,1344.0,62.0,1406.0,19,610,613,481,1723,3129.0,1094,0.6349390597794544
20803,Kingston,2023,980.0,39.0,1019.0,39,503,486,282,1310,2329.0,768,0.5862595419847328
20804,Stonnington - East,2023,609.0,30.0,639.0,2,106,95,103,306,945.0,198,0.6470588235294118
20901,Banyule,2023,992.0,47.0,1039.0,147,635,339,229,1350,2389.0,568,0.42074074074074075
20902,Darebin - North,2023,826.0,49.0,875.0,48,703,439,288,1478,2353.0,727,0.4918809201623816
20903,Nillumbik - Kinglake,2023,387.0,21.0,408.0,10,108,88,74,280,688.0,162,0.5785714285714286
20904,Whittlesea - Wallan,2023,1146.0,74.0,1220.0,71,823,633,413,1940,3160.0,1046,0.5391752577319587
21001,Keilor,2023,504.0,32.0,536.0,19,480,333,267,1099,1635.0,600,0.545950864422202
21002,Macedon Ranges,2023,144.0,3.0,147.0,4,44,46,46,140,287.0,92,0.6571428571428571
21003,Moreland - North,2023,752.0,40.0,792.0,20,606,365,294,1285,2077.0,659,0.51284046692607
21004,Sunbury,2023,174.0,4.0,178.0,1,129,77,102,309,487.0,179,0.5792880258899676
21005,Tullamarine - Broadmeadows,2023,569.0,20.0,589.0,25,574,526,483,1608,2197.0,1009,0.6274875621890548
21101,Knox,2023,1366.0,52.0,1418.0,219,974,537,343,2073,3491.0,880,0.42450554751567776
21102,Manningham - East,2023,307.0,13.0,320.0,20,116,50,61,247,567.0,111,0.4493927125506073
21103,Maroondah,2023,1105.0,52.0,1157.0,191,808,363,276,1638,2795.0,639,0.3901098901098901
21104,Whitehorse - East,2023,607.0,34.0,641.0,97,452,232,177,958,1599.0,409,0.42693110647181626
21105,Yarra Ranges,2023,811.0,53.0,864.0,226,927,464,276,1893,2757.0,740,0.39091389329107235
21201,Cardinia,2023,636.0,38.0,674.0,10,223,226,147,606,1280.0,373,0.6155115511551155
21202,Casey - North,2023,1017.0,28.0,1045.0,21,557,460,276,1314,2359.0,736,0.5601217656012176
21203,Casey - South,2023,683.0,21.0,704.0,28,493,396,282,1199,1903.0,678,0.5654712260216848
21204,Dandenong,2023,1515.0,54.0,1569.0,113,1186,1168,577,3044,4613.0,1745,0.5732588699080158
21205,Monash,2023,1933.0,78.0,2011.0,224,1222,692,598,2736,4747.0,1290,0.47149122807017546
21301,Brimbank,2023,1080.0,46.0,1126.0,17,973,895,527,2412,3538.0,1422,0.5895522388059702
21302,Hobsons Bay,2023,697.0,28.0,725.0,4,344,302,186,836,1561.0,488,0.583732057416268
21303,Maribyrnong,2023,487.0,17.0,504.0,5,362,273,191,831,1335.0,464,0.5583634175691937
21304,Melton - Bacchus Marsh,2023,557.0,24.0,581.0,9,478,398,245,1130,1711.0,643,0.5690265486725664
21305,Wyndham,2023,876.0,57.0,933.0,13,399,394,222,1028,1961.0,616,0.5992217898832685
21401,Frankston,2023,1082.0,64.0,1146.0,26,614,413,305,1358,2504.0,718,0.5287187039764359
21402,Mornington Peninsula,2023,1935.0,102.0,2037.0,73,1233,751,450,2507,4544.0,1201,0.4790586358197048
21501,Grampians,2023,730.0,19.0,749.0,29,455,216,96,796,1545.0,312,0.39195979899497485
21502,Mildura,2023,508.0,27.0,535.0,93,590,227,150,1060,1595.0,377,0.35566037735849054
21503,Murray River - Swan Hill,2023,440.0,21.0,461.0,5,196,132,67,400,861.0,199,0.4975
21601,Campaspe,2023,460.0,19.0,479.0,30,275,175,107,587,1066.0,282,0.4804088586030664
21602,Moira,2023,353.0,8.0,361.0,59,222,64,37,382,743.0,101,0.2643979057591623
21603,Shepparton,2023,623.0,35.0,658.0,74,297,112,61,544,1202.0,173,0.3180147058823529
21701,Glenelg - Southern Grampians,2023,381.0,25.0,406.0,13,366,231,140,750,1156.0,371,0.49466666666666664
21703,Colac - Corangamite,2023,331.0,15.0,346.0,9,208,186,109,512,858.0,295,0.576171875
21704,Warrnambool,2023,489.0,25.0,514.0,16,428,295,218,957,1471.0,513,0.5360501567398119
30101,Capalaba,2023,580.0,16.0,596.0,18,164,186,86,454,1050.0,272,0.5991189427312775
30102,Cleveland - Stradbroke,2023,863.0,35.0,898.0,66,430,378,168,1042,1940.0,546,0.5239923224568138
30103,Wynnum - Manly,2023,462.0,12.0,474.0,27,179,165,87,458,932.0,252,0.5502183406113537
30201,Bald Hills - Everton Park,2023,450.0,30.0,480.0,11,126,140,91,368,848.0,231,0.6277173913043478
30202,Chermside,2023,702.0,7.0,709.0,26,300,268,159,753,1462.0,427,0.5670650730411687
30203,Nundah,2023,299.0,4.0,303.0,10,124,113,69,316,619.0,182,0.5759493670886076
30204,Sandgate,2023,642.0,42.0,684.0,23,229,216,131,599,1283.0,347,0.5792988313856428
30301,Carindale,2023,447.0,9.0,456.0,9,119,146,87,361,817.0,233,0.6454293628808865
30302,Holland Park - Yeronga,2023,648.0,18.0,666.0,22,143,211,121,497,1163.0,332,0.6680080482897385
30303,Mt Gravatt,2023,608.0,24.0,632.0,34,213,211,124,582,1214.0,335,0.5756013745704467
30304,Nathan,2023,114.0,3.0,117.0,11,91,107,72,281,398.0,179,0.6370106761565836
30305,Rocklea - Acacia Ridge,2023,597.0,28.0,625.0,10,137,125,90,362,987.0,215,0.5939226519337016
30306,Sunnybank,2023,297.0,51.0,348.0,27,164,158,92,441,789.0,250,0.5668934240362812
30401,Centenary,2023,426.0,10.0,436.0,16,87,91,63,257,693.0,154,0.5992217898832685
30402,Kenmore - Brookfield - Moggill,2023,429.0,15.0,444.0,8,113,117,77,315,759.0,194,0.6158730158730159
30403,Sherwood - Indooroopilly,2023,335.0,11.0,346.0,7,93,104,66,270,616.0,170,0.6296296296296297
30404,The Gap - Enoggera,2023,529.0,19.0,548.0,10,131,164,82,387,935.0,246,0.6356589147286822
30501,Brisbane Inner,2023,462.0,23.0,485.0,3,86,108,79,276,761.0,187,0.677536231884058
30502,Brisbane Inner - East,2023,236.0,11.0,247.0,3,41,74,36,154,401.0,110,0.7142857142857143
30503,Brisbane Inner - North,2023,615.0,20.0,635.0,7,154,166,104,431,1066.0,270,0.6264501160092807
30504,Brisbane Inner - West,2023,167.0,8.0,175.0,7,81,97,68,253,428.0,165,0.6521739130434783
30601,Cairns - North,2023,368.0,32.0,400.0,8,262,160,56,486,886.0,216,0.4444444444444444
30602,Cairns - South,2023,885.0,65.0,950.0,20,575,349,175,1119,2069.0,524,0.4682752457551385
30603,Innisfail - Cassowary Coast,2023,233.0,6.0,239.0,24,222,104,37,387,626.0,141,0.3643410852713178
30604,Port Douglas - Daintree,2023,85.0,10.0,95.0,0,58,79,7,144,239.0,86,0.5972222222222222
30605,Tablelands (East) - Kuranda,2023,247.0,7.0,254.0,15,319,179,62,575,829.0,241,0.4191304347826087
30701,"Darling Downs (West) -
Maranoa",2023,290.0,9.0,299.0,19,129,92,59,299,598.0,151,0.5050167224080268
30702,Darling Downs - East,2023,435.0,23.0,458.0,54,268,156,74,552,1010.0,230,0.4166666666666667
30703,Granite Belt,2023,423.0,27.0,450.0,53,272,207,117,649,1099.0,324,0.49922958397534667
30801,Central Highlands (Qld),2023,56.0,0.0,56.0,4,40,60,20,124,180.0,80,0.6451612903225806
30803,Rockhampton,2023,941.0,19.0,960.0,54,820,941,289,2104,3064.0,1230,0.5846007604562737
30804,Biloela,2023,78.0,8.0,86.0,3,46,52,26,127,213.0,78,0.6141732283464567
30805,Gladstone,2023,203.0,7.0,210.0,6,186,242,90,524,734.0,332,0.6335877862595419
30901,Broadbeach - Burleigh,2023,409.0,17.0,426.0,18,183,169,123,493,919.0,292,0.592292089249493
30902,Coolangatta,2023,450.0,14.0,464.0,18,143,155,96,412,876.0,251,0.6092233009708737
30903,Gold Coast - North,2023,964.0,28.0,992.0,32,277,261,213,783,1775.0,474,0.6053639846743295
30904,Gold Coast Hinterland,2023,33.0,2.0,35.0,2,33,49,40,124,159.0,89,0.717741935483871
30905,Mudgeeraba - Tallebudgera,2023,351.0,7.0,358.0,7,56,45,42,150,508.0,87,0.58
30906,Nerang,2023,71.0,6.0,77.0,21,183,152,105,461,538.0,257,0.5574837310195228
30907,Ormeau - Oxenford,2023,718.0,19.0,737.0,26,237,243,167,673,1410.0,410,0.6092124814264487
30908,Robina,2023,773.0,22.0,795.0,15,162,155,127,459,1254.0,282,0.6143790849673203
30909,Southport,2023,1007.0,25.0,1032.0,20,247,201,158,626,1658.0,359,0.5734824281150159
30910,Surfers Paradise,2023,50.0,4.0,54.0,16,106,74,79,275,329.0,153,0.5563636363636364
31001,Forest Lake - Oxley,2023,330.0,21.0,351.0,24,238,282,158,702,1053.0,440,0.6267806267806267
31002,Ipswich Hinterland,2023,345.0,14.0,359.0,71,247,131,87,536,895.0,218,0.40671641791044777
31003,Ipswich Inner,2023,879.0,12.0,891.0,67,293,209,89,658,1549.0,298,0.45288753799392095
31004,,2023,,,,48,153,130,57,388,388.0,187,0.48195876288659795
31101,Beaudesert,2023,200.0,16.0,216.0,6,88,77,52,223,439.0,129,0.57847533632287
31102,Beenleigh,2023,239.0,1.0,240.0,9,145,123,102,379,619.0,225,0.5936675461741425
31103,Browns Plains,2023,476.0,12.0,488.0,22,214,230,123,589,1077.0,353,0.599320882852292
31104,Jimboomba,2023,143.0,2.0,145.0,2,71,99,59,231,376.0,158,0.683982683982684
31105,Loganlea - Carbrook,2023,663.0,27.0,690.0,27,218,209,151,605,1295.0,360,0.5950413223140496
31106,Springwood - Kingston,2023,523.0,16.0,539.0,26,216,240,156,638,1177.0,396,0.6206896551724138
31201,Bowen Basin - North,2023,128.0,6.0,134.0,7,65,52,18,142,276.0,70,0.49295774647887325
31202,Mackay,2023,758.0,23.0,781.0,16,269,180,72,537,1318.0,252,0.4692737430167598
31203,Whitsunday,2023,96.0,2.0,98.0,3,30,19,9,61,159.0,28,0.45901639344262296
31301,Bribie - Beachmere,2023,285.0,9.0,294.0,50,344,303,144,841,1135.0,447,0.5315101070154578
31302,Caboolture,2023,1134.0,51.0,1185.0,47,355,334,161,897,2082.0,495,0.5518394648829431
31303,Caboolture Hinterland,2023,109.0,0.0,109.0,2,34,27,31,94,203.0,58,0.6170212765957447
31304,Narangba - Burpengary,2023,580.0,6.0,586.0,32,235,246,109,622,1208.0,355,0.5707395498392283
31305,Redcliffe,2023,830.0,23.0,853.0,31,392,353,193,969,1822.0,546,0.5634674922600619
31401,The Hills District,2023,157.0,6.0,163.0,11,197,224,109,541,704.0,333,0.6155268022181146
31402,North Lakes,2023,512.0,18.0,530.0,40,285,245,150,720,1250.0,395,0.5486111111111112
31403,Strathpine,2023,204.0,1.0,205.0,15,117,140,67,339,544.0,207,0.6106194690265486
31501,Far North,2023,58.0,5.0,63.0,3,124,68,25,220,283.0,93,0.42272727272727273
31502,Outback - North,2023,50.0,0.0,50.0,3,49,39,19,110,160.0,58,0.5272727272727272
31503,Outback - South,2023,75.0,3.0,78.0,17,67,31,20,135,213.0,51,0.37777777777777777
31601,Buderim,2023,412.0,20.0,432.0,26,394,410,325,1155,1587.0,735,0.6363636363636364
31602,Caloundra,2023,1154.0,66.0,1220.0,43,625,728,583,1979,3199.0,1311,0.662455785750379
31603,Maroochy,2023,1067.0,45.0,1112.0,14,318,361,322,1015,2127.0,683,0.6729064039408867
31605,Noosa,2023,526.0,18.0,544.0,7,230,258,243,738,1282.0,501,0.6788617886178862
31606,Sunshine Coast Hinterland,2023,223.0,6.0,229.0,17,290,288,270,865,1094.0,558,0.6450867052023121
31607,Nambour,2023,388.0,26.0,414.0,17,256,271,264,808,1222.0,535,0.6621287128712872
31608,Noosa Hinterland,2023,77.0,1.0,78.0,3,85,98,119,305,383.0,217,0.7114754098360656
31701,Toowoomba,2023,1512.0,33.0,1545.0,167,1016,787,483,2453,3998.0,1270,0.5177333876885446
31801,Charters Towers - Ayr - Ingham,2023,415.0,21.0,436.0,9,231,243,173,656,1092.0,416,0.6341463414634146
31802,Townsville,2023,1154.0,13.0,1167.0,51,708,810,537,2106,3273.0,1347,0.6396011396011396
31901,Bundaberg,2023,808.0,18.0,826.0,112,644,538,230,1524,2350.0,768,0.5039370078740157
31902,Burnett,2023,408.0,7.0,415.0,62,276,163,61,562,977.0,224,0.398576512455516
31903,Gympie - Cooloola,2023,378.0,10.0,388.0,27,432,458,364,1281,1669.0,822,0.6416861826697893
31904,Hervey Bay,2023,781.0,29.0,810.0,143,654,452,196,1445,2255.0,648,0.44844290657439445
31905,Maryborough,2023,445.0,15.0,460.0,63,344,227,114,748,1208.0,341,0.45588235294117646
40101,Adelaide City,2023,144.0,5.0,149.0,1,32,49,40,122,271.0,89,0.7295081967213115
40102,Adelaide Hills,2023,482.0,48.0,530.0,28,266,171,130,595,1125.0,301,0.5058823529411764
40103,Burnside,2023,428.0,30.0,458.0,4,130,239,106,479,937.0,345,0.7202505219206681
40104,Campbelltown (SA),2023,568.0,28.0,596.0,6,281,427,199,913,1509.0,626,0.6856516976998904
40105,"Norwood - Payneham - St
Peters",2023,388.0,18.0,406.0,5,183,300,126,614,1020.0,426,0.6938110749185668
40106,Prospect - Walkerville,2023,234.0,13.0,247.0,0,94,154,68,316,563.0,222,0.7025316455696202
40107,Unley,2023,865.0,51.0,916.0,3,134,222,119,478,1394.0,341,0.7133891213389121
40201,Gawler - Two Wells,2023,306.0,10.0,316.0,6,124,141,64,335,651.0,205,0.6119402985074627
40202,Playford,2023,694.0,27.0,721.0,42,394,451,202,1089,1810.0,653,0.5996326905417815
40203,Port Adelaide - East,2023,554.0,36.0,590.0,55,380,385,159,979,1569.0,544,0.5556690500510725
40204,Salisbury,2023,978.0,80.0,1058.0,87,607,623,287,1604,2662.0,910,0.5673316708229427
40205,Tea Tree Gully,2023,805.0,62.0,867.0,130,636,505,166,1437,2304.0,671,0.46694502435629787
40301,Holdfast Bay,2023,502.0,20.0,522.0,1,102,223,157,483,1005.0,380,0.7867494824016563
40302,Marion,2023,900.0,45.0,945.0,5,248,502,451,1206,2151.0,953,0.7902155887230514
40303,Mitcham,2023,738.0,21.0,759.0,2,149,321,263,735,1494.0,584,0.7945578231292517
40304,Onkaparinga,2023,1490.0,108.0,1598.0,7,451,904,723,2085,3683.0,1627,0.7803357314148681
40401,Charles Sturt,2023,1222.0,89.0,1311.0,21,516,912,431,1880,3191.0,1343,0.7143617021276596
40402,Port Adelaide - West,2023,501.0,37.0,538.0,9,231,395,191,826,1364.0,586,0.7094430992736077
40403,West Torrens,2023,784.0,34.0,818.0,12,303,460,187,962,1780.0,647,0.6725571725571725
40501,Barossa,2023,320.0,9.0,329.0,8,122,110,55,295,624.0,165,0.559322033898305
40502,Lower North,2023,297.0,17.0,314.0,6,135,85,44,270,584.0,129,0.4777777777777778
40503,Mid North,2023,297.0,16.0,313.0,15,197,113,26,351,664.0,139,0.396011396011396
40504,Yorke Peninsula,2023,318.0,20.0,338.0,3,149,120,37,309,647.0,157,0.5080906148867314
40601,Eyre Peninsula and South West,2023,241.0,6.0,247.0,114,493,237,64,908,1155.0,301,0.3314977973568282
40602,Outback - North and East,2023,80.0,14.0,94.0,28,142,101,21,292,386.0,122,0.4178082191780822
40701,Fleurieu - Kangaroo Island,2023,582.0,31.0,613.0,89,674,464,212,1439,2052.0,676,0.4697706740792217
40702,Limestone Coast,2023,582.0,37.0,619.0,45,320,209,63,637,1256.0,272,0.42700156985871274
40703,Murray and Mallee,2023,560.0,31.0,591.0,32,509,444,244,1229,1820.0,688,0.5598047192839707
50101,"Augusta - Margaret River -
Busselton",2023,372.0,2.0,374.0,3,46,112,195,356,730.0,307,0.8623595505617978
50102,Bunbury,2023,673.0,15.0,688.0,1,134,279,350,764,1452.0,629,0.8232984293193717
50103,Manjimup,2023,118.0,7.0,125.0,0,25,60,90,175,300.0,150,0.8571428571428571
50201,Mandurah,2023,792.0,13.0,805.0,20,420,563,316,1319,2124.0,879,0.6664139499620925
50301,Cottesloe - Claremont,2023,720.0,41.0,761.0,5,89,203,229,526,1287.0,432,0.8212927756653993
50302,Perth City,2023,1477.0,33.0,1510.0,7,103,249,292,651,2161.0,541,0.8310291858678955
50401,Bayswater - Bassendean,2023,700.0,10.0,710.0,4,150,294,327,775,1485.0,621,0.8012903225806451
50402,Mundaring,2023,155.0,6.0,161.0,2,71,114,135,322,483.0,249,0.7732919254658385
50403,Swan,2023,514.0,7.0,521.0,5,202,278,286,771,1292.0,564,0.7315175097276264
50501,Joondalup,2023,613.0,4.0,617.0,36,376,377,251,1040,1657.0,628,0.6038461538461538
50502,Stirling,2023,1753.0,34.0,1787.0,50,578,743,594,1965,3752.0,1337,0.6804071246819339
50503,Wanneroo,2023,1045.0,9.0,1054.0,38,460,420,279,1197,2251.0,699,0.5839598997493735
50601,Armadale,2023,304.0,6.0,310.0,2,126,232,174,534,844.0,406,0.7602996254681648
50602,Belmont - Victoria Park,2023,530.0,10.0,540.0,12,152,163,275,602,1142.0,438,0.7275747508305648
50603,Canning,2023,1006.0,27.0,1033.0,18,221,266,309,814,1847.0,575,0.7063882063882064
50604,Gosnells,2023,644.0,7.0,651.0,21,213,296,371,901,1552.0,667,0.7402885682574917
50605,Kalamunda,2023,363.0,4.0,367.0,1,118,170,156,445,812.0,326,0.7325842696629213
50606,Serpentine - Jarrahdale,2023,67.0,0.0,67.0,2,21,47,53,123,190.0,100,0.8130081300813008
50607,South Perth,2023,790.0,18.0,808.0,12,78,107,147,344,1152.0,254,0.7383720930232558
50701,Cockburn,2023,769.0,22.0,791.0,0,120,266,503,889,1680.0,769,0.8650168728908887
50702,Fremantle,2023,585.0,32.0,617.0,2,58,120,246,426,1043.0,366,0.8591549295774648
50703,Kwinana,2023,127.0,0.0,127.0,0,35,89,148,272,399.0,237,0.8713235294117647
50704,Melville,2023,1030.0,40.0,1070.0,3,185,363,608,1159,2229.0,971,0.8377911993097498
50705,Rockingham,2023,702.0,9.0,711.0,3,288,416,292,999,1710.0,708,0.7087087087087087
50901,Albany,2023,381.0,9.0,390.0,5,110,271,298,684,1074.0,569,0.8318713450292398
50902,Wheat Belt - North,2023,134.0,3.0,137.0,7,205,411,403,1026,1163.0,814,0.7933723196881092
50903,Wheat Belt - South,2023,125.0,9.0,134.0,0,29,85,89,203,337.0,174,0.8571428571428571
51001,Kimberley,2023,100.0,3.0,103.0,1,83,48,26,158,261.0,74,0.46835443037974683
51002,East Pilbara,2023,34.0,0.0,34.0,0,4,16,13,33,67.0,29,0.8787878787878788
51003,West Pilbara,2023,14.0,1.0,15.0,0,7,14,9,30,45.0,23,0.7666666666666667
51101,Esperance,2023,60.0,1.0,61.0,1,13,36,30,80,141.0,66,0.825
51102,,2023,,,,0,6,9,8,23,23.0,17,0.7391304347826086
51103,Goldfields,2023,88.0,0.0,88.0,0,39,52,33,124,212.0,85,0.6854838709677419
51104,Mid West,2023,279.0,0.0,279.0,1,54,86,97,238,517.0,183,0.7689075630252101
60101,Brighton,2023,74.0,0.0,74.0,5,46,61,16,128,202.0,77,0.6015625
60102,Hobart - North East,2023,494.0,15.0,509.0,22,226,239,124,611,1120.0,363,0.5941080196399345
60103,Hobart - North West,2023,532.0,13.0,545.0,20,295,308,126,749,1294.0,434,0.5794392523364486
60104,Hobart - South and West,2023,191.0,2.0,193.0,14,149,141,63,367,560.0,204,0.555858310626703
60105,Hobart Inner,2023,568.0,25.0,593.0,6,146,155,94,401,994.0,249,0.6209476309226932
60106,Sorell - Dodges Ferry,2023,63.0,5.0,68.0,2,66,59,31,158,226.0,90,0.569620253164557
60201,Launceston,2023,1041.0,30.0,1071.0,49,325,341,196,911,1982.0,537,0.5894621295279913
60202,Meander Valley - West Tamar,2023,80.0,0.0,80.0,6,72,82,47,207,287.0,129,0.6231884057971014
60203,North East,2023,220.0,3.0,223.0,11,149,175,72,407,630.0,247,0.6068796068796068
60301,Central Highlands (Tas.),2023,17.0,1.0,18.0,2,28,44,12,86,104.0,56,0.6511627906976745
60302,Huon - Bruny Island,2023,87.0,4.0,91.0,16,95,92,42,245,336.0,134,0.5469387755102041
60303,South East Coast,2023,44.0,2.0,46.0,0,43,41,18,102,148.0,59,0.5784313725490197
60401,Burnie - Ulverstone,2023,500.0,24.0,524.0,38,258,264,134,694,1218.0,398,0.5734870317002881
60402,Devonport,2023,462.0,14.0,476.0,32,269,249,98,648,1124.0,347,0.5354938271604939
60403,West Coast,2023,75.0,12.0,87.0,10,56,52,31,149,236.0,83,0.5570469798657718
70101,Darwin City,2023,80.0,3.0,83.0,0,27,38,38,103,186.0,76,0.7378640776699029
70102,Darwin Suburbs,2023,156.0,4.0,160.0,0,76,127,104,307,467.0,231,0.752442996742671
70103,,2023,,,,1,20,36,36,93,93.0,72,0.7741935483870968
70104,Palmerston,2023,77.0,2.0,79.0,0,41,51,50,142,221.0,101,0.7112676056338029
70201,Alice Springs,2023,141.0,10.0,151.0,0,86,81,44,211,362.0,125,0.5924170616113744
70202,,2023,,,,1,5,1,2,9,9.0,3,0.3333333333333333
70203,,2023,,,,0,35,23,18,76,76.0,41,0.5394736842105263
70204,,2023,,,,0,69,36,21,126,126.0,57,0.4523809523809524
70205,Katherine,2023,40.0,5.0,45.0,0,20,25,12,57,102.0,37,0.6491228070175439
80101,Belconnen,2023,528.0,11.0,539.0,5,202,195,224,626,1165.0,419,0.6693290734824281
80103,,2023,,,,0,3,8,4,15,15.0,12,0.8
80104,,2023,,,,5,84,72,82,243,243.0,154,0.6337448559670782
80105,North Canberra,2023,288.0,12.0,300.0,6,98,110,120,334,634.0,230,0.688622754491018
80106,South Canberra,2023,360.0,6.0,366.0,5,60,80,77,222,588.0,157,0.7072072072072072
80107,Tuggeranong,2023,347.0,6.0,353.0,13,244,241,269,767,1120.0,510,0.6649282920469362
80108,Weston Creek,2023,354.0,5.0,359.0,0,58,63,90,211,570.0,153,0.7251184834123223
80109,Woden Valley,2023,503.0,16.0,519.0,2,112,109,97,320,839.0,206,0.64375
80110,,2023,,,,0,4,2,5,11,11.0,7,0.6363636363636364
90103,,2023,,,,1,5,1,2,9,9.0,3,0.3333333333333333
90104,,2023,,,,0,1,0,0,1,1.0,0,0.0
